decision,scope,title,authors,year,journal,publisher,doi,landing_url,pdf_url,discovered_in,queries,existing_source_id,existing_title_score,validation_basis
hold,Global interbasin-transfer literature,The Impact Mechanism of Inter‐Basin Water Transfer on Fish Assemblages Was Revealed Using a Model of Terminal Reservoirs,Zhenhao Cheng | Anxiang Wang | Yujing Cui | Lei Gao | Fei Cheng | Fengyue Shu | Songguang Xie,2025,Ecology and Evolution,Wiley,10.1002/ece3.72459,https://doi.org/10.1002/ece3.72459,https://doi.org/10.1002/ece3.72459,DOAJ,inter-basin water transfer,,0.6364,no resolving DOI or live landing page
eligible,Global interbasin-transfer literature,Impacts of water supply leakage and inter-basin water transfer on groundwater dynamics in Greater Jakarta,Wulan Seizarwati | Naota Hanasaki | Saritha Padiyedath Gopalan | Taikan Oki,2026,Journal of Hydrology: Regional Studies,Elsevier,10.1016/j.ejrh.2026.103121,http://www.sciencedirect.com/science/article/pii/S2214581826000194,http://www.sciencedirect.com/science/article/pii/S2214581826000194,Crossref | DOAJ,inter-basin water transfer,,0.75,resolving DOI
hold,Global interbasin-transfer literature,Justification criteria for Inter-Basin Water Transfer Projects,Laassilia Oussama | Ouazar Driss | Bouziane Ahmed | Hasnaoui Moulay Driss,2021,E3S Web of Conferences,EDP Sciences,10.1051/e3sconf/202131406001,https://www.e3s-conferences.org/articles/e3sconf/pdf/2021/90/e3sconf_wmad2021_06001.pdf,https://www.e3s-conferences.org/articles/e3sconf/pdf/2021/90/e3sconf_wmad2021_06001.pdf,Crossref | DOAJ,inter-basin water transfer,,0.625,no resolving DOI or live landing page
hold,Global interbasin-transfer literature,Legal Dimensions of Inter-Basin Water Transfer,Masoud Faryadi,2019,Faṣlnāmah-i Pizhūhish-i Huqūq-i ̒Umūmī,Allameh Tabataba'i University Press,10.22054/qjpl.2019.20557.1483,https://qjpl.atu.ac.ir/article_9962_239b2ec144bd934d450d0a0d35802abe.pdf,https://qjpl.atu.ac.ir/article_9962_239b2ec144bd934d450d0a0d35802abe.pdf,DOAJ,inter-basin water transfer,,0.7308,no resolving DOI or live landing page
eligible,Global interbasin-transfer literature,Optimization of inter-basin water transfer projects: from macroeconomic impacts to technical hydraulic design,Hamed Hamzekhani | S. Jamshid Mousavi | Mohammad Vesal,2026,Scientific Reports,Nature Portfolio,10.1038/s41598-026-49232-5,https://doi.org/10.1038/s41598-026-49232-5,https://doi.org/10.1038/s41598-026-49232-5,Crossref | DOAJ,inter-basin water transfer,,0.7,resolving DOI
eligible,Global interbasin-transfer literature,"Exploring optimal joint operating rules for large-scale inter-basin water transfer projects with multiple water sources, diversion routes, and water demand areas",Huayu Zhong | Tao Liao | Guohua Fang | Kang Ren | Shiwei Zhang,2023,Journal of Hydrology: Regional Studies,Elsevier,10.1016/j.ejrh.2023.101504,http://www.sciencedirect.com/science/article/pii/S221458182300191X,http://www.sciencedirect.com/science/article/pii/S221458182300191X,DOAJ,inter-basin water transfer,,0.625,resolving DOI
eligible,Global interbasin-transfer literature,Groundwater quality variability with inter-basin water transfer and overexploitation control in an agriculture-dominant subregion of North China Plain,Fei Liu | Congli Liu | Pinna Zhen | Xiaoshuai Guo | Shou Wang,2025,Agricultural Water Management,Elsevier,10.1016/j.agwat.2025.109660,http://www.sciencedirect.com/science/article/pii/S0378377425003749,http://www.sciencedirect.com/science/article/pii/S0378377425003749,DOAJ,inter-basin water transfer,,0.75,resolving DOI
hold,Global interbasin-transfer literature,Study on water resources optimal regulation of inter-basin water transfer project,Ma Jigang | Wang Haofang | Zhao Libin | Wei Song,2018,MATEC Web of Conferences,EDP Sciences,10.1051/matecconf/201824601006,https://doi.org/10.1051/matecconf/201824601006,https://doi.org/10.1051/matecconf/201824601006,Crossref | DOAJ,inter-basin water transfer,,0.6712,no resolving DOI or live landing page
hold,Global interbasin-transfer literature,Reservoir operation in the context of inter-basin water transfer,Maiara de Lemos Câmara | Joana Darc Freire de Medeiros | Adelena Gonçalves Maia,2022,RBRH,Associação Brasileira de Recursos Hídricos,10.1590/2318-0331.272220220055,http://www.scielo.br/scielo.php?script=sci_arttext&pid=S2318-03312022000100231&tlng=en,http://www.scielo.br/scielo.php?script=sci_arttext&pid=S2318-03312022000100231&tlng=en,Crossref | DOAJ,inter-basin water transfer,,0.7,no resolving DOI or live landing page
eligible,Global interbasin-transfer literature,The São Francisco inter-basin water transfer in Brazil: Tribulations of a megaproject through constraints and controversy,Philippe Roman,2017,Water Alternatives,Water Alternatives Association,,http://www.water-alternatives.org/index.php/alldoc/articles/vol10/v10issue2/361-a10-2-11/file,http://www.water-alternatives.org/index.php/alldoc/articles/vol10/v10issue2/361-a10-2-11/file,DOAJ,inter-basin water transfer,,0.75,live scholarly landing page
eligible,Global interbasin-transfer literature,Multi-objective optimization scheduling and inter-objective correlation analysis of large-scale inter-basin water transfer projects under a bidirectional lake operation model,Huayu Zhong | Shuyue Wu | Chaojun Sun | Guohua Fang | Xincai Wang,2026,Journal of Hydrology: Regional Studies,Elsevier,10.1016/j.ejrh.2026.103618,http://www.sciencedirect.com/science/article/pii/S2214581826005161,http://www.sciencedirect.com/science/article/pii/S2214581826005161,DOAJ,inter-basin water transfer,,0.75,resolving DOI
eligible,Global interbasin-transfer literature,Integrated inter-basin water transfer (IBWT) modeling for evaluating trade-offs in streamflow and water quality between recipient and donor basins,Yongwon Kim | Wonjin Kim | Soyoung Woo | Yonggwan Lee | Seongjoon Kim,2026,Journal of Hydrology: Regional Studies,Elsevier,10.1016/j.ejrh.2026.103350,http://www.sciencedirect.com/science/article/pii/S221458182600248X,http://www.sciencedirect.com/science/article/pii/S221458182600248X,DOAJ,inter-basin water transfer,,0.625,resolving DOI
eligible,Global interbasin-transfer literature,"Soft power, discourse coalitions, and the proposed inter-basin water transfer between Lake Chad and the Congo River",Ramazan Caner Sayan | Nidhi Nagabhatla | Marvel Ekwuribe,2020,Water Alternatives,Water Alternatives Association,,http://www.water-alternatives.org/index.php/alldoc/articles/vol13/v13issue3/586-a13-3-4/file,http://www.water-alternatives.org/index.php/alldoc/articles/vol13/v13issue3/586-a13-3-4/file,DOAJ,inter-basin water transfer,,0.625,live scholarly landing page
hold,Global interbasin-transfer literature,Navigating Climate Adaptation Boundaries for the World's Largest Inter‐Basin Water Transfer Projects,Yu Li | Xiang Fu | Zhipeng Fan | Xiaodan Zhao | Yi Zheng,2026,Water Resources Research,Wiley,10.1029/2025WR041103,https://doi.org/10.1029/2025WR041103,https://doi.org/10.1029/2025WR041103,Crossref | DOAJ,inter-basin water transfer,,0.5238,no resolving DOI or live landing page
hold,Global interbasin-transfer literature,Estimating Potential of Virtual Water in an Inter-basin Water Transfer,H. D | M.H N | M. A,2014,مهندسی منابع آب,"Marvdasht Branch, Islamic Azad University",,https://wej.marvdasht.iau.ir/article_310_aa691771dcefb948dc0f887145840135.pdf,https://wej.marvdasht.iau.ir/article_310_aa691771dcefb948dc0f887145840135.pdf,DOAJ,inter-basin water transfer,,0.625,no resolving DOI or live landing page
eligible,Global interbasin-transfer literature,Research on the Dispatching Rules of Inter-Basin Water Transfer Projects Based on the Two-Dimensional Scheduling Diagram,Siyu Cai | Long Sun | Qingtao Liu | Yi Ji | Hao Wang,2021,Frontiers in Earth Science,Frontiers Media S.A.,10.3389/feart.2021.664201,https://www.frontiersin.org/articles/10.3389/feart.2021.664201/full,https://www.frontiersin.org/articles/10.3389/feart.2021.664201/full,DOAJ,inter-basin water transfer,,0.6364,resolving DOI
eligible,Global interbasin-transfer literature,Derivation of conflict resolution rule-curves in multi-purpose multi-reservoir system for inter-basin water transfer during drought,S. Alahdin | H.R. Ghafouri | A. Haghighi,2018,Environmental Resources Research,Gorgan University of Agricultural Sciences and Natural Resources,10.22069/ijerr.2018.4147,https://ijerr.gau.ac.ir/article_4147_3f0acedbc3317b66be0702edbdecffa2.pdf,https://ijerr.gau.ac.ir/article_4147_3f0acedbc3317b66be0702edbdecffa2.pdf,DOAJ,inter-basin water transfer,,0.625,resolving DOI
eligible,Global interbasin-transfer literature,Study on public willingness and incentive mechanism of ecological compensation for inter-basin water transfer in China in the carbon neutral perspective,Zhuoyue Peng | Hangrong Pu | Xi Huang | Rui Zheng | Lin Xu,2022,Ecological Indicators,Elsevier,10.1016/j.ecolind.2022.109397,http://www.sciencedirect.com/science/article/pii/S1470160X22008706,http://www.sciencedirect.com/science/article/pii/S1470160X22008706,DOAJ,inter-basin water transfer,,0.75,resolving DOI
hold,Global interbasin-transfer literature,Economic Valuation Framework in Inter-Basin Water Transfer Projects Based on Network Analysis Process (ANP) Method,Mohamad Hosnavi Atashgah | Mehdi Yasi | Ebrahim Amiri Takaldani,2021,مهندسی منابع آب,"Marvdasht Branch, Islamic Azad University",10.30495/wej.2021.4592,https://wej.marvdasht.iau.ir/article_4592_29d9a0eb57f2e418ffa83cac8dcc36fe.pdf,https://wej.marvdasht.iau.ir/article_4592_29d9a0eb57f2e418ffa83cac8dcc36fe.pdf,DOAJ,inter-basin water transfer,,0.6,no resolving DOI or live landing page
hold,Global interbasin-transfer literature,Multi-scenario optimization model for operation of inter-basin water transfer-supply systems considering cost–benefit relationships,Minglin Cao | Weifeng Liu | Bin Xu | Lachun Wang | Yang Zhang | Yu Zhang,2023,Journal of Water and Climate Change,IWA Publishing,10.2166/wcc.2023.259,http://jwcc.iwaponline.com/content/14/8/2872,http://jwcc.iwaponline.com/content/14/8/2872,DOAJ,inter-basin water transfer,,0.625,no resolving DOI or live landing page
hold,Global interbasin-transfer literature,A Reservoir Operation Policy Using Inter-Basin Water Transfer for Maximizing Hydroelectric Benefits in Brazil,Anderson Passos de Aragão | Patrícia Teixeira Leite Asano | Ricardo de Andrade Lira Rabêlo,2020,Energies,MDPI AG,10.3390/en13102564,https://www.mdpi.com/1996-1073/13/10/2564,https://www.mdpi.com/1996-1073/13/10/2564,Crossref | DOAJ,inter-basin water transfer,,0.5314,no resolving DOI or live landing page
hold,Global interbasin-transfer literature,Investigating of Challenges and Opportunities of an Inter-Basin Water Transfer Project (Case Study: Desalination and Water Transfer from the Oman Sea to the Three Eastern Provinces of the Iran),Hadi Aghebat-Bekhair | Hamid Kardan Moghadam | Mohsen Pourreza-Bilondi,2022,Water Harvesting Research,University of Birjand,10.22077/jwhr.2023.5849.1075,https://jwhr.birjand.ac.ir/article_2372_b00af05652ec8ddd923ca2b87f918c67.pdf,https://jwhr.birjand.ac.ir/article_2372_b00af05652ec8ddd923ca2b87f918c67.pdf,DOAJ,inter-basin water transfer,,0.7692,no resolving DOI or live landing page
eligible,Global interbasin-transfer literature,Payments for Ecological Services of Water Sources for Inter-basin Water Transfer Based on Ecological Asset Value,WANG Hui | XU Song | WANG Jiaqing | YU Xinpeng | LI Xingpin | GOU Shaojie,2026,Renmin Zhujiang,Editorial Office of Pearl River,,http://www.renminzhujiang.cn/thesisDetails#10.3969/j.issn.1001-9235.2026.05.012,http://www.renminzhujiang.cn/thesisDetails#10.3969/j.issn.1001-9235.2026.05.012,DOAJ,inter-basin water transfer,,0.625,live scholarly landing page
eligible,Global interbasin-transfer literature,Assessment the Economic Damage of Inter-Basin Water Transfer on Cropping Pattern and Farmers’ Income Situation in the Origin Basin  (Case Study: Water Transfer of Alamoutrood to Qazvin Plain),A. Parhizkari | H. Taghizade Ranjbari | M. Shokatfadaee | A. Mahmoodi,2016,مجله اقتصاد و توسعه کشاورزی,Ferdowsi University of Mashhad,,http://jead.um.ac.ir/index.php/jead/article/view/48794,http://jead.um.ac.ir/index.php/jead/article/view/48794,DOAJ,inter-basin water transfer,,0.75,live scholarly landing page
eligible,Global interbasin-transfer literature,Assessing the impacts of inter-basin water transfer projects on ecosystem services in water source areas: Evidence from the Hanjiang River Basin,Nana Zhuang | Min Wang | Chenyi Shi | Shen Fu | Qiyuan Yang | Conghui Ding | Yiao Ouyang | Hai Liu,2025,PLoS ONE,Public Library of Science (PLoS),10.1371/journal.pone.0323068,https://www.ncbi.nlm.nih.gov/pmc/articles/PMC12124513/?tool=EBI,https://www.ncbi.nlm.nih.gov/pmc/articles/PMC12124513/?tool=EBI,Crossref | DOAJ,inter-basin water transfer,,0.7273,resolving DOI
hold,Global interbasin-transfer literature,The unintended effects of inter-basin water transfer policies on corporate research and development activities,Jichuan Sheng | Jing Xin | Weizong Tang,2022,Water Policy,IWA Publishing,10.2166/wp.2022.055,http://wpol.iwaponline.com/content/24/9/1497,http://wpol.iwaponline.com/content/24/9/1497,Crossref | DOAJ,inter-basin water transfer,,0.75,no resolving DOI or live landing page
hold,Global interbasin-transfer literature,Inter-basin water transfer green supply chain coordination with partial backlogging under random precipitation,Zhisong Chen | Huimin Wang,2021,Journal of Water and Climate Change,IWA Publishing,10.2166/wcc.2020.104,http://jwcc.iwaponline.com/content/12/1/296,http://jwcc.iwaponline.com/content/12/1/296,Crossref | DOAJ,inter-basin water transfer,,0.5,no resolving DOI or live landing page
eligible,Global interbasin-transfer literature,Community perception differences regarding ecosystem goods and services in reservoir landscapes with and without inter-basin water transfer: Implications for the Sustainable Development Goals.,Lucianna Marques Rocha Ferreira | Franciely Ferreira Paiva | Maria Eduarda Santana Veríssimo | Lívia Maria Osório de Sousa | Evaldo de Lira Azevêdo | José Etham de Lucena Barbosa | Joseline Molozzi,2025,PLoS ONE,Public Library of Science (PLoS),10.1371/journal.pone.0323670,https://doi.org/10.1371/journal.pone.0323670,https://doi.org/10.1371/journal.pone.0323670,DOAJ,inter-basin water transfer,,0.625,resolving DOI
hold,Global interbasin-transfer literature,Evolutionary Modeling of Risk Transfer for Safe Operation of Inter-Basin Water Transfer Projects Using Dempster–Shafer and Bayesian Network,Tianyu Fan | Qikai Li | Bo Wang | Zhiyong Li | Xiangtian Nie,2025,Systems,MDPI AG,10.3390/systems13121064,https://www.mdpi.com/2079-8954/13/12/1064,https://www.mdpi.com/2079-8954/13/12/1064,DOAJ,inter-basin water transfer,,0.75,no resolving DOI or live landing page
hold,Global interbasin-transfer literature,Inter-basin water transfer supply chain coordination with the fairness concern under capacity constraint and random precipitation,Zhisong Chen | Huimin Wang,2019,Marine Economics and Management,Emerald Publishing,10.1108/MAEM-06-2019-0003,https://www.emerald.com/insight/content/doi/10.1108/MAEM-06-2019-0003/full/pdf?title=inter-basin-water-transfer-supply-chain-coordination-with-the-fairness-concern-under-capacity-constraint-and-random-precipitation,https://www.emerald.com/insight/content/doi/10.1108/MAEM-06-2019-0003/full/pdf?title=inter-basin-water-transfer-supply-chain-coordination-with-the-fairness-concern-under-capacity-constraint-and-random-precipitation,DOAJ,inter-basin water transfer,,0.625,no resolving DOI or live landing page
eligible,Global interbasin-transfer literature,Analytical analysis for optimal operation of the recipient reservoir in inter-basin water transfer projects,ZHANG Chi | CHEN Xiaoxian | LI Yu | DING Wei,2018,Shui kexue jinzhan,Editorial Office of Advances in Water Science,10.14042/j.cnki.32.1309.2018.04.005,http://skxjz.nhri.cn/article/doi/10.14042/j.cnki.32.1309.2018.04.005,http://skxjz.nhri.cn/article/doi/10.14042/j.cnki.32.1309.2018.04.005,DOAJ,inter-basin water transfer,,0.7,resolving DOI
hold,Global interbasin-transfer literature,Correlation Analysis of Operational Safety Risks in Inter-Basin Water Transfer Projects Based on ISM-Copula,Tianyu Fan | Zhiyong Li | Qikai Li | Bo Wang | Xiangtian Nie,2026,Systems,MDPI AG,10.3390/systems14050477,https://www.mdpi.com/2079-8954/14/5/477,https://www.mdpi.com/2079-8954/14/5/477,DOAJ,inter-basin water transfer,,0.7,no resolving DOI or live landing page
eligible,Global interbasin-transfer literature,Optimal operation of inter basin water transfer under the form of water sources interconnection with connected tunnel,Xiangmin Ye | Yimin Wang | Aijun Guo | Xuebin Wang | Mingzhe Zhao | Bing He | Zhehao Li | Chen Niu | Quanwei Wang,2023,Journal of Hydrology: Regional Studies,Elsevier,10.1016/j.ejrh.2023.101320,http://www.sciencedirect.com/science/article/pii/S2214581823000071,http://www.sciencedirect.com/science/article/pii/S2214581823000071,Crossref | DOAJ,inter-basin water transfer,,0.625,resolving DOI
eligible,Global interbasin-transfer literature,Assessment of the Impacts of Inter-Basin Water Transfer on the Bed River Morphology in the Origin Basin (Case study: Zab River Basin),Ezatollah Ghanavati | Dawood Talebpoor Asl | Saeed Khezry,2016,جغرافیا و توسعه,University of Sistan and Baluchestan,10.22111/gdij.2016.2721,https://gdij.usb.ac.ir/article_2721_27332512c517f3fa9541c7159e5caf88.pdf,https://gdij.usb.ac.ir/article_2721_27332512c517f3fa9541c7159e5caf88.pdf,DOAJ,inter-basin water transfer,,0.8182,resolving DOI
hold,Global interbasin-transfer literature,Unraveling the Impact of Inter-Basin Water Transfer on Soil Salinity and Sodicity and the Crop Yield Response in the Karamay Irrigation District of China,Wei Liu | Xinwei Yin | Meng Zhu | Jutao Zhang | Wen Liu | Yingqing Su | Naying Chai | Yuhui Chen,2025,Agronomy,MDPI AG,10.3390/agronomy15061386,https://www.mdpi.com/2073-4395/15/6/1386,https://www.mdpi.com/2073-4395/15/6/1386,DOAJ,inter-basin water transfer,,0.75,no resolving DOI or live landing page
hold,Global interbasin-transfer literature,Optimal Operation of a Single Unit with an Adjustable Blade in an Interbasin Water Transfer Pumping Station Based on Successive Approximation Discretization for Blade Angle,Yi Gong | Jilin Cheng | Li Che | Liang Wang | Zaiyang Chen | Yongfeng Chen,2021,Shock and Vibration,Wiley,10.1155/2021/6691799,http://dx.doi.org/10.1155/2021/6691799,http://dx.doi.org/10.1155/2021/6691799,Crossref | DOAJ,interbasin water transfer,,0.5714,no resolving DOI or live landing page
hold,Global interbasin-transfer literature,Green Operations Management of Interbasin Water Transfer Project: An Extended Framework of Joint Pricing and Inventory Management,Huimin Wang | Liuyu Xue | Jianhui Peng | Gaofeng Liu | Zhisong Chen,2022,Discrete Dynamics in Nature and Society,Wiley,10.1155/2022/5927108,http://dx.doi.org/10.1155/2022/5927108,http://dx.doi.org/10.1155/2022/5927108,Crossref | DOAJ,interbasin water transfer,,0.5205,no resolving DOI or live landing page
eligible,Global interbasin-transfer literature,Ecological and environmental impacts of large-scale interbasin water transfer projects: A case study of the middle route of the south-to-north water diversion project,Ziyu Li | Xianqi Zhang | Xianliang Liu | Xiaoyan Wu | Xinyong Xu | Yuying Li | Shaobo Liu,2026,Agricultural Water Management,Elsevier,10.1016/j.agwat.2026.110524,http://www.sciencedirect.com/science/article/pii/S0378377426004051,http://www.sciencedirect.com/science/article/pii/S0378377426004051,Crossref | DOAJ,interbasin water transfer,,0.5455,resolving DOI
hold,Global interbasin-transfer literature,Freshwater fish richness baseline from the São Francisco Interbasin Water Transfer Project in the Brazilian Semiarid,Márcio J. Silva | Telton P. A. Ramos | Fernando R. Carvalho | Marcelo F. G. Brito | Robson T. C. Ramos | Ricardo S. Rosa | Jorge I. Sánchez-Botero | José L. C. Novaes | Rodrigo S. Costa | Sergio M. Q. Lima,2020,Neotropical Ichthyology,Sociedade Brasileira de Ictiologia,10.1590/1982-0224-2020-0063,http://www.scielo.br/scielo.php?script=sci_arttext&pid=S1679-62252020000400203&tlng=en,http://www.scielo.br/scielo.php?script=sci_arttext&pid=S1679-62252020000400203&tlng=en,Crossref | DOAJ,interbasin water transfer,,0.5304,no resolving DOI or live landing page
eligible,Global interbasin-transfer literature,Water barons for the water barren? A survey of interbasin water transfer laws in western states,Brad B. Castleberry | Ashleigh Acevedo,2017,Texas Water Journal,Texas Water Journal,10.21423/twj.v8i1.7060,https://twj-ojs-tdl.tdl.org/twj/index.php/twj/article/view/7060,https://twj-ojs-tdl.tdl.org/twj/index.php/twj/article/view/7060,Crossref | DOAJ,interbasin water transfer,,0.6164,resolving DOI
eligible,Global interbasin-transfer literature,"An integrated modeling framework for water accounting assessment in the Lake Tana Sub-Basin, Ethiopia: Impacts of interbasin water transfer",Kirubel Mekonnen | Naga Manohar Velpuri | Mansoor Leh | Komlavi Akpoti | Afua Owusu | Smaranika Mahapatra | Primrose Tinonetsana | Lahiru Madushanka | Tharindu Perera | Hailay Zeray Tedla | Mamaru Talema | Abdulkarim Seid,2026,Journal of Hydrology: Regional Studies,Elsevier,10.1016/j.ejrh.2026.103318,http://www.sciencedirect.com/science/article/pii/S2214581826002168,http://www.sciencedirect.com/science/article/pii/S2214581826002168,Crossref | DOAJ,interbasin water transfer,,0.625,resolving DOI
hold,Global interbasin-transfer literature,Ichthyofauna on the move: fish colonization and spread through the São Francisco Interbasin Water Transfer Project,Augusto Luís Bentinho Silva | Giancarlo Arraes Galvão | Aline Alves Ferreira da Rocha | Silvia Maria Millan Gutierre | Geiza Rodrigues dos Santos | Bruno Dourado Fernandes da Costa | Luiz Cezar Machado Pereira | Patricia Avello Nicola,2023,Neotropical Ichthyology,Sociedade Brasileira de Ictiologia,10.1590/1982-0224-2022-0016,http://www.scielo.br/scielo.php?script=sci_arttext&pid=S1679-62252023000100206&lng=en&tlng=en,http://www.scielo.br/scielo.php?script=sci_arttext&pid=S1679-62252023000100206&lng=en&tlng=en,Crossref | DOAJ,interbasin water transfer,,0.5118,no resolving DOI or live landing page
hold,Global interbasin-transfer literature,Joint Pricing and Inventory Management of Interbasin Water Transfer Supply Chain,Xue Chen | Zhisong Chen,2020,Complexity,Wiley,10.1155/2020/3954084,http://dx.doi.org/10.1155/2020/3954084,http://dx.doi.org/10.1155/2020/3954084,Crossref | DOAJ,interbasin water transfer,,0.6565,no resolving DOI or live landing page
eligible,Global interbasin-transfer literature,"Interbasin water transfer, riverine connectivity, and spatial controls on fish biodiversity.",Evan H Campbell Grant | Heather J Lynch | Rachata Muneepeerakul | Muthukumarasamy Arunachalam | Ignacio Rodríguez-Iturbe | William F Fagan,2012,PLoS ONE,Public Library of Science (PLoS),10.1371/journal.pone.0034170,http://europepmc.org/articles/PMC3314595?pdf=render,http://europepmc.org/articles/PMC3314595?pdf=render,Crossref | DOAJ,interbasin water transfer,,0.5595,resolving DOI
eligible,Iran basins/projects,Comparative analysis of machine learning models for predicting river water quality: a case study of the Zayandeh Rood River,Elham Fazel Najafabadi | Paria Shojaei | Mojgan Askarizadeh,2025,Results in Engineering,Elsevier,10.1016/j.rineng.2025.106665,http://www.sciencedirect.com/science/article/pii/S259012302502732X,http://www.sciencedirect.com/science/article/pii/S259012302502732X,Crossref | DOAJ,Zayandeh | Zayandeh Rood,,0.6667,resolving DOI
eligible,Iran basins/projects,Investigation of The Trend of Agricultural Land Use Changes in the Zayandeh Rood Watershed Using Google Earth Engine Platform,Pantea Lotfi | Mozhgan Ahmadi Nadoushan,2024,محیط زیست و توسعه فرابخشی,Research Center for Environment and Sustainable Development (RCESD),10.22034/envj.2024.421306.1323,https://www.envjournal.ir/article_190141_445ad55e2bfef8aace405b85aae4ef8b.pdf,https://www.envjournal.ir/article_190141_445ad55e2bfef8aace405b85aae4ef8b.pdf,DOAJ,Zayandeh,,0.5204,resolving DOI
eligible,Iran basins/projects,The Role of Agricultural Management in Sustaining Zayandeh-rud Flow,H. Emami Heidari | H. Jafari | Gh. Karami,2015,مجله آب و خاک,Ferdowsi University of Mashhad,10.22067/jsw.v0i0.21391,http://jsw.um.ac.ir/index.php/jsw/article/view/21391,http://jsw.um.ac.ir/index.php/jsw/article/view/21391,DOAJ,Zayandeh,,0.6667,resolving DOI
eligible,Iran basins/projects,Sociology of a crisis: The social pathology of the water crisis in the Zayandeh-Rood river basin,M. Talebi | M. Zokaie | M. Fazeli | M. Jomehpoor,2019,Interdisciplinary Studies in the Humanities,Iranian Institute for Social and Cultural Studies,10.22035/isih.2020.3652.3833,http://www.isih.ir/article_321_663603bc395f93bd486707d2204ecafc.pdf,http://www.isih.ir/article_321_663603bc395f93bd486707d2204ecafc.pdf,DOAJ,Zayandeh,,0.625,resolving DOI
eligible,Iran basins/projects,Quantitative Revelation of Regime Shifts in the Social-Ecological System of Zayandeh-Rud: Application of the Ball in the Basin Metaphor,Majid Rahimi | Mehdi Ghorbani,2025,محیط شناسی,University of Tehran,10.22059/jes.2025.388271.1008570,https://jes.ut.ac.ir/article_102383_2e60c0f291ab36014bfa22efa3935c71.pdf,https://jes.ut.ac.ir/article_102383_2e60c0f291ab36014bfa22efa3935c71.pdf,DOAJ,Zayandeh,,0.6667,resolving DOI
hold,Iran basins/projects,"Identification of Different Fish Species in Koohrang, Bazoft and Zayandeh Rood River in Chahar Mahal-e-Bakhtiary Province",H. Ghorbani chafi,1998,‬‭Majallah-i ̒Ilmī-i Shīlāt-i Īrān,Iranian Fisheries Research Organization,,http://isfj.areo.ir/article_116394_en.html,http://isfj.areo.ir/article_116394_en.html,DOAJ,Koohrang | Zayandeh,,0.4545,no resolving DOI or live landing page
eligible,Iran basins/projects,Study on the qualitative changes in water of Zayandeh Rood River using fuzzy logic,Fariba Rahpou | hasan ali gayoor | zoreh ragabi,2018,جغرافیا و توسعه,University of Sistan and Baluchestan,10.22111/gdij.2018.4171,https://gdij.usb.ac.ir/article_4171_4db952bf5bce85c8a14b3e8da48fee68.pdf,https://gdij.usb.ac.ir/article_4171_4db952bf5bce85c8a14b3e8da48fee68.pdf,DOAJ,Zayandeh,,0.5839,resolving DOI
eligible,Iran basins/projects,Water ecosystem health assessment of Zayandeh Rood,Samar Mortazavi | Golnar Makhfi | Akram Karimi | Siavash Rezazadeh | Mohamad Parsi Mehr,2023,Muhandisī-i Bihdāsht-i Muḥīṭ,Alborz University of Medical Sciences,10.61186/jehe.10.3.259,http://jehe.abzums.ac.ir/article-1-970-en.pdf,http://jehe.abzums.ac.ir/article-1-970-en.pdf,Crossref | DOAJ,Zayandeh | Zayandeh Rood | Zayandeh Rud,,0.7143,resolving DOI
hold,Iran basins/projects,Growth and reproductive characteristics of Squalius Lepidus Heckel 1843 in the Dimeh spring of Zayandeh-Rud River,N. Soofiani email ; S. Asadollah; A. Abdoli; S. Ahmadi; M. Pooramini,2011,‬‭Majallah-i ̒Ilmī-i Shīlāt-i Īrān,Iranian Fisheries Research Organization,,http://isfj.areo.ir/article_109997_en.html,http://isfj.areo.ir/article_109997_en.html,DOAJ,Zayandeh,,0.6667,no resolving DOI or live landing page
eligible,Iran basins/projects,Determining Thermal Stratification of Zayandeh Roud Dam Reservoirs Using Two-Dimensional CE-QUAL-W2 Model,Negar Varshabi | Ramtin Moeini,2024,Journal of Hydraulic Structures,Shahid Chamran University of Ahvaz,10.22055/jhs.2024.19073,https://jhs.scu.ac.ir/article_19073_26aeb1082be39af6184a87b3edd10d48.pdf,https://jhs.scu.ac.ir/article_19073_26aeb1082be39af6184a87b3edd10d48.pdf,DOAJ,Zayandeh,,0.487,resolving DOI
eligible,Iran basins/projects,"The Bivalve Corbicula fluminalis (Müller, 1774): an Indicator for Heavy Metals Accumulation in the Habitat of Zayandeh-Roud River",Hourieh Movahedi | Mehrdad Fattollahi | Esmaeil Pir Ali | Rasoul Zamani Ahmad Mahmoudi,2016,بوم‌شناسی آبزیان,University of Hormozgan,,http://jae.hormozgan.ac.ir/article-1-288-en.pdf,http://jae.hormozgan.ac.ir/article-1-288-en.pdf,DOAJ,Zayandeh,,0.5164,live scholarly landing page
eligible,Iran basins/projects,An Assessment of Drought Severity Using Drought Indices based on Potential Evapotranspiration-Based and the TOPSIS Multi-Criteria Decision-Making Model at Selected Stations within the Zayandeh-Rud River Basin, | Fatemeh Zolfaghari | Saeid Eslamian |  | Ali Reza Gohari |  | Mohammad Mahdi Matinzadeh |  | Sara Azadi | ,2025,علوم آب و خاک,Isfahan University of Technology,10.47176/jwss.29.2.64541,http://jstnar.iut.ac.ir/article-1-4443-en.pdf,http://jstnar.iut.ac.ir/article-1-4443-en.pdf,Crossref | DOAJ,Zayandeh | Zayandeh Rud,,0.625,resolving DOI
eligible,Iran basins/projects,"The Effect of Temporal Changes on the Ecosystem Health of Chehelkhane Sub-Watershed, the Zayandeh Roud Watershed",Zeinab Karimi | Ali Talebi,2026,پژوهشنامه مدیریت حوزه آبخیز,Sari Agricultural Sciences and Natural Resources University,,http://jwmr.sanru.ac.ir/article-1-1274-en.pdf,http://jwmr.sanru.ac.ir/article-1-1274-en.pdf,DOAJ,Zayandeh,,0.513,live scholarly landing page
hold,Iran basins/projects,Optimal water allocation of the Zayandeh-Roud Reservoir in Iran based on inflow projection under climate change scenarios,Fatemeh Saedi | Azadeh Ahmadi | Karim C. Abbaspour,2021,Journal of Water and Climate Change,IWA Publishing,10.2166/wcc.2021.219,http://jwcc.iwaponline.com/content/12/5/2068,http://jwcc.iwaponline.com/content/12/5/2068,DOAJ,Zayandeh,,0.6124,no resolving DOI or live landing page
hold,Iran basins/projects,Temporal and Spatial Variations of Relationship between Suspended load Concentration and Some Contaminants of the Zayandeh-Rud River,سیّدحمیدرضا صادقی | محبوبه کیانی‌هرچگانی | پری سعیدی,2015,مهندسی منابع آب,"Marvdasht Branch, Islamic Azad University",,https://wej.marvdasht.iau.ir/article_887_c371b6e2883f10c4d0532416558ad887.pdf,https://wej.marvdasht.iau.ir/article_887_c371b6e2883f10c4d0532416558ad887.pdf,DOAJ,Zayandeh,,0.5455,no resolving DOI or live landing page
hold,Iran basins/projects,"Population genetic of Petroleuciscus esfahani (Teleostei: Cyprinidae) in Zayandeh Rood River, Iran",Neda Shojaee | Salar Dorafshan | Nourollah Mirghaffari | Majid Talebi,2015,تاکسونومی و بیوسیستماتیک,University of Isfahan,,http://uijs.ui.ac.ir/tbj/browse.php?a_code=A-10-174-4&slc_lang=en&sid=1,http://uijs.ui.ac.ir/tbj/browse.php?a_code=A-10-174-4&slc_lang=en&sid=1,DOAJ,Zayandeh,,0.5,no resolving DOI or live landing page
eligible,Iran basins/projects,"Pollution and environmental risk assessment of potentially toxic elements in  surface sediments of Zayandeh-Rood River, Isfahan Province, Iran",Raed Shwetir Marvah | Atefeh Chamani,2023,Anthropogenic Pollution,OICC Press,10.22034/AP.2023.1992681.1165,http://oiccpress.com/ap/article/view/3498,http://oiccpress.com/ap/article/view/3498,DOAJ,Zayandeh,,0.5,resolving DOI
eligible,Iran basins/projects,A SURVEY OF WATER QUALITY IN THE ZAYANDEH ROOD RIVER,"
           M. Assadi | 
           P. Samar | 
           F. Moghadam | 
           M. Hakimipour | 
           R. Razmi",1976,Iranian Journal of Public Health,Tehran University of Medical Sciences,,https://ijph.tums.ac.ir/index.php/ijph/article/view/2413,https://ijph.tums.ac.ir/index.php/ijph/article/view/2413,DOAJ,Zayandeh,,0.7,live scholarly landing page
eligible,Iran basins/projects,"An Overview of the Hydrology of the Zayandeh Rud Basin, Iran",Hamid Reza Salemi | H. Murray Rust,2005,آب و فاضلاب,Water and Wastewater Consulting Engineers Research Development,,http://www.wwjournal.ir/article_2515_c4c80895381471babe2bab18deec03ee.pdf,http://www.wwjournal.ir/article_2515_c4c80895381471babe2bab18deec03ee.pdf,DOAJ,Zayandeh,,0.6667,live scholarly landing page
eligible,Iran basins/projects,Assessment of the Water Footprint of Large Industries in Zayandeh-Rud Watershed, | Meysam Askari Jabarabadi | Nourallal Mirghafari |  | Jahangir Abedi-Koupai | ,2025,علوم آب و خاک,Isfahan University of Technology,10.47176/jwss.29.2.65831,http://jstnar.iut.ac.ir/article-1-4465-en.pdf,http://jstnar.iut.ac.ir/article-1-4465-en.pdf,Crossref | DOAJ,Zayandeh | Zayandeh Rud,,0.6667,resolving DOI
eligible,Iran basins/projects,"Biodiversity of Aquatic Insects of Zayandeh Roud River and Its Branches, Isfahan Province, Iran.",Mansoreh Shayeghi | Hassan Vatandoost | Abdollah Gorouhi | Ali Reza Sanei-Dehkordi | Yaser Salim-Abadi | Mohsen Karami | Mohammad Reza Jalil-Navaz | Amir Ahmad Akhavan | Zahra Shiekh | Sajad Vatandoost | Mohammad Hossein Arandian,2014,Journal of Arthropod-Borne Diseases,Tehran University of Medical Sciences,,https://jad.tums.ac.ir/index.php/jad/article/view/212,https://jad.tums.ac.ir/index.php/jad/article/view/212,DOAJ,Zayandeh,,0.5359,live scholarly landing page
eligible,Iran basins/projects,Accuracy Analysis of Precipitation Regionalization Methods Based on Spatial Interpolation Techniques in Zayandeh-Rud River Basin,M. A. Amini |  | G. Torkan |  | S. S. Eslamian |  | M. J. Zareian |  | A. A. Besalatpour | ,2019,علوم آب و خاک,Isfahan University of Technology,10.29252/jstnar.23.1.2,http://jstnar.iut.ac.ir/article-1-3554-en.html,http://jstnar.iut.ac.ir/article-1-3554-en.html,Crossref | DOAJ,Zayandeh | Zayandeh Rud,,0.625,resolving DOI
eligible,Iran basins/projects,"Occurrence, Abundance and Characteristics of Microplastics in the Sediments of the Zayandeh- Rud River",Mokarrameh Behmanesh | Atefeh Chamani | Elham Chavoshi,2022,محیط زیست و توسعه فرابخشی,Research Center for Environment and Sustainable Development (RCESD),10.22034/envj.2022.159474,https://www.envjournal.ir/article_159474_36097c891050fb0f226b5d7fd3afce01.pdf,https://www.envjournal.ir/article_159474_36097c891050fb0f226b5d7fd3afce01.pdf,DOAJ,Zayandeh,,0.6667,resolving DOI
eligible,Iran basins/projects,A Preliminary Introduction to the Vascular Plants of Zayandeh-Rood River,Somayeh Mohaghegh Tabatabaei | Saeed Afsharzadeh | Shabnam Abbasi,2020,تاکسونومی و بیوسیستماتیک,University of Isfahan,10.22108/tbj.2020.125434.1129,https://tbj.ui.ac.ir/article_25192_596e09fe74d9d5b0b6871ab89c172afb.pdf,https://tbj.ui.ac.ir/article_25192_596e09fe74d9d5b0b6871ab89c172afb.pdf,DOAJ,Zayandeh,,0.5405,resolving DOI
eligible,Iran basins/projects,Comparison of wavelet-MLP and wavelet-GMDH models in forecasting EC and SAR at Zayandeh-Rood River,Masoud Karbasi | Saedeh Dindar,2018,علوم محیطی,Shahid Beheshti University,,https://envs.sbu.ac.ir/article_97979_3f67db32e81ea0f5fd0515c7cfe82d27.pdf,https://envs.sbu.ac.ir/article_97979_3f67db32e81ea0f5fd0515c7cfe82d27.pdf,DOAJ,Zayandeh,,0.5,live scholarly landing page
eligible,Iran basins/projects,Future runoff assessment under climate change and land-cover alteration scenarios: a case study of the Zayandeh-Roud dam upstream watershed,Azadeh Ahmadi | Jamshid Jalali | Ali Mohammadpour,2022,Hydrology Research,Elsevier,10.2166/nh.2022.056,http://hr.iwaponline.com/content/53/11/1372,http://hr.iwaponline.com/content/53/11/1372,DOAJ,Zayandeh,,0.5399,resolving DOI
hold,Iran basins/projects,Assessing Zayandeh-Rud Coasts Pollution with Plastic Wastes Based on Clean-Coast Index,Mokarrameh Behmanesh | Atefeh Chamani | Elham Chavoshi,2024,محیط زیست و مهندسی آب,Iranian Rainwater Catchment Systems Association,10.22034/ewe.2023.389483.1857,http://www.jewe.ir/article_177156_2c26b8a365e585908207902aefa09502.pdf,http://www.jewe.ir/article_177156_2c26b8a365e585908207902aefa09502.pdf,DOAJ,Zayandeh,,0.4375,no resolving DOI or live landing page
hold,Iran basins/projects,Species diversity and ecological studies Euglenophyta in the Zayandeh Rood lake dam,Masoumeh Shams | Saeed Afsharzadeh,2010,تاکسونومی و بیوسیستماتیک,University of Isfahan,,http://uijs.ui.ac.ir/tbj/browse.php?a_code=A-10-103-1&slc_lang=en&sid=1,http://uijs.ui.ac.ir/tbj/browse.php?a_code=A-10-103-1&slc_lang=en&sid=1,DOAJ,Zayandeh,,0.5,no resolving DOI or live landing page
eligible,Iran basins/projects,Taxonomical study of ciliates species (Order: Holotricha) in Zayandeh Rud River and the reservoirreservoir,saed mogtaba mirzaei,2023,بوم‌شناسی آبزیان,University of Hormozgan,,http://jae.hormozgan.ac.ir/article-1-991-en.pdf,http://jae.hormozgan.ac.ir/article-1-991-en.pdf,DOAJ,Zayandeh,,0.6667,live scholarly landing page
eligible,Iran basins/projects,Systematic analysis of factors affecting the water crisis in Zayandeh Rood watershed,Zakeyeh Aftabi | Mohammad Yousefi shatoori | Morad kaviani Rad,2025,کاوش‌های جغرافیایی مناطق بیابانی,Yazd University,10.22034/grd.2024.20710.1594,https://grd.yazd.ac.ir/article_3587_d1e83cf88c2fbf04590a5f6330602be4.pdf,https://grd.yazd.ac.ir/article_3587_d1e83cf88c2fbf04590a5f6330602be4.pdf,DOAJ,Zayandeh,,0.5,resolving DOI
eligible,Iran basins/projects,Estimating the Quality Index of Surface Waters Using Machine Learning Methods (Case Study: Zayandeh-Rood River), | M. Shayannejad | E. Fazel Najafabadi | F. Hatamian Jazi,2025,علوم آب و خاک,Isfahan University of Technology,10.47176/jwss.29.3.40413,http://jstnar.iut.ac.ir/article-1-4481-en.pdf,http://jstnar.iut.ac.ir/article-1-4481-en.pdf,Crossref | DOAJ,Zayandeh | Zayandeh Rood,,0.5039,resolving DOI
eligible,Iran basins/projects,Uncertainty Analysis of Climate Change Impacts on Streamflow Extremes in Zayandeh-Rud River by Bayesian Model Averaging,A. Alinezhad | A. Gohari | S. Eslamian | Z. Saberi,2019,علوم آب و خاک,Isfahan University of Technology,10.47176/jwss.23.4.38751,http://jstnar.iut.ac.ir/article-1-3882-en.html,http://jstnar.iut.ac.ir/article-1-3882-en.html,Crossref | DOAJ,Zayandeh | Zayandeh Rud,,0.6154,resolving DOI
eligible,Iran basins/projects,Compilation of Sustainable Agricultural Development Scenarios in Zayandeh-Rud River Watershed- Isfahan Province of Iran,Z. Zarei Dastgerdi | Kh. Kalantari | A. Asadi,2024,مجله اقتصاد و توسعه کشاورزی,Ferdowsi University of Mashhad,10.22067/jead.2024.89627.1292,https://jead.um.ac.ir/article_45964_01f2869c950b54b5b73feb4c5e65bb47.pdf,https://jead.um.ac.ir/article_45964_01f2869c950b54b5b73feb4c5e65bb47.pdf,DOAJ,Zayandeh,,0.5174,resolving DOI
eligible,Iran basins/projects,The Issue of Water and the Formation of Socio-Political Balance in the Development of Iranian Society (Case Study: Water Management System in Zayandeh-Rud Basin),Mehrdad Tohidi  | Taghi Azad Armaki  | Mohamad Tavakol  | Hamidreza Jalaeipour  | Ali Bagheri ,2023,علوم و مهندسی آب و فاضلاب,Iran Water and Wastewater Association,10.22112/JWWSE.2022.360412.1327,https://www.jwwse.ir/article_160617_8fd8942347915ea8f0461826a9f18b7d.pdf?lang=en,https://www.jwwse.ir/article_160617_8fd8942347915ea8f0461826a9f18b7d.pdf?lang=en,DOAJ,Zayandeh,,0.7273,resolving DOI
eligible,Iran basins/projects,Decadal Variation of Evaporation in Relation with the Variability of Some Climatic Elements in the Zayandeh Roud Basin,Narges Hesami | Hossein Asakereh | Kohzad Raispour,2023,کاوش‌های جغرافیایی مناطق بیابانی,Yazd University,10.22034/grd.2023.18986.1549,https://grd.yazd.ac.ir/article_3028_21604d88515cd9fe34eb914381b66512.pdf,https://grd.yazd.ac.ir/article_3028_21604d88515cd9fe34eb914381b66512.pdf,DOAJ,Zayandeh,,0.5124,resolving DOI
eligible,Iran basins/projects,Investigation of the Effective Factors on the Improvement of Stakeholders Relationships in the Zayandeh-Rud Basin,M. Ghorbanian | A.M. Liaghat | M. Fasihi Harandi,2023,علوم آب و خاک,Isfahan University of Technology,10.47176/jwss.27.1.47732,http://jstnar.iut.ac.ir/article-1-4272-en.pdf,http://jstnar.iut.ac.ir/article-1-4272-en.pdf,Crossref | DOAJ,Zayandeh | Zayandeh Rud,,0.6667,resolving DOI
eligible,Iran basins/projects,Doroodzan and Zayandeh-rood Irrigation Network Operation and Maintenance System,Hamid Reza Salemi | Mahmoud Javan,2005,آب و فاضلاب,Water and Wastewater Consulting Engineers Research Development,,http://www.wwjournal.ir/article_2493_668010fe69ee233ccfead39b4814cf4c.pdf,http://www.wwjournal.ir/article_2493_668010fe69ee233ccfead39b4814cf4c.pdf,DOAJ,Zayandeh,,0.4681,live scholarly landing page
eligible,Iran basins/projects,"Plant community responses to climate change in the Zayandeh-Rud Basin, Iran: Does woody plant encroachment follow global patterns?",Mahbobeh Hadinejad | Ali Asghar Naghipour | Ataollah Ebrahimi | Mostafa Tarkesh Esfahani | Babak Naimi,2026,BMC Ecology and Evolution,BMC,10.1186/s12862-026-02575-z,https://doi.org/10.1186/s12862-026-02575-z,https://doi.org/10.1186/s12862-026-02575-z,Crossref | DOAJ,Zayandeh | Zayandeh Rud,,0.6667,resolving DOI
eligible,Iran basins/projects,Prediction Zayandeh - Rood discharge using time series Case study: East of Isfahan  plain,Dr. Sedighe Kiyani Salmi | Dr. Sayyed Hedayatollah Nouri | Omid Sadrzadeh Khoyi,2016,جغرافیا و آمایش شهری منطقه‌ای,University of Sistan and Baluchistan,10.22111/gaij.2016.2267,https://gaij.usb.ac.ir/article_2267_d6c5526e8fbc54743752587e71a2a5d2.pdf,https://gaij.usb.ac.ir/article_2267_d6c5526e8fbc54743752587e71a2a5d2.pdf,DOAJ,Zayandeh,,0.5411,resolving DOI
eligible,Iran basins/projects,The Effect of Climate change on the Zayandeh-Rud River Basin’s temperature using a Bayesian machine learning Soft Computing Technique,"Sh. Kouhestani | S, Eslamian | A. Besalatpour",2017,علوم آب و خاک,Isfahan University of Technology,,http://jstnar.iut.ac.ir/article-1-3327-en.html,http://jstnar.iut.ac.ir/article-1-3327-en.html,DOAJ,Zayandeh,,0.625,live scholarly landing page
eligible,Iran basins/projects,Zoning Map of Drought Characteristics under Climate Change Scenario using Copula Method in the Zayandeh Roud River Catchment,Elaheh MotevaliBashi Naeini | Ali Mohammad Akhond Ali | Fereidon Radmanesh | Mohammadreza Sharifi | Jahangir Abedi Koupaei,2019,علوم و مهندسی آبیاری,Shahid Chamran University of Ahvaz,10.22055/jise.2017.20611.1485,http://jise.scu.ac.ir/article_14099_1e1a3d2e23e6c957d1a86b35977849b0.pdf,http://jise.scu.ac.ir/article_14099_1e1a3d2e23e6c957d1a86b35977849b0.pdf,DOAJ,Zayandeh,,0.6667,resolving DOI
hold,Iran basins/projects,WATER POLLUTION AND RIVER ALGAE: STUDY IN ZAYANDEH ROOD RIVER – ISFAHAN,H POUR MOGHADAS | S AFSHARZADEH | M SANIEI,2001,Journal of Research in Medical Sciences,Wolters Kluwer Medknow Publications,,http://journals.mui.ac.ir/jrms/article/view/3468,http://journals.mui.ac.ir/jrms/article/view/3468,DOAJ,Zayandeh,,0.6094,no resolving DOI or live landing page
eligible,Iran basins/projects,Impacts of spatio-temporal change of landscape patterns on habitat quality across Zayanderud Dam watershed in central Iran,Seyed Mohammad-reza Abolmaali | Mostafa Tarkesh | Seyed Alireza Mousavi | Hamidreza Karimzadeh | Saeid Pourmanafi | Sima Fakheran,2024,Scientific Reports,Nature Portfolio,10.1038/s41598-024-59407-7,https://doi.org/10.1038/s41598-024-59407-7,https://doi.org/10.1038/s41598-024-59407-7,Crossref | DOAJ,Zayanderud,,0.5328,resolving DOI
eligible,Iran basins/projects,Modeling Hydrologic Consequences of Land Use and Climate Changes: The Case of Zayanderud Basin,Bahram Ghenaati | Mahdi Ahmadi,2023,AUT Journal of Modeling and Simulation,Amirkabir University of Technology,10.22060/miscj.2024.22881.5347,https://miscj.aut.ac.ir/article_5432_4366b7d8d08a508600f8dc38e09e6669.pdf,https://miscj.aut.ac.ir/article_5432_4366b7d8d08a508600f8dc38e09e6669.pdf,DOAJ,Zayanderud,,0.6163,resolving DOI
eligible,Iran basins/projects,"Effective Factors in Sustainable Design of River Ecological Landscape According to Amount of Water and Seasonal Drought (Case study: Zayandehrud River, Isfahan)",faezeh ghezavi | dr.mehdi haghighatbin | dr.mohammad reza bemanian,2019,جغرافیا و آمایش شهری منطقه‌ای,University of Sistan and Baluchistan,10.22111/gaij.2019.4709,https://gaij.usb.ac.ir/article_4709_c72d843160b4b33e49f91e7ac4dac716.pdf,https://gaij.usb.ac.ir/article_4709_c72d843160b4b33e49f91e7ac4dac716.pdf,DOAJ,Zayandehrud,,0.502,resolving DOI
eligible,Iran basins/projects,Evaluation of Crude Oil Toxicity in Zayandehrud Dam and Water Treated from Isfahan Water Treatment Plant Using Daphnia Magna and Bioassay,Mohsen Sadani | Hossien Movahedian | Behzad Jaberian | Maryam Faraji | Ehsan Abooi,2011,آب و فاضلاب,Water and Wastewater Consulting Engineers Research Development,,http://www.wwjournal.ir/article_840_9b2e291d041f54b2bbdf3693fc410bad.pdf,http://www.wwjournal.ir/article_840_9b2e291d041f54b2bbdf3693fc410bad.pdf,DOAJ,Zayandehrud,,0.4444,live scholarly landing page
hold,Iran basins/projects,INTRODUCING OF GASTROPODA AND PELECYPODA OF ZAYANDEHRUD RIVER,I. Maghfori moghadam,2004,‬‭Majallah-i ̒Ilmī-i Shīlāt-i Īrān,Iranian Fisheries Research Organization,,http://isfj.areo.ir/article_113753_en.html,http://isfj.areo.ir/article_113753_en.html,DOAJ,Zayandehrud,,0.5714,no resolving DOI or live landing page
eligible,Iran basins/projects,"Longing for a flow: Nostalgia, restoration, and politics in the Zayandehrud River, Iran",Soroush Talebi Eskandari,2026,Journal of Political Ecology,University of Arizona Libraries,10.2458/jpe.10256,https://journals.librarypublishing.arizona.edu/jpe/article/id/10256/,https://journals.librarypublishing.arizona.edu/jpe/article/id/10256/,Crossref | DOAJ,Zayandehrud,,0.5747,resolving DOI
eligible,Iran basins/projects,"Determination of the Boundaries of Zayandehrud River Bed Using Arc GIS, HEC-RAS and Hec-GeoRAS Extension",J. Abedi Koupai | B. Babaiee,2019,علوم آب و خاک,Isfahan University of Technology,10.47176/jwss.23.4.49820,http://jstnar.iut.ac.ir/article-1-2985-en.html,http://jstnar.iut.ac.ir/article-1-2985-en.html,Crossref | DOAJ,Zayandehrud,,0.4946,resolving DOI
eligible,Iran basins/projects,Application of Optimum Sodium Ferrate in Zayandehrud River Water Turbidity Removal (Normal and High Turbidity),Hamid Momtazpour | Aliakbar Azimi | Sahand Jorfi | Tayebe Tabatabaie | Abdolrahim Pazira,2019,آب و فاضلاب,Water and Wastewater Consulting Engineers Research Development,10.22093/wwj.2017.97917.2489,http://www.wwjournal.ir/article_68894_74bcc229a471a69690ca716e2aa910eb.pdf,http://www.wwjournal.ir/article_68894_74bcc229a471a69690ca716e2aa910eb.pdf,DOAJ,Zayandehrud,,0.4751,resolving DOI
eligible,Iran basins/projects,Macrobenthos of lower Zayandehrud River,Eisa Ebrahimi | Nasrollah Mahboobi Soofiani | Yazdan Keivany,2015,بوم‌شناسی آبزیان,University of Hormozgan,,http://jae.hormozgan.ac.ir/article-1-88-en.pdf,http://jae.hormozgan.ac.ir/article-1-88-en.pdf,DOAJ,Zayandehrud,,0.6022,live scholarly landing page
eligible,Iran basins/projects,Improving the Quality-of-Life Assessment Model Based on the Capacities of Urban Rivers (Case Study: Zayandehrud River and Isfahan City),Narges Soltani | Parvin Partovi | Daryoush Moradi Chadegani,2025,توسعه پایدار شهری,Daneshpajoohan Pishro Higher Education Institute,10.22034/usd.2024.2008549.1096,https://usdjournal.daneshpajoohan.ac.ir/article_710188_edc382a17859dab928fb4b854d99c4d1.pdf,https://usdjournal.daneshpajoohan.ac.ir/article_710188_edc382a17859dab928fb4b854d99c4d1.pdf,DOAJ,Zayandehrud,,0.5385,resolving DOI
eligible,Iran basins/projects,Effect of colloidal silver nanoparticles and silver nitrate on hematological indices of Zayandehrud Chub (Petroleuciscus esfahani),Meysam Raki | Fatemeh Paykan Heyrati | Salar Dorafshan,2016,بوم‌شناسی آبزیان,University of Hormozgan,,http://jae.hormozgan.ac.ir/article-1-212-en.pdf,http://jae.hormozgan.ac.ir/article-1-212-en.pdf,DOAJ,Zayandehrud,,0.436,live scholarly landing page
eligible,Iran basins/projects,Assessing the Impact of Climate Change on Water Conflicts and the Perception of Water Specialists regarding Conflict Management Strategies in ZayandehRud sub-basins,Ladan Naderi | Esmail Karamidehkordi | Mohammad Badsar | Mehrdad Moghadas,2025,مطالعات مدیریت توسعه سبز,University of Birjand,10.22077/jgdms.2024.7373.1140,https://gmd.birjand.ac.ir/article_3317_60a27b258d59a409fa2c1e766ce6d4bc.pdf,https://gmd.birjand.ac.ir/article_3317_60a27b258d59a409fa2c1e766ce6d4bc.pdf,DOAJ,Zayandehrud,,0.6471,resolving DOI
eligible,Iran basins/projects,Paradigmatic Pattern of Cultural Resilience in Zayandehrud Water Shortage Crisis,Majid Raoufi Borojeni | Siamak Koorang Beheshti | Ali Rashidpoor,2024,آب و توسعه پایدار,Ferdowsi University of Mashhad,10.22067/jwsd.v11i1.2312-1289,https://jwsd.um.ac.ir/article_45314_76be17071a90620860a347e51313ed28.pdf,https://jwsd.um.ac.ir/article_45314_76be17071a90620860a347e51313ed28.pdf,DOAJ,Zayandehrud,,0.5,resolving DOI
hold,Iran basins/projects,"Spatiotemporal Variations of Water Quality in the Zayandehrud River, Iran",Mohammad Reza Fadaei Tehrani | Mojgan Mirzaei,2024,Iranian Journal of Chemistry & Chemical Engineering,Iranian Institute of Research and Development in Chemical Industries (IRDCI)-ACECR,10.30492/ijcce.2024.2022035.6430,https://ijcce.ac.ir/article_713398_8407bfa4dd6c256c5254ee8f3d13827e.pdf,https://ijcce.ac.ir/article_713398_8407bfa4dd6c256c5254ee8f3d13827e.pdf,DOAJ,Zayandehrud,,0.6258,no resolving DOI or live landing page
eligible,Iran basins/projects,Evaluation of the Mutual Effects of the Environmental Heritage Values of the Zayandehrud River in Isfahan and the Quality of Life (QOL) of Surrounding Residents,Narges Soltani | Parvin Partovi | Daryoush Moradi Chadegani,2023,برنامه ریزی فضایی,University of Isfahan,10.22108/sppl.2023.137282.1717,https://sppl.ui.ac.ir/article_27555_7cda5856c548779960f0d5b479d943a0.pdf,https://sppl.ui.ac.ir/article_27555_7cda5856c548779960f0d5b479d943a0.pdf,DOAJ,Zayandehrud,,0.5455,resolving DOI
hold,Iran basins/projects,"Seasonal variations of plankton structure as bioindicators in Zayandehrud Dam Lake, Iran",Dorche Eisa Ebrahimi | Shahraki Mojgan Zare | Farhadian Omidvar | Keivany Yazdan,2018,Limnological Review,MDPI AG,10.2478/limre-2018-0017,https://doi.org/10.2478/limre-2018-0017,https://doi.org/10.2478/limre-2018-0017,Crossref | DOAJ,Zayandehrud,,0.525,no resolving DOI or live landing page
eligible,Iran basins/projects,Investigating the Chaotic Nature of Flow the Upstream and Downstream of Zayandehrud-Dam Reservoir Using Chaotic Systems’ Criteria,M. Boustani | F. Mousavi | H. Karami | S. Farzin,2019,علوم آب و خاک,Isfahan University of Technology,10.47176/jwss.23.4.37381,http://jstnar.iut.ac.ir/article-1-3546-en.html,http://jstnar.iut.ac.ir/article-1-3546-en.html,Crossref | DOAJ,Zayandehrud,,0.5,resolving DOI
eligible,Iran basins/projects,Investigation of Sediments in the Zayandehrud Reservoir through Area-increment and Area-reduction Empirical Models,Sayed-Farhad Mousavi | Manuchehr Haidarpour | Saeid Shabanlou,2006,آب و فاضلاب,Water and Wastewater Consulting Engineers Research Development,,http://www.wwjournal.ir/article_2323_72e3d8cbe16a0cf2001fa31fea5af87b.pdf,http://www.wwjournal.ir/article_2323_72e3d8cbe16a0cf2001fa31fea5af87b.pdf,DOAJ,Zayandehrud,,0.4556,live scholarly landing page
eligible,Iran basins/projects,Investigation of Administrative-Institutional System of Water Management in the Zayandehrud Basin Using Qualitative Method of Grounded Theory,Sajad Enteshari | Hamidreza Safavi,2020,آب و فاضلاب,Water and Wastewater Consulting Engineers Research Development,10.22093/wwj.2019.149029.2749,http://www.wwjournal.ir/article_92018_7c30a546882a36a322edbde33aadeda8.pdf,http://www.wwjournal.ir/article_92018_7c30a546882a36a322edbde33aadeda8.pdf,DOAJ,Zayandehrud,,0.6,resolving DOI
hold,Iran basins/projects,Genome-Wide Analysis of Oceanimonas sp. GK1 Isolated from Gavkhouni Wetland (Iran) Demonstrates Presence of Genes for Virulence and Pathogenicity,Laleh Parsa Yeganeh | Reza Azarbaijani | Hossein Mousavi | Seyed Abolhassan Shahzadeh Fazeli | Mohammad Ali Amoozgar | Ghasem Hosseini Salekdeh,2015,Cell Journal,"Royan Institute (ACECR), Tehran",,http://celljournal.org/web/journal/article/1158/download,http://celljournal.org/web/journal/article/1158/download,DOAJ,Gavkhouni,,0.4424,no resolving DOI or live landing page
eligible,Global interbasin-transfer literature,"Using of Landsat 7 Satellite Images and G.I.S Technic in Study of 
Gavkhuni Playa Paleo Domains",mohamad hosein ramesht | abdolah seif,2004,جغرافیا و توسعه,University of Sistan and Baluchestan,10.22111/gdij.2004.3890,https://gdij.usb.ac.ir/article_3890_908aba1ea59a1734e720a3831cd76008.pdf,https://gdij.usb.ac.ir/article_3890_908aba1ea59a1734e720a3831cd76008.pdf,DOAJ,Gavkhuni,,0.4265,resolving DOI
eligible,Global interbasin-transfer literature,Drought analysis in the Lakes of Iran (Case study: Lake Urmia and Gavkhuni Swamp),Tayebeh Akbari Azirani,2022,Sustainable Earth Trends,Shahid Beheshti University,10.48308/ser.2023.231570.1010,https://sustainearth.sbu.ac.ir/article_103998_66a28fec4cc62d0216c445a224f46687.pdf,https://sustainearth.sbu.ac.ir/article_103998_66a28fec4cc62d0216c445a224f46687.pdf,DOAJ,Gavkhuni,,0.5556,resolving DOI
hold,Global interbasin-transfer literature,"The archaeological landscape of the western Gavkhuni plains, Isfahan Province, Iran, in the Early Bronze Age",Yaser Jebreili | Babak Rafiei-Alavi | Ali Shojaee-Esfahani,2026,Documenta Praehistorica,University of Ljubljana Press (Založba Univerze v Ljubljani),10.4312/dp.53.7,https://journals.uni-lj.si/DocumentaPraehistorica/article/view/23775,https://journals.uni-lj.si/DocumentaPraehistorica/article/view/23775,Crossref | DOAJ,Gavkhuni,,0.4444,no resolving DOI or live landing page
eligible,Iran basins/projects,Evaluating the Efficiency of Tragacanth Coagulant Aid in Removing Colloidal Materials and Suspended Solids Creating Turbidity from Karun River Water,Majid  Farhadi | Afshin Takdastan | Roghayeh Baghbany,2016,Journal of Environmental Health and Sustainable Development,Shahid Sadoughi University of Medical Sciences,,http://jehsd.ssu.ac.ir/browse.php?a_code=A-10-1-1&slc_lang=en&sid=1,http://jehsd.ssu.ac.ir/browse.php?a_code=A-10-1-1&slc_lang=en&sid=1,DOAJ,Karun River,,0.4545,live scholarly landing page
eligible,Iran basins/projects,"Evaluation of Water Quality of the Karun River in Ahvaz, Iran Based on Biological Indicators (Daphnia and Crustaceans)",Abdolkazem Neisi | Mana Ghanbari | Vafa Hamid | Seyedeh Leila Dehghani | Majid Farhadi,2024,"Iranian Journal of Health, Safety and Environment","Iranian Journal of Health, Safety and Environment",,https://ijhse.ir/index.php/IJHSE/article/view/556,https://ijhse.ir/index.php/IJHSE/article/view/556,DOAJ,Karun River,,0.6,live scholarly landing page
eligible,Iran basins/projects,Application of Fluvial-12 model for calculation of maximum deformation in cross sections of tidal rivers (the Karun River in Iran),Arash Adib | Hesam Foladfar | Nastaran Argashi,2019,Acta Scientiarum: Technology,Universidade Estadual de Maringá,10.4025/actascitechnol.v41i1.39539,http://periodicos.uem.br/ojs/index.php/ActaSciTechnol/article/view/39539,http://periodicos.uem.br/ojs/index.php/ActaSciTechnol/article/view/39539,DOAJ,Karun River,,0.5,resolving DOI
eligible,Iran basins/projects,Identifying the threshold of variables affecting flood zones using machine learning technique (Case study:  the downstream region of the Karun River),Mohamad Kazemi | Atefeh Jafarpoor,2024,مدل‌سازی و مدیریت آب و خاک,University of Mohaghegh Ardabili,10.22098/mmws.2023.12285.1220,https://mmws.uma.ac.ir/article_2101_f35dae71998c82430ba02a60d3dfa98f.pdf,https://mmws.uma.ac.ir/article_2101_f35dae71998c82430ba02a60d3dfa98f.pdf,DOAJ,Karun River,,0.425,resolving DOI
hold,Iran basins/projects,Flow and Sediment Assessment in a cut off Meander of karun River using CCHE2D Model,Sajad Zanpour | m sh | Farhad Khamchin | Mohammad Reza Zayeri,2018,مهندسی منابع آب,"Marvdasht Branch, Islamic Azad University",,https://wej.marvdasht.iau.ir/article_3230_f45063e554faa4f6ae8f0c2bfc2650fa.pdf,https://wej.marvdasht.iau.ir/article_3230_f45063e554faa4f6ae8f0c2bfc2650fa.pdf,DOAJ,Karun River,,0.5833,no resolving DOI or live landing page
eligible,Iran basins/projects,Trend analysis of water quality variation of the Karun River using the Mann-Kendall test and geographic information system (GIS),mohammad reza ansari | ashkan yusefi,2024,مدل‌سازی و مدیریت آب و خاک,University of Mohaghegh Ardabili,10.22098/mmws.2023.13312.1322,https://mmws.uma.ac.ir/article_2340_aecd70d250e695477bca664390cb414a.pdf,https://mmws.uma.ac.ir/article_2340_aecd70d250e695477bca664390cb414a.pdf,DOAJ,Karun River,,0.5,resolving DOI
eligible,Iran basins/projects,Environmental Fate of Nutrients in the Karun River Using the AQUATAX Model,Mohsen Davoudi | Azita Koushafar | Fatemeh Karimi Organi | Hosein Fathian | Hadide Maboudi,2025,Journal of Advances in Environmental Health Research,Kurdistan University of Medical Sciences,10.34172/jaehr.1412,https://jaehr.muk.ac.ir/article_230822_fbbb4d6469fabee24e5c30ab8374ea07.pdf,https://jaehr.muk.ac.ir/article_230822_fbbb4d6469fabee24e5c30ab8374ea07.pdf,DOAJ,Karun River,,0.5244,resolving DOI
eligible,Iran basins/projects,"Comparison of the Gen Expression Programming, Nonlinear Time Series and Artificial Neural Network in Estimating the River Daily Flow  (Case Study: The Karun River)",R. Zamani | F. Ahmadi | F. Radmanesh,2015,مجله آب و خاک,Ferdowsi University of Mashhad,10.22067/jsw.v0i0.32553,http://jsw.um.ac.ir/index.php/jsw/article/view/32553,http://jsw.um.ac.ir/index.php/jsw/article/view/32553,DOAJ,Karun River,,0.5,resolving DOI
eligible,Iran basins/projects,"First record of Odonata nymphs from Karun River, south-west Iran",Mehdi Esfandiari | Saber Sadeghi | Amir Khadempour,2014,Iranian Journal of Animal Biosystematics,Ferdowsi University of Mashhad,10.22067/ijab.v10i2.36694,https://ijab.um.ac.ir/article_26990_7d1ff140c4087009ea5b7660361634ed.pdf,https://ijab.um.ac.ir/article_26990_7d1ff140c4087009ea5b7660361634ed.pdf,DOAJ,Karun River,,0.4255,resolving DOI
eligible,Iran basins/projects,"Feeding indices of Planiliza abu (Heckel, 1843) in Karun River, Southwestern Iran",Miaad Jorfipour | Yazdan Keivany | Fatemeh Paykan-Heyrati | Zaniar Ghafoori,2022,Caspian Journal of Environmental Sciences,University of Guilan,10.22124/cjes.2022.5721,https://cjes.guilan.ac.ir/article_5721_00e8c09edc4696bfcd75b61f6b1da069.pdf,https://cjes.guilan.ac.ir/article_5721_00e8c09edc4696bfcd75b61f6b1da069.pdf,DOAJ,Karun River,,0.4615,resolving DOI
eligible,Iran basins/projects,Estimation of Sediment Transport Rate of Karun River (Iran),Navideh Najafpour | Samad Emamgholizadeh | Hasan Torabi Podeh | Amir Hamzeh Haghiabi,2016,Journal of Hydraulic Structures,Shahid Chamran University of Ahvaz,10.22055/jhs.2016.12874,http://jhs.scu.ac.ir/article_12874_403ec32e3a84995e14e75041d7356b0e.pdf,http://jhs.scu.ac.ir/article_12874_403ec32e3a84995e14e75041d7356b0e.pdf,DOAJ,Karun River,,0.4754,resolving DOI
eligible,Iran basins/projects,Evaluation of effect factors on water quality of Karun River in downstream and lake of the Gotvand-e-Olya Dam (SW Iran),M. Jahangiry Fard | H. Amanipoor | S. Battaleb-Looie | K. Ghanemi,2019,Applied Water Science,SpringerOpen,10.1007/s13201-019-1040-7,http://link.springer.com/article/10.1007/s13201-019-1040-7,http://link.springer.com/article/10.1007/s13201-019-1040-7,DOAJ,Karun River,,0.6,resolving DOI
hold,Iran basins/projects,Regional Frequency Analysis of Low Flow in Parts of the Northern Karun River Basin in Chaharmahal and Bakhtiari Province,Afshin Honarbakhsh | Mahbobeh Chogan | Rafat Zare Bidaki | Mehdi Pazhuhesh,2019,محیط زیست و مهندسی آب,Iranian Rainwater Catchment Systems Association,10.22034/jewe.2018.112538.1220,http://www.jewe.ir/article_80029_4c09c767607a53627740f21e4c57faf7.pdf,http://www.jewe.ir/article_80029_4c09c767607a53627740f21e4c57faf7.pdf,DOAJ,Karun River,,0.5,no resolving DOI or live landing page
eligible,Iran basins/projects,"Integrating piecewise and symbolic regression with remote sensing data for spatiotemporal analysis of surface water total dissolved solids in the Karun River, Iran",Javad Zahiri | Mohammad Reza Nikoo | Adell Moradi-Sabzkouhi | Mitra Cheraghi | Nazmi Mat Nawi,2025,Results in Engineering,Elsevier,10.1016/j.rineng.2025.104159,http://www.sciencedirect.com/science/article/pii/S2590123025002476,http://www.sciencedirect.com/science/article/pii/S2590123025002476,DOAJ,Karun River,,0.6,resolving DOI
eligible,Iran basins/projects,Estimating Suspended Sediment Concentration Using Remote Sensing and Artificial Neural Network (Case Study: Karun River),Z. Mollaee | J. Zahiri | S. Jalili | M. R. Ansari | A. Taghizadeh,2018,علوم آب و خاک,Isfahan University of Technology,,http://jstnar.iut.ac.ir/article-1-3421-en.html,http://jstnar.iut.ac.ir/article-1-3421-en.html,DOAJ,Karun River,,0.4409,live scholarly landing page
eligible,Iran basins/projects,Study and Zoning The Karun River Sediment Contamination by alkylphenolic compounds as Endocrine disrupting compounds (EDCs),A.A Babaei | Z Nazari | E Ahmadpour | M Hosseinzadeh,2014,سلامت و محیط,Tehran University of Medical Sciences,,http://ijhe.tums.ac.ir/browse.php?a_code=A-10-25-5092&slc_lang=en&sid=1,http://ijhe.tums.ac.ir/browse.php?a_code=A-10-25-5092&slc_lang=en&sid=1,DOAJ,Karun River,,0.3874,live scholarly landing page
hold,Iran basins/projects,Assessing Annual and Seasonal Precipitation Trends in the Karun River Basin Using Co-Kriging: An Over 60-Year Analysis,Amin Khoramian,2024,Water Harvesting Research,University of Birjand,10.22077/jwhr.2025.8070.1150,https://jwhr.birjand.ac.ir/article_3216_d731eabcd4d5cb7c8787c099e8f0b6b2.pdf,https://jwhr.birjand.ac.ir/article_3216_d731eabcd4d5cb7c8787c099e8f0b6b2.pdf,DOAJ,Karun River,,0.4574,no resolving DOI or live landing page
eligible,Iran basins/projects,Detection of the BK virus in urban wastewater inlets into the Karun River,Parvaneh Bahrami | Afshin Takdastan | Manoochehr Makvandi | Sahand Jorfi | Mohammad Karimi Baba Ahmadi | Abdolkazem Neisi,2025,Iranian Journal of Microbiology,Tehran University of Medical Sciences,10.18502/ijm.v17i6.20371,https://ijm.tums.ac.ir/index.php/ijm/article/view/5292,https://ijm.tums.ac.ir/index.php/ijm/article/view/5292,DOAJ,Karun River,,0.5362,resolving DOI
eligible,Iran basins/projects,Investigating Pareto Front Extreme Policies Using Semi-distributed Simulation Model for Great Karun River Basin,Seyed Mohammad Ashrafi,2019,Journal of Hydraulic Structures,Shahid Chamran University of Ahvaz,10.22055/jhs.2019.14701,https://jhs.scu.ac.ir/article_14701_5ddb12188fe3be1494a0df2ae01a326f.pdf,https://jhs.scu.ac.ir/article_14701_5ddb12188fe3be1494a0df2ae01a326f.pdf,DOAJ,Karun River,,0.4776,resolving DOI
eligible,Iran basins/projects,"Numerical assessment of Karun river influence on salinity intrusion in the Shatt Al-Arab river estuary, northwest of Arabian Gulf",Ali A. Lafta,2022,Applied Water Science,SpringerOpen,10.1007/s13201-022-01640-4,https://doi.org/10.1007/s13201-022-01640-4,https://doi.org/10.1007/s13201-022-01640-4,DOAJ,Karun River,,0.4954,resolving DOI
eligible,Iran basins/projects,Effect of seasonal variability on the development and application of a novel Multimetric Index based on benthic macroinvertebrate communities – A case study from streams in the Karun river basin (Iran),Ali Reza Esmaeili Ofogh | Eisa Ebrahimi Dorche | Sebastian Birk | Andreas Bruder,2023,Ecological Indicators,Elsevier,10.1016/j.ecolind.2022.109843,http://www.sciencedirect.com/science/article/pii/S1470160X22013164,http://www.sciencedirect.com/science/article/pii/S1470160X22013164,DOAJ,Karun River,,0.6923,resolving DOI
hold,Iran basins/projects,"Field Data Gathering in Confluence of the Arvand River and the Karun River, Sediment, Tidal, and CTD Study",Rouhollah Amirabadi | Ahmad Rezaee Mazyak | Ali Ghasemi | Mohammad Reza Khosravi,2020,International Journal of Coastal and Offshore Engineering,Iranian Association of Naval Architecture and Marine Engineering,,http://ijcoe.org/article-1-184-en.html,http://ijcoe.org/article-1-184-en.html,DOAJ,Karun River,,0.4545,no resolving DOI or live landing page
eligible,Iran basins/projects,Investigation of morphology changes in Karun River and its hazards (Case Study: Bandagir to Khorramshahr),Amir Saffati | EzatAllah ghanavati | Hamid Alipour Dezdouli Asl,2023,تحقیقات کاربردی علوم جغرافیایی,Kharazmi University,,http://jgs.khu.ac.ir/article-1-3593-en.pdf,http://jgs.khu.ac.ir/article-1-3593-en.pdf,DOAJ,Karun River,,0.5472,live scholarly landing page
eligible,Iran basins/projects,Two Dimensional Hydraulic Modeling of Karun River,J. Zahiri | M. Ashnavar,2019,علوم آب و خاک,Isfahan University of Technology,,http://jstnar.iut.ac.ir/article-1-3755-en.html,http://jstnar.iut.ac.ir/article-1-3755-en.html,DOAJ,Karun River,,0.4298,live scholarly landing page
eligible,Iran basins/projects,"Heavy metal phytoremediation potential of Vigna radiata (L.) Wilczek for use in contaminated regions of West Karun River, Iran",Sara Rahdarian | Sakineh Mashjoor | Abidina Abba | Akbar Esmaili | Parisa Ziarati | Peymaan Hassibi,2022,Journal of Agriculture and Food Research,Elsevier,10.1016/j.jafr.2022.100373,http://www.sciencedirect.com/science/article/pii/S2666154322001065,http://www.sciencedirect.com/science/article/pii/S2666154322001065,DOAJ,Karun River,,0.5,resolving DOI
eligible,Iran basins/projects,"Comparison of Gene Expression Programming (GEP) and Parametric and Non-parametric Regression Methods in the Prediction of the Mean Daily Discharge of Karun River
 (A case Study: Mollasani Hydrometric Station)",M. Alinezhadi | S. F. Mousavi | Kh. Hosseini,2021,علوم آب و خاک,Isfahan University of Technology,,http://jstnar.iut.ac.ir/article-1-3999-en.html,http://jstnar.iut.ac.ir/article-1-3999-en.html,DOAJ,Karun River,,0.5385,live scholarly landing page
eligible,Iran basins/projects,Estimation of River Discharge Based on Remote Sensing-based geoBAM Algorithm and hydraulic modeling; Karun River Experience,Neda Salahnezhad | Saeed Hedayati Aram | Hosein Alizadeh | Barat Mojaradi | Meysam Fazeli,2026,تحقیقات منابع آب ایران,Iranian Water Resources Association,10.22034/iwrr.2025.527862.2893,https://www.iwrr.ir/article_228904_5f44d7c3c0af4d23e2c84c06f3992a55.pdf,https://www.iwrr.ir/article_228904_5f44d7c3c0af4d23e2c84c06f3992a55.pdf,DOAJ,Karun River,,0.4309,resolving DOI
eligible,Iran basins/projects,"Modeling of qualitative parameters (Electrical conductivity and total dissolved solids) of Karun river at Mollasani, Ahvaz and Farsiat stations using data mining methods",Alireza Mohaghegh | Mahdi Valikhan Anaraki | Saeed Farzin,2020,سلامت و محیط,Tehran University of Medical Sciences,,http://ijhe.tums.ac.ir/article-1-6371-en.html,http://ijhe.tums.ac.ir/article-1-6371-en.html,DOAJ,Karun River,,0.3736,live scholarly landing page
eligible,Iran basins/projects,"Short-Term Effect of Tillage Methods, Residue Levels, and Forward Speeds on Soil-Water Characteristic Curve (SWCC): A Case Study on the Eastern Soils of Karun River, Khuzestan Province, Iran",A. Shojaee | B. Khalilimoghaddam | F. Moradi,2019,Desert,University of Tehran,10.22059/jdesert.2019.76387,https://jdesert.ut.ac.ir/article_76387_22e5839cb91c32e36ba069eaa4fd1052.pdf,https://jdesert.ut.ac.ir/article_76387_22e5839cb91c32e36ba069eaa4fd1052.pdf,DOAJ,Karun River,,0.6154,resolving DOI
eligible,Iran basins/projects,"First record of Petroleuciscus esfahani Coad and Bogutskaya, 2010 (Actinopterygii: Cyprinidae) from the Karun River drainage, Persian Gulf basin, Iran",Arash Jouladeh-Roudbar | Soheil Eagderi | Ali Soleimani,2017,International Journal of Aquatic Biology,University of Tehran,,http://ij-aquaticbiology.com/index.php/ijab/article/view/276,http://ij-aquaticbiology.com/index.php/ijab/article/view/276,DOAJ,Karun River,,0.5,live scholarly landing page
hold,Iran basins/projects,"Distribution and Expansion of Alien Fish Species in the Karun River Basin, Iran",Mojgan Zare Shahraki | Yazdan Keivany | Eisa Ebrahimi Dorche | Karen Blocksom | Andreas Bruder | Joseph Flotemersch | Doru Bănăduc,2023,Fishes,MDPI AG,10.3390/fishes8110538,https://www.mdpi.com/2410-3888/8/11/538,https://www.mdpi.com/2410-3888/8/11/538,DOAJ,Karun River,,0.6154,no resolving DOI or live landing page
eligible,Iran basins/projects,Assessment of Land Use Changes in Ahvaz and Their Impact on the Morphological Changes of the Karun River Using Landsat Time-Series Data,J. Hatamiafkoueieh | M. Shirali | Y. Razoumny,2025,"The International Archives of the Photogrammetry, Remote Sensing and Spatial Information Sciences",Copernicus Publications,10.5194/isprs-archives-XLVIII-2-W9-2025-117-2025,https://isprs-archives.copernicus.org/articles/XLVIII-2-W9-2025/117/2025/isprs-archives-XLVIII-2-W9-2025-117-2025.pdf,https://isprs-archives.copernicus.org/articles/XLVIII-2-W9-2025/117/2025/isprs-archives-XLVIII-2-W9-2025-117-2025.pdf,DOAJ,Karun River,,0.5156,resolving DOI
eligible,Iran basins/projects,Determination of the Quality and the Pollution Level of the Surface Sediments of the Karun River in part of the Ahvaz Urban Area,Freidoon Soleimani | Mohammad Reza Gharibreza | Fariborz Soozangar,2021,پژوهش‌های آبخیزداری,Fars Agricultural and Natural Resources Research and Education Center,10.22092/wmrj.2021.354478.1410,https://wmrj.areeo.ac.ir/article_124881_cb874a5323169c22fff5632d0432ca58.pdf,https://wmrj.areeo.ac.ir/article_124881_cb874a5323169c22fff5632d0432ca58.pdf,DOAJ,Karun River,,0.4722,resolving DOI
hold,Iran basins/projects,Monitoring and comparing NDSI changes using MODIS and ETM+ sensor data to estimate snow cover in North Karun Basin,Ali Morshedi | Behrooz Hoseini Boroujeni,2021,مدل‌سازی و مدیریت آب و خاک,University of Mohaghegh Ardabili,10.22098/mmws.2021.9453.1045,http://mmws.uma.ac.ir/article_1376_a71f3528867e481dad9803c18110560f.pdf,http://mmws.uma.ac.ir/article_1376_a71f3528867e481dad9803c18110560f.pdf,DOAJ,Karun Basin,,0.4828,no resolving DOI or live landing page
eligible,Iran basins/projects,Analysis of Dynamic Indices of Torrents in Karun Basin,Mehri Akbari | Hossein Mohammadi | Ali akbar Shamsipour,2014,نشریه جغرافیا و برنامه‌ریزی,University of Tabriz,,https://geoplanning.tabrizu.ac.ir/article_1797_44a5729172ebadecc8192ce7b91f878c.pdf,https://geoplanning.tabrizu.ac.ir/article_1797_44a5729172ebadecc8192ce7b91f878c.pdf,DOAJ,Karun Basin,,0.5,live scholarly landing page
eligible,Iran basins/projects,WATER SALINITY MAPPING OF KARUN BASIN LOCATED IN IRAN USING THE SVR METHOD,M. Ansari | M. Akhoondzadeh,2019,"The International Archives of the Photogrammetry, Remote Sensing and Spatial Information Sciences",Copernicus Publications,10.5194/isprs-archives-XLII-4-W18-97-2019,https://www.int-arch-photogramm-remote-sens-spatial-inf-sci.net/XLII-4-W18/97/2019/isprs-archives-XLII-4-W18-97-2019.pdf,https://www.int-arch-photogramm-remote-sens-spatial-inf-sci.net/XLII-4-W18/97/2019/isprs-archives-XLII-4-W18-97-2019.pdf,DOAJ,Karun Basin,,0.6,resolving DOI
hold,Iran basins/projects,Evaluation of climate variables impact on Kohrang River discharge (main branch of North Karoun River),بهزاد قربانی | سید علی اصغر هاشمی,2019,مهندسی منابع آب,"Marvdasht Branch, Islamic Azad University",,https://wej.marvdasht.iau.ir/article_3598_3a435c268acb98b02084f837f9751b40.pdf,https://wej.marvdasht.iau.ir/article_3598_3a435c268acb98b02084f837f9751b40.pdf,DOAJ,Karoun River,,0.436,no resolving DOI or live landing page
eligible,Iran basins/projects,"Integrating machine learning and geomorphic indices to assess tectonic geomorphology in the Karoun River Basin, Zagros, SW Iran",Azar Khodabakhshnezhad | Mehran Arian | Mohsen Pourkermani | Ali Akbar Matkan | Abbas Charchi | Pooria Kianoush,2025,Scientific Reports,Nature Portfolio,10.1038/s41598-025-26650-5,https://doi.org/10.1038/s41598-025-26650-5,https://doi.org/10.1038/s41598-025-26650-5,Crossref | DOAJ,Karoun River,,0.5,resolving DOI
eligible,Iran basins/projects,Simulation of Flow Hydraulics and Sediment Load  in River Bends (Case Study: Karoun river),Abdolreza Zahiri,2018,علوم و مهندسی آبیاری,Shahid Chamran University of Ahvaz,10.22055/jise.2018.13611,http://jise.scu.ac.ir/article_13611_654cfa51dbdd079dc43fabdc727572e5.pdf,http://jise.scu.ac.ir/article_13611_654cfa51dbdd079dc43fabdc727572e5.pdf,DOAJ,Karoun River,,0.5238,resolving DOI
eligible,Iran basins/projects,The Chemical Clogging and its Effects on Hydraulic Performance of Different Types of Emitters with Different Flow Rates using Water of Karoun River,Omid Karami | Abdolrahim Hooshmand | Saeid BoroomandNasab,2015,علوم و مهندسی آبیاری,Shahid Chamran University of Ahvaz,10.22055/jise.2015.11476,http://jise.scu.ac.ir/article_11476_b90f2bc3a2456748302c467e21a90f45.pdf,http://jise.scu.ac.ir/article_11476_b90f2bc3a2456748302c467e21a90f45.pdf,DOAJ,Karoun River,,0.4545,resolving DOI
eligible,Iran basins/projects,The water crisis in Gavkhoni watershed and how to adapt it through the establishment of a comprehensive water pricing system (Case Study: The last water supply facility - Koohrang 3rd dam and tunnel),Fariba Rahpou | Hasanali Ghayour | Zohreh Rajabi,2018,مخاطرات محیط طبیعی,University of Sistan and Baluchestan,10.22111/jneh.2017.21610.1303,https://jneh.usb.ac.ir/article_3453_6591f4e37785aeab804a53f0ae0837de.pdf,https://jneh.usb.ac.ir/article_3453_6591f4e37785aeab804a53f0ae0837de.pdf,DOAJ,Koohrang,,0.5,resolving DOI
eligible,Iran basins/projects,Analysis of fundamental factors affecting the development of tourism entrepreneurship using qualitative comparative analysis of fuzzy set (Case study of Koohrang County),Hamid Nazari sarmazeh | Skandar Seidaiy,2021,نشریه جغرافیا و برنامه‌ریزی,University of Tabriz,10.22034/gp.2021.6526.2660,https://geoplanning.tabrizu.ac.ir/article_12421_2923c9f297f10035c03df09189e38a6d.pdf,https://geoplanning.tabrizu.ac.ir/article_12421_2923c9f297f10035c03df09189e38a6d.pdf,DOAJ,Koohrang,,0.3875,resolving DOI
hold,Iran basins/projects,Water Quality Assessment of Beheshtabad River at the intersection of Shalamzar Spring with Koohrang River,Ehsan Fathi | Rasool Zamani-ahmadmahmoodi | Rafat Zare Bidaki,2018,محیط زیست و مهندسی آب,Iranian Rainwater Catchment Systems Association,10.22034/jewe.2018.105969.1200,http://www.jewe.ir/article_68619_77073ef5357b2e998ecdd7ecfd6f268b.pdf,http://www.jewe.ir/article_68619_77073ef5357b2e998ecdd7ecfd6f268b.pdf,DOAJ,Beheshtabad | Koohrang,,0.4516,no resolving DOI or live landing page
eligible,Iran basins/projects,The Analysis of Synoptic Conditions of Flood Occurrence in Heavy Rainfalls (Koohrang County),Manochehr Farajzadeh | Saeed Rajaee Najafabadi,2013,نشریه جغرافیا و برنامه‌ریزی,University of Tabriz,,https://geoplanning.tabrizu.ac.ir/article_573_c8f28362a242d16326be73be04af87ea.pdf,https://geoplanning.tabrizu.ac.ir/article_573_c8f28362a242d16326be73be04af87ea.pdf,DOAJ,Koohrang,,0.4444,live scholarly landing page
eligible,Iran basins/projects,"Generating electricity using pico hydro-based power plant in Koohrang county, Iran: effect of energy storage type",Mehdi Jahangiri | Ahmad Haghani | Heidar Ali Raeisi | Ali Mostafaeipour,2023,"Hydrogen, Fuel Cell & Energy Storage",Iranian Research Organization for Science and Technology (IROST),10.22104/hfe.2024.6680.1287,https://hfe.irost.ir/article_1405_08f5a997d2acd56858fcf4c52e535683.pdf,https://hfe.irost.ir/article_1405_08f5a997d2acd56858fcf4c52e535683.pdf,DOAJ,Koohrang,,0.4057,resolving DOI
eligible,Iran basins/projects,Analysis of the fundamental tourism entrepreneurial factors affecting the sustainable rural development of Koohrang County,Hamid Nazari Sarmazeh | s.skandar seidaiy,2021,جغرافیا و توسعه,University of Sistan and Baluchestan,10.22111/j10.22111.2021.6205,https://gdij.usb.ac.ir/article_6205_f351863a28cc4af9756305b125e4d2a9.pdf,https://gdij.usb.ac.ir/article_6205_f351863a28cc4af9756305b125e4d2a9.pdf,DOAJ,Koohrang,,0.4021,resolving DOI
eligible,Iran basins/projects,Physical Soil Quality Evaluation of a Part of Beheshtabad Sub-basin in Chaharmahal va Bakhtiari Province, | Mahdi Naderi Khorasgani | Razieh Amiri |  | Ahmad Karimi |  | Jahangard Mohammadi | ,2025,علوم آب و خاک,Isfahan University of Technology,10.47176/jwss.29.1.32202,http://jstnar.iut.ac.ir/article-1-4456-en.pdf,http://jstnar.iut.ac.ir/article-1-4456-en.pdf,Crossref | DOAJ,Beheshtabad,,0.4554,resolving DOI
eligible,Iran basins/projects,Evaluation of Water Quality of Beheshtabad Watershed Rivers using Different Methods (with Emphasis on Irrigation),Rasool Zamani-Ahmadmahmoodi | Ehsan Fathi | Samira Bayati | Zeinab Akbari,2022,محیط زیست و توسعه فرابخشی,Research Center for Environment and Sustainable Development (RCESD),10.22034/envj.2022.149131,https://www.envjournal.ir/article_149131_31f9e5f53dd17047019fb00fff7d67b2.pdf,https://www.envjournal.ir/article_149131_31f9e5f53dd17047019fb00fff7d67b2.pdf,DOAJ,Beheshtabad,,0.5455,resolving DOI
eligible,Iran basins/projects,"The Importance of Land Use Suitability for Runoff and Sediment Production in Beheshtabad Basin, Chaharmahal and Bakhtiari Province",D. Ziaei | R. Zare Bidaki | A. A. Besalatpour | A. Malekian,2019,علوم آب و خاک,Isfahan University of Technology,10.47176/jwss.23.4.22251,http://jstnar.iut.ac.ir/article-1-3540-en.html,http://jstnar.iut.ac.ir/article-1-3540-en.html,Crossref | DOAJ,Beheshtabad,,0.4706,resolving DOI
eligible,Iran basins/projects,Age and growth of Rainbow Trout (Oncorhynchus mykiss) in Beheshtabad River of Chaharmahal and Bakhtiari Province,Mosayeb Aalipour | Yazdan Keivany | Eisa Ebrahimi,2020,بوم‌شناسی آبزیان,University of Hormozgan,,http://jae.hormozgan.ac.ir/article-1-590-en.pdf,http://jae.hormozgan.ac.ir/article-1-590-en.pdf,DOAJ,Beheshtabad,,0.4167,live scholarly landing page
eligible,Iran basins/projects,Efficiency of Fuzzy Curve Number on Monthly Runoff Simulation in Beheshtabad Watershed,Kh. Abdollahi | T. tahmasbi | M. Pajouhesh,2022,علوم آب و خاک,Isfahan University of Technology,10.47176/jwss.26.2.40055,http://jstnar.iut.ac.ir/article-1-4191-en.html,http://jstnar.iut.ac.ir/article-1-4191-en.html,Crossref | DOAJ,Beheshtabad,,0.4336,resolving DOI
hold,Iran basins/projects,"Influence of Suspended Sediment Load on Roughness Coefficient and Intensity of Flow Turbulence (Case study: Haraz, Rostamabad and Beheshtabad Rivers)",Hossein Afzalimehr | Sanaz Hadian | Ehsan Shahiri Tabarestani | Meysam Mohammadi,2020,محیط زیست و مهندسی آب,Iranian Rainwater Catchment Systems Association,10.22034/jewe.2020.243225.1403,http://www.jewe.ir/article_117611_6ef90c7e906ebee97ea52d846aa230e1.pdf,http://www.jewe.ir/article_117611_6ef90c7e906ebee97ea52d846aa230e1.pdf,DOAJ,Beheshtabad,,0.3934,no resolving DOI or live landing page
hold,Iran basins/projects,Application of Geostatistical Modelling to Study the Exploration Adequacy of Uniaxial Compressive Strength of Intact Rock alongthe Behesht-Abad Tunnel Route,Mohammad Doustmohammadi | Ahmad Jafari | Omid Asghari,2014,International Journal of Mining and Geo-Engineering,University of Tehran,,http://ijmge.ut.ac.ir/article_53093_03b99fde9fffe286b0d4d2d9b8bb4414.pdf,http://ijmge.ut.ac.ir/article_53093_03b99fde9fffe286b0d4d2d9b8bb4414.pdf,DOAJ,Behesht-Abad,,0.4155,no resolving DOI or live landing page
hold,Iran basins/projects,Parasitic infestation in Chondrostoma regium and Aphanius vladykovi of the Behesht-Abad River (Chaharmahal-va-Bakhtiary),Yazdan Keivany; Mosayyeb Aalipour; Mahtab Khalagy; Saeid Asadollah; Masoud Siami email,2017,‬‭Majallah-i ̒Ilmī-i Shīlāt-i Īrān,Iranian Fisheries Research Organization,,http://isfj.areo.ir/article_110302_en.html,http://isfj.areo.ir/article_110302_en.html,DOAJ,Behesht-Abad,,0.4545,no resolving DOI or live landing page
eligible,Iran basins/projects,Perspective of Local Households Toward the Social Consequences of Establishing the Behesht Abad Dam in the Origin Basin,Ladan Naderi | Esmail Karamidehkordi,2019,Pizhūhish/hā-yi Rūstāyī,University of Tehran,10.22059/jrur.2018.233979.1113,https://jrur.ut.ac.ir/article_67934_39f37379be26835a511371939fcc7841.pdf,https://jrur.ut.ac.ir/article_67934_39f37379be26835a511371939fcc7841.pdf,DOAJ,Behesht-Abad,,0.5207,resolving DOI
eligible,Iran basins/projects,Forecasting of Mean Daily Runoff Discharge of Behesht-Abad River Using Wavelet Analysis,Sajjad Abdollahi Asadabadi | Y. Dinpashoh | R. Mirabbasi,2014,مجله آب و خاک,Ferdowsi University of Mashhad,10.22067/jsw.v0i0.29201,http://jsw.um.ac.ir/index.php/jsw/article/view/29201,http://jsw.um.ac.ir/index.php/jsw/article/view/29201,DOAJ,Behesht-Abad,,0.4041,resolving DOI
eligible,Global interbasin-transfer literature,کارکرد رسانه در سیاست‌گذاری انتقال بین حوضه ای آب (مطالعه موردی: انتقال آب زاب به دریاچه ارومیه),افشین متقی دستنائی | مریم ابراهیمی | حسن صدرانیا,2025,آمایش سیاسی فضا,Tarbiat Modares University,10.48311/psp.2025.27909,https://psp.modares.ac.ir/article_27909_0ed83ca5894f30aed6da389d630d89a3.pdf,https://psp.modares.ac.ir/article_27909_0ed83ca5894f30aed6da389d630d89a3.pdf,DOAJ,انتقال بین حوضه ای آب,,0.6119,resolving DOI
eligible,Iran basins/projects,ارزیابی تراس های مسیر کنونی رودخانه زاینده رود با استفاده از شاخص تکامل خاک رخ هاردن (PDI),شقایق هوائی | اردوان کمالی | نورایر تومانیان | محمدرضا مصدقی,2018,پژوهش‌های حفاظت آب و خاک,Gorgan University of Agricultural Sciences and Natural Resources,10.22069/jwsc.2018.14152.2888,https://jwsc.gau.ac.ir/article_4149_de40a7e069be2bf9a3eb1634de307c47.pdf,https://jwsc.gau.ac.ir/article_4149_de40a7e069be2bf9a3eb1634de307c47.pdf,DOAJ,زاینده رود,,0.5578,resolving DOI
eligible,Iran basins/projects,تحلیلى بر مدیریت توزیع و مصرف منابع آب در شبکه آبیارى زاینده رود (سمت راست سد انحرافى نکو آباد در دهه 80-1370),ایران غازی | حسین زارعان | علیرضا مامن پوش,2005,اطلاعات جغرافیایی,سازمان جغرافیایی نیروهای مسلح,,http://www.sepehr.org/article_28079_6fac43cf56dbff9abd7fef765e3cbb8b.pdf,http://www.sepehr.org/article_28079_6fac43cf56dbff9abd7fef765e3cbb8b.pdf,DOAJ,زاینده رود,,0.625,live scholarly landing page
eligible,Iran basins/projects,بررسی تنوع درون گونه ای و بین گونه ای جنس پوتاموژتون  Potamogeton L. در رودخانه زاینده رود براساس شاخصه ریخت شناختی,رویا معلم | سعید افشارزاده | غلامرضا بلالی | سید جمال صاحبی | شبنم عباسی,2014,زیست‌شناسی کاربردی,Alzahra University,10.22051/jab.2014.1163,http://jab.alzahra.ac.ir/article_1163_fe806c0ecb596c5095c535d8531cca8f.pdf,http://jab.alzahra.ac.ir/article_1163_fe806c0ecb596c5095c535d8531cca8f.pdf,DOAJ,زاینده رود,,0.5,resolving DOI
hold,Iran basins/projects,بررسی تاکسونومیکی دیاتومه‌های دریاچه سد زاینده رود,معصومه شمس | سعید افشار زاده,2008,رستنی‌ها,"Agricultural Research, Education and Extension Organization",,http://rostaniha.areo.ir/article_101798_46782f144012f199ee2b99ae87c84c5a.pdf,http://rostaniha.areo.ir/article_101798_46782f144012f199ee2b99ae87c84c5a.pdf,DOAJ,زاینده رود,,0.5843,no resolving DOI or live landing page
eligible,Iran basins/projects,بررسی نقش و جایگاه پارک ها و فضای سبز شهر اصفهان در اختصاص اوقات فراغت شهروندان (مطالعه ی موردی: فضای سبز حاشیه ی زاینده رود),جمال محمدی | مرضیه حیدری بخش,2013,اطلاعات جغرافیایی,سازمان جغرافیایی نیروهای مسلح,,http://www.sepehr.org/article_26066_e7a136390800c4b3e8e1ae1ad524c544.pdf,http://www.sepehr.org/article_26066_e7a136390800c4b3e8e1ae1ad524c544.pdf,DOAJ,زاینده رود,,0.6,live scholarly landing page
hold,Iran basins/projects,اولویت بندی سناریوهای تخصیص آب سد زاینده رود به مصرف کنندگان مختلف؛ با رویکرد مدل های خبرۀ تصمیم گیری چند شاخصه,محبوبه غزالی | عباس روزبهانی | تورج هنر | فاطمه محمدی,2015,مدیریت آب و آبیاری,"University of Tehran, College of Aburaihan",10.22059/jwim.2015.55220,https://jwim.ut.ac.ir/article_55220_3e4ad1ad78b43b5188ce7f5181178b28.pdf,https://jwim.ut.ac.ir/article_55220_3e4ad1ad78b43b5188ce7f5181178b28.pdf,DOAJ,زاینده رود,,0.5714,no resolving DOI or live landing page
eligible,Iran basins/projects,بررسی کیفیت آب رودخانه زاینده رود با استفاده از شاخص های تنوع جوامع بی مهرگان کفزی در فاصله پائیز ۹۶ تا بهار ۹۷,الهه نیکنام | عاطفه چمنی | محسن نوروزی مبارکه,2020,زیست‌شناسی کاربردی,Alzahra University,10.22051/jab.2019.22108.1259,https://jab.alzahra.ac.ir/article_4814_8d7bf16a41f62b48cfbf512c74cf5bf8.pdf,https://jab.alzahra.ac.ir/article_4814_8d7bf16a41f62b48cfbf512c74cf5bf8.pdf,DOAJ,زاینده رود,,0.6,resolving DOI
eligible,Iran basins/projects,ارزیابی منابع آب حوضه آبریز زاینده رود با استفاده از شاخص های ردپای یکپارچه آب های سطحی و زیرزمینی,سهیلا نجفی | عباس روزبهانی | سامان جوادی | سید مهدی هاشمی شاهدانی,2021,مدیریت آب و آبیاری,"University of Tehran, College of Aburaihan",10.22059/jwim.2021.313856.844,https://jwim.ut.ac.ir/article_81431_d4130fed7af187c73abb6118ea2299b9.pdf,https://jwim.ut.ac.ir/article_81431_d4130fed7af187c73abb6118ea2299b9.pdf,DOAJ,زاینده رود,,0.8571,resolving DOI
eligible,Iran basins/projects,ارزیابی ریسک اکولوژیک ناشی از فلزات سرب و کادمیوم در رسوبات رودخانه زاینده رود,معصومه کوهی | عاطفه چمنی,2023,Pizhūhish dar Bihdāsht-i Muḥīṭ.,Mashhad University of Medical Sciences,10.22038/jreh.2023.68746.1566,https://jreh.mums.ac.ir/article_22541_f8780f93ac90c7d84f8c9e61df07a116.pdf,https://jreh.mums.ac.ir/article_22541_f8780f93ac90c7d84f8c9e61df07a116.pdf,DOAJ,زاینده رود,,0.5714,resolving DOI
eligible,Iran basins/projects,در حوضه آبریز زاینده رود SWAT ارزیابی عملکرد مدل,,2012,پژوهش‌های حفاظت آب و خاک,Gorgan University of Agricultural Sciences and Natural Resources,,https://jwsc.gau.ac.ir/article_563_ebfbe91175333018768a256b6232deaa.pdf,https://jwsc.gau.ac.ir/article_563_ebfbe91175333018768a256b6232deaa.pdf,DOAJ,زاینده رود,,0.6667,live scholarly landing page
eligible,Iran basins/projects,بررسی پایداری منابع آب در حوضه زاینده رود با استفاده از شاخص‌های پایداری و مدل GMS (مطالعه موردی: آب خوان نجف آباد در حوضه زاینده رود),اشرف مکوندی | حسین محمدی | پرویز کردوانی | سامان جوادی | منوچهر فرج زاده اصل,2020,علوم و مهندسی آبیاری,Shahid Chamran University of Ahvaz,10.22055/jise.2019.28652.1833,https://jise.scu.ac.ir/article_14571_024b62c565e5b039a8192259aa68496d.pdf,https://jise.scu.ac.ir/article_14571_024b62c565e5b039a8192259aa68496d.pdf,DOAJ,زاینده رود,,0.7333,resolving DOI
eligible,Iran basins/projects,بررسی ارتباط بین پارامترهای کیفی آب و تغییرات کاربری اراضی (حوزه آبخیز زاینده رود) ‏,مژگان میرزایی | عیسی سلگی | عبدالرسول سلمان ماهینی,2016,مدیریت آب و آبیاری,"University of Tehran, College of Aburaihan",10.22059/jwim.2017.63778,https://jwim.ut.ac.ir/article_63778_ad443ded7d51933c428aa7c4f7a65e25.pdf,https://jwim.ut.ac.ir/article_63778_ad443ded7d51933c428aa7c4f7a65e25.pdf,DOAJ,زاینده رود,,0.5868,resolving DOI
eligible,Iran basins/projects,ارزیابی پیامد‌های درونی‌سازی اثرات جانبی آلودگی آب بر مدیریت کمی و کیفی حوضه آبریز زاینده‌رود,حدیث کاوند | سامان ضیائی | مصطفی مردانی نجف‎آبادی,2020,مجله اقتصاد و توسعه کشاورزی,Ferdowsi University of Mashhad,10.22067/jead2.vi0.86889,https://jead.um.ac.ir/article_39100_b71777e38d6a7b3f5124b23aea7f1593.pdf,https://jead.um.ac.ir/article_39100_b71777e38d6a7b3f5124b23aea7f1593.pdf,DOAJ,زاینده‌رود,,0.75,resolving DOI
eligible,Iran basins/projects,سنجش میزان آسیب‌پذیری کشاورزان در برابر خشکسالی ناشی از بحران آب رودخانه زاینده‌رود (موردمطالعه: مناطق روستایی بخش گرکن جنوبی شهرستان مبارکه),جمشید عینالی | محمد رضا شفیعی,2020,جغرافیا و مخاطرات محیطی,Ferdowsi University of Mashhad,10.22067/geo.v9i3.87857,https://geoeh.um.ac.ir/article_34351_2ff71a26dc74f878cc5eaed9a146de37.pdf,https://geoeh.um.ac.ir/article_34351_2ff71a26dc74f878cc5eaed9a146de37.pdf,DOAJ,زاینده‌رود,,0.5714,resolving DOI
eligible,Iran basins/projects,پایش خشکسالی منطقه‌ای حوضه آبخیز زاینده‌رود بر اساس تغییرات سری زمانی شاخص‌ VCI سنجنده مودیس و شاخص SPI,مرضیه سادات میراحسنی | عبدالرسول سلمان ماهینی | علیرضا سفیانیان | رضا مدرس | رضا جعفری | جهانگیر محمدی,2018,جغرافیا و مخاطرات محیطی,Ferdowsi University of Mashhad,10.22067/geo.v6i4.62601,https://geoeh.um.ac.ir/article_31675_bd8624cdb6070cfd0134fdbbd7bd8edb.pdf,https://geoeh.um.ac.ir/article_31675_bd8624cdb6070cfd0134fdbbd7bd8edb.pdf,DOAJ,زاینده‌رود,,0.5,resolving DOI
eligible,Iran basins/projects,بررسی تحلیلی تجدیدحیات رودخانه‌های شهری به‌مثابه مکان عمومی پایدار و تبیین مدل مفهومی آن؛ نمونه موردی: بالقلی چای (اردبیل)، زاینده‌رود (اصفهان)، کارون (اهواز)، زرجوب (رشت),سید مجتبی صفدرنژاد | عبدالهادی دانشپور | مصطفی بهزاد فر,2022,معماری و شهرسازی ایران,Iranian Scientific Association of Architecture & Urbanism,10.30475/isau.2022.248179.1512,http://www.isau.ir/article_167169_1ba714d3fa7c19cd1ea811574465e8a3.pdf,http://www.isau.ir/article_167169_1ba714d3fa7c19cd1ea811574465e8a3.pdf,DOAJ,زاینده‌رود | کارون,,0.6667,resolving DOI
eligible,Iran basins/projects,تعیین غلظت عناصر سمی بالقوه در پرچنگر نوک‌سرخ (Gallinula chloropus) در رودخانه‌ی زاینده‌رود,امیر فرح نسب | عاطفه چمنی | راضیه رحیمی,2024,Pizhūhish dar Bihdāsht-i Muḥīṭ.,Mashhad University of Medical Sciences,10.22038/jreh.2024.80813.1671,https://jreh.mums.ac.ir/article_24896_683f64391c64b66ead6171ddeb3cdb3f.pdf,https://jreh.mums.ac.ir/article_24896_683f64391c64b66ead6171ddeb3cdb3f.pdf,DOAJ,زاینده‌رود,,0.5,resolving DOI
eligible,Iran basins/projects,بررسی پایداری محیطی گسترش سکونتگاه‌های انسانی در حوضه آبریز رودخانه زاینده‌رود,عبدالرضا رحمانی فضلی | سعید صالحیان بادی,2016,جغرافیا و مخاطرات محیطی,Ferdowsi University of Mashhad,10.22067/geo.v5i2.55042,https://geoeh.um.ac.ir/article_29911_69a50166b2eb4c46f96652a607f42e24.pdf,https://geoeh.um.ac.ir/article_29911_69a50166b2eb4c46f96652a607f42e24.pdf,DOAJ,زاینده‌رود,,0.5714,resolving DOI
hold,Iran basins/projects,سیاست جنایی تقنینی و مشارکتی در قبال جرایم مربوط به آب رودخانه زاینده‌رود,سنا مبشری | محمد رضا شادمانفر | مسعود حیدری,2024,فقه جزای تطبیقی,Iranian Association of Comparative Criminal Jurisprudence,10.22034/jccj.2024.450807.1532,https://www.jccj.ir/article_204183_95cfed845c27298a6cd4dadca158cb24.pdf,https://www.jccj.ir/article_204183_95cfed845c27298a6cd4dadca158cb24.pdf,DOAJ,زاینده‌رود,,0.6667,no resolving DOI or live landing page
eligible,Iran basins/projects,تخصیص بهینه منابع آب زاینده‌رود بین استان‌های چهارمحال بختیاری، اصفهان و یزد با استفاده از نظریه بازی‌ها,غلامحسین کیانی | رحمان خوش اخلاق | محمد مهدی کمال,2019,Quarterly Journal of Applied Theories of Economics,University of Tabriz,,https://ecoj.tabrizu.ac.ir/article_9425_703798874f5b3b48d6a3f58bc396bd3a.pdf,https://ecoj.tabrizu.ac.ir/article_9425_703798874f5b3b48d6a3f58bc396bd3a.pdf,DOAJ,زاینده‌رود,,0.7143,live scholarly landing page
eligible,Iran basins/projects,شناسایی اولویت‌های بخش آب جهت سازگاری با تغییر اقلیم در حوضه زاینده‌رود با رویکرد پدافند غیرعامل,محمد جواد زارعیان,2021,مدیریت آب و آبیاری,"University of Tehran, College of Aburaihan",10.22059/jwim.2021.325232.883,https://jwim.ut.ac.ir/article_82838_3a93fe55053a62d11ca338ea1d7476b9.pdf,https://jwim.ut.ac.ir/article_82838_3a93fe55053a62d11ca338ea1d7476b9.pdf,DOAJ,زاینده‌رود,,0.5714,resolving DOI
eligible,Iran basins/projects,بررسی تأثیر سیلاب‌ها و آبگیری سد کارون 4 بر تغییرات ریخت‌شناسی رودخانه ارمند در ده سال اخیر (94-1384),میلاد خواستار بروجنی | سعید رضا خداشناس | حسین صمدی | الهام طاهریان طاهریان,2017,هیدرولیک,Iranian Hydraulic Association,10.30482/jhyd.2017.48746,https://jhyd.iha.ir/article_48746_31797a3fe07640909d1dd9820c776bf9.pdf,https://jhyd.iha.ir/article_48746_31797a3fe07640909d1dd9820c776bf9.pdf,DOAJ,کارون,,0.4667,resolving DOI
eligible,Iran basins/projects,تحلیل داده‌های ژئوشیمیایی و ارزیابی خطر اکولوژیکی عناصر بالقوه سمناک در رسوبات سطحی رودخانه کارون، بازه ویس تا اهواز,سعید چوپانی | پیمان رضائی | محمدرضا غریب رضا,2023,Muhandisī va mudirīyyat-i ābkhīz,Soil Conservation and Watershed Management Research Institute (SCWMRI)‎,10.22092/ijwmse.2022.355308.1909,https://jwem.areeo.ac.ir/article_126907_0de6c997a288ec32145e576f35fdc251.pdf,https://jwem.areeo.ac.ir/article_126907_0de6c997a288ec32145e576f35fdc251.pdf,DOAJ,کارون,,0.412,resolving DOI
eligible,Iran basins/projects,شبیه سازی وضعیت رسوب گذاری رودخانه کارون با استفاده از مدل ریاضی GSTARS 2.0حدفاصل ایستگاه های هیدرومتری اهواز تا فارسیات) ),,2012,پژوهش‌های حفاظت آب و خاک,Gorgan University of Agricultural Sciences and Natural Resources,,https://jwsc.gau.ac.ir/article_541_c6775db8a79fb38e613d045bb1ed1bfa.pdf,https://jwsc.gau.ac.ir/article_541_c6775db8a79fb38e613d045bb1ed1bfa.pdf,DOAJ,کارون,,0.42,live scholarly landing page
eligible,Iran basins/projects,تعامل شهر اهواز با رود کارون,مرتضی همتی | آذرنوش امیری,2017,منظر,"Nazar research center for Art, Architecture & Urbanism",,http://www.manzar-sj.com/article_47212_07ee0a6f74716cf69f60a4c735db06be.pdf,http://www.manzar-sj.com/article_47212_07ee0a6f74716cf69f60a4c735db06be.pdf,DOAJ,کارون,,0.5,live scholarly landing page
eligible,Iran basins/projects,بررسی رابطه بارش و رواناب در حوضه گوجان (سرشاخه کارون),امیر گندمکار | توران رئیسی,2012,اطلاعات جغرافیایی,سازمان جغرافیایی نیروهای مسلح,,http://www.sepehr.org/article_26284_8b93610142367ec494aea4d9d645fd6b.pdf,http://www.sepehr.org/article_26284_8b93610142367ec494aea4d9d645fd6b.pdf,DOAJ,کارون,,0.5333,live scholarly landing page
eligible,Iran basins/projects,واکاوی پهنه‌های اقلیمی و خطر بیابان‌زایی حوضه آبریز کارون تحت شرایط تغییر اقلیم آینده با استفاده از شاخص UNEP,حسین بهزادی کریمی | غلامعلی مظفری | کمال امیدوار | احمد مزیدی,2023,جغرافیا و مخاطرات محیطی,Ferdowsi University of Mashhad,10.22067/geoeh.2022.77881.1259,https://geoeh.um.ac.ir/article_43161_87cec78db74d1b88cca0bf14dd7e76c9.pdf,https://geoeh.um.ac.ir/article_43161_87cec78db74d1b88cca0bf14dd7e76c9.pdf,DOAJ,کارون,,0.4574,resolving DOI
eligible,Iran basins/projects,شناسایی و اولویت‌بندی مناطق سیل‌گیر با استفاده از تحلیل سلسله مراتبی مبتنی بر GIS، مطالعه موردی: حوزه آبخیز کارون,محمود حبیب نژاد روشن | کاکا شاهدی | سیدحسین روشان,2023,Muhandisī va mudirīyyat-i ābkhīz,Soil Conservation and Watershed Management Research Institute (SCWMRI)‎,10.22092/ijwmse.2022.356749.1929,https://jwem.areeo.ac.ir/article_127935_a2a57829e0819fee971d6c6686df3142.pdf,https://jwem.areeo.ac.ir/article_127935_a2a57829e0819fee971d6c6686df3142.pdf,DOAJ,کارون,,0.5,resolving DOI
eligible,Iran basins/projects,استفاده تلفیقی از تصاویر پردازش شده با موجک و سیستم استنتاج فازی عصبی جهت برآورد پارامتر EC رودخانه کارون,امیر پورحقی | علی محمد آخوندعلی | حیدر زارعی,2020,علوم و مهندسی آبیاری,Shahid Chamran University of Ahvaz,10.22055/jise.2020.31187.1879,http://jise.scu.ac.ir/article_15350_2fa8827a7d54b1f39faefbdb6664dc2e.pdf,http://jise.scu.ac.ir/article_15350_2fa8827a7d54b1f39faefbdb6664dc2e.pdf,DOAJ,کارون,,0.4021,resolving DOI
eligible,Iran basins/projects,استخراج قوانین بهره برداری بهینه سامانه مخازن برق آبی با استفاده از یک روش بهینه سازی ترکیبی (مطالعه مورد: حوضه کارون- دز),ایمان احمدیانفر | مهدی جامعی | زهرا خواجه,2020,پژوهش‌های حفاظت آب و خاک,Gorgan University of Agricultural Sciences and Natural Resources,10.22069/jwsc.2019.15613.3081,https://jwsc.gau.ac.ir/article_4939_789d9ea5046de959ce74ef068cee18f1.pdf,https://jwsc.gau.ac.ir/article_4939_789d9ea5046de959ce74ef068cee18f1.pdf,DOAJ,کارون,,0.5773,resolving DOI
eligible,Iran basins/projects,اثر سیلاب‌ها و مدیریت منابع آلاینده بر تغییرات زمانی و مکانی شوری رودخانة کارون (ملاثانی تا فارسیات),بهمن فکوری دکاهی | جمال محمد ولی سامانی | مهدی مظاهری,2016,مدیریت آب و آبیاری,"University of Tehran, College of Aburaihan",10.22059/jwim.2017.63785,https://jwim.ut.ac.ir/article_63785_ac69baef5f1d805386ec65d162595020.pdf,https://jwim.ut.ac.ir/article_63785_ac69baef5f1d805386ec65d162595020.pdf,DOAJ,کارون,,0.463,resolving DOI
eligible,Iran basins/projects,تحلیل اثر عوامل اقلیمی و خشکسالی بر روی رواناب ورودی و خروجی به دشت خوزستان در حوضه کارون,زهرا سعیدی فر | محمد خسروشاهی | عادل جلیلی | سمانه رضوی زاده | فاطمه درگاهیان | سمیرا زندی‌فر | سکینه لطفی نصب اصل | آزاده گوهردوست | سارا تیموری | محمد فیاض,2021,آب و توسعه پایدار,Ferdowsi University of Mashhad,10.22067/jwsd.v8i3.2102.1020,https://jwsd.um.ac.ir/article_41484_a7cc9b1115b49c942e61b944d22a53bb.pdf,https://jwsd.um.ac.ir/article_41484_a7cc9b1115b49c942e61b944d22a53bb.pdf,DOAJ,کارون,,0.4713,resolving DOI
eligible,Iran basins/projects,بررسی میدانی جریان آب و رسوب خروجی رودخانه‌های کارون و اروند در شرایط سیلابی,محمد فیاض محمدی | امیر اشتری لرکی,2021,هیدروژئومورفولوژی,University of Tabriz,10.22034/hyd.2021.44785.1577,https://hyd.tabrizu.ac.ir/article_13654_6a9b40b3162591c42cf4385077663197.pdf,https://hyd.tabrizu.ac.ir/article_13654_6a9b40b3162591c42cf4385077663197.pdf,DOAJ,کارون,,0.4713,resolving DOI
eligible,Iran basins/projects,بررسی اثرات سدسازی و تغییر رژیم هیدرولوژی رودخانه کارون بر شوری اراضی و رخداد پدیده گرد و غبار در دشت خوزستان,سیروس جعفری,2020,علوم و مهندسی آبیاری,Shahid Chamran University of Ahvaz,10.22055/jise.2018.20709.1490,http://jise.scu.ac.ir/article_14375_d280767b441c4f37a196d645c136193b.pdf,http://jise.scu.ac.ir/article_14375_d280767b441c4f37a196d645c136193b.pdf,DOAJ,کارون,,0.4286,resolving DOI
eligible,Iran basins/projects,آشکارسازی روند تغییرات دبی سرشاخه‌های رودخانه کارون و اثرگذاری الگوهای دور پیوند منطقه‌ای و جهانی بر روی آن,نظام تنی | کمال امیدوار | احمد مزیدی | غلامعلی مظفری,2025,Muhandisī va mudirīyyat-i ābkhīz,Soil Conservation and Watershed Management Research Institute (SCWMRI)‎,10.22092/ijwmse.2025.366517.2075,https://jwem.areeo.ac.ir/article_135043_fcf819478a1208e999250603cfceefb1.pdf,https://jwem.areeo.ac.ir/article_135043_fcf819478a1208e999250603cfceefb1.pdf,DOAJ,کارون,,0.4162,resolving DOI
eligible,Iran basins/projects,بررسی آثار پروژه‌های ملی سدسازی بر توسعه پایدار منطقه‌ای، مطالعه موردی: سد کارون 3، شهرستان ایذه، خوزستان,علیرضا محمدی | طوبی چهارتنگی,2018,آب و توسعه پایدار,Ferdowsi University of Mashhad,10.22067/jwsd.v5i1.64304,https://jwsd.um.ac.ir/article_30247_4d6053f34641c007d02b667670060be3.pdf,https://jwsd.um.ac.ir/article_30247_4d6053f34641c007d02b667670060be3.pdf,DOAJ,کارون,,0.5181,resolving DOI
hold,Iran basins/projects,ارزیابی الگوریتم های جستجوی مستقیم و ژنتیک در بهینه سازی پارامترهای مدل غیرخطی ماسکینگام - یک سیلاب از کارون,مهدی محمدی قلعه نی | کیومرث ابراهیمی,2013,مدیریت آب و آبیاری,"University of Tehran, College of Aburaihan",10.22059/jwim.2013.30336,https://jwim.ut.ac.ir/article_30336_5567929c36d454eb12e0818517240cd0.pdf,https://jwim.ut.ac.ir/article_30336_5567929c36d454eb12e0818517240cd0.pdf,DOAJ,کارون,,0.4046,no resolving DOI or live landing page
eligible,Iran basins/projects,ارزیابی کاربرد آنتروپی شانون در تعیین کیفیت آب‌های سطحی (مطالعه موردی: رودخانه‌های کارون و بابلرود),فاطمه آخونی پورحسینی | کیومرث ابراهیمی,2020,مدیریت آب و آبیاری,"University of Tehran, College of Aburaihan",10.22059/jwim.2019.273226.653,https://jwim.ut.ac.ir/article_75097_8096d8e1410731e6f401c54c8f88f602.pdf,https://jwim.ut.ac.ir/article_75097_8096d8e1410731e6f401c54c8f88f602.pdf,DOAJ,کارون,,0.4976,resolving DOI
eligible,Iran basins/projects,تحلیل عدم قطعیت نتایج مدل HEC-RAS در شبیه‌سازی پارامترهای هیدرولیکی جریان رودخانه کارون با رویکرد مونت کارلو,حسین ریاحی مدوار | بهمن فکوری,2021,هیدرولیک,Iranian Hydraulic Association,10.30482/jhyd.2021.253266.1483,https://jhyd.iha.ir/article_129403_e94e45271ce3d4aaacff9955f1551c8c.pdf,https://jhyd.iha.ir/article_129403_e94e45271ce3d4aaacff9955f1551c8c.pdf,DOAJ,کارون,,0.4211,resolving DOI
eligible,Iran basins/projects,پایش و آشکارسازی روند تغییرات کاربری/پوشش زمین با استفاده از الگوریتم‌های یادگیری ماشین در بستر گوگل ارث انجین، مطالعه موردی: حوزه آبخیز کارون 1,سینا نبی زاده | علی اصغر نقی پور | عطاالله ابراهیمی | حمیدرضا کشتکار | الهام قهساره,2026,Muhandisī va mudirīyyat-i ābkhīz,Soil Conservation and Watershed Management Research Institute (SCWMRI)‎,10.22092/ijwmse.2025.371067.2135,https://jwem.areeo.ac.ir/article_135061_895e5b1cef350bf2fe70ebc895897b94.pdf,https://jwem.areeo.ac.ir/article_135061_895e5b1cef350bf2fe70ebc895897b94.pdf,DOAJ,کارون,,0.5,resolving DOI
eligible,Iran basins/projects,استفاده تلفیقی ازروش‌های هیدرولوژیکی و نظریه بازی‌ها در تعیین جریان زیست محیطی رودخانه کارون بزرگ,امیر فروغیان | احسان دریکوند | حسین اسلامی | صائب خوشنواز,2021,علوم و مهندسی آبیاری,Shahid Chamran University of Ahvaz,10.22055/jise.2020.34662.1927,https://jise.scu.ac.ir/article_15955_e00913d4e1ba1d3420e178d0eac307e0.pdf,https://jise.scu.ac.ir/article_15955_e00913d4e1ba1d3420e178d0eac307e0.pdf,DOAJ,کارون,,0.4725,resolving DOI
eligible,Iran basins/projects,بررسی تغییرات الگوی رسوب‌گذاری جریان با ایجاد حلقه در مسیر رودخانه کارون در محدوده زرگان-فارسیات,فرهود کلاتۀ | احسان امین وش | زهرا وکیلی,2023,پژوهش‌های حفاظت آب و خاک,Gorgan University of Agricultural Sciences and Natural Resources,10.22069/jwsc.2024.21528.3662,https://jwsc.gau.ac.ir/article_6815_bbbb7b3ce02a0a8b69a783118f1d4b22.pdf,https://jwsc.gau.ac.ir/article_6815_bbbb7b3ce02a0a8b69a783118f1d4b22.pdf,DOAJ,کارون,,0.4756,resolving DOI
hold,Iran basins/projects,بررسی شدت سیل‌خیزی زیرحوضه های کارون و عوامل مؤثر بر آن در شبیه سازی مدیریت یکپارچه و نیمه‌توزیعی سیلاب,فاطمه کاراندیش | کیومرث ابراهیمی | جهانگیر پرهمت,2014,مدیریت آب و آبیاری,"University of Tehran, College of Aburaihan",10.22059/jwim.2014.50038,https://jwim.ut.ac.ir/article_50038_5c78703a1d728dd4e580d504667f03b3.pdf,https://jwim.ut.ac.ir/article_50038_5c78703a1d728dd4e580d504667f03b3.pdf,DOAJ,کارون,,0.4286,no resolving DOI or live landing page
eligible,Iran basins/projects,بررسی تصاویر ذهنی ارزیابانه شهروندان در کناره رود کارون (نمونه موردی: حدفاصل پل سفید و پل طبیعت),محمد دیده بان | شیرین سردار  موری | پریسا انصاریان | پرنیان زاده مراد,2020,معماری و شهرسازی ایران,Iranian Scientific Association of Architecture & Urbanism,10.30475/isau.2020.145165.1061,http://www.isau.ir/article_110055_775054b2f28b95bdcda5ba707b907960.pdf,http://www.isau.ir/article_110055_775054b2f28b95bdcda5ba707b907960.pdf,DOAJ,کارون,,0.4286,resolving DOI
eligible,Iran basins/projects,ارزیابی مقایسه‌ای وضعیت رودخانه کارون براساس شاخص‌های کیفیت آب و آلودگی (مطالعه موردی: شهرستان باوی),کبری حمیدی | میترا چراغی | کامران الماسیه,2024,علوم و مهندسی آبیاری,Shahid Chamran University of Ahvaz,10.22055/jise.2024.46748.2125,https://jise.scu.ac.ir/article_19206_3ae13d36e2aeaa0c5a9621fb9fab74de.pdf,https://jise.scu.ac.ir/article_19206_3ae13d36e2aeaa0c5a9621fb9fab74de.pdf,DOAJ,کارون,,0.4731,resolving DOI
hold,Iran basins/projects,برآورد سیلاب حوضه های فاقد آمار به روش آبنمود واحد لحظه ای زمین ریخت شناسی(مطالعه موردی: حوضه آبخیز شور اندیکا رود کارون),تورج سبزواری | علی حسن نژاد | سیدعبدالنبی رضوی,2011,مهندسی منابع آب,"Marvdasht Branch, Islamic Azad University",,https://wej.marvdasht.iau.ir/article_1614_d7de7a62d39679c6878e1fff0668d999.pdf,https://wej.marvdasht.iau.ir/article_1614_d7de7a62d39679c6878e1fff0668d999.pdf,DOAJ,کارون,,0.4975,no resolving DOI or live landing page
eligible,Iran basins/projects,برآورد حداقل جریان آب زیست‌محیطی مورد نیاز رودخانه کارون در بالادست و پایین‌دست سد بهشت‌آباد,فاطمه حیات غیبی | ناصر شاهنوشی | بیژن قهرمان | حسین صمدی | محمد قربانی | محمود صبوحی صابونی,2021,مجله آب و خاک,Ferdowsi University of Mashhad,10.22067/jsw.2021.67064.0,https://jsw.um.ac.ir/article_39910_6289816886d87453b977b1667f5ca9fc.pdf,https://jsw.um.ac.ir/article_39910_6289816886d87453b977b1667f5ca9fc.pdf,DOAJ,کارون,,0.5,resolving DOI
eligible,Iran basins/projects,مقایسه رویکردهای مختلف در تخمین سری‌های زمانی جریان (مطالعه موردی: ایستگاه هیدرومتری ملاثانی-رودخانه کارون),سجاد محمدزاده وطن چی | محمود فغفور مغربی,2025,هیدرولیک,Iranian Hydraulic Association,10.30482/jhyd.2024.466187.1710,https://jhyd.iha.ir/article_218264_a541c3a8a36439935482435d407a7f21.pdf,https://jhyd.iha.ir/article_218264_a541c3a8a36439935482435d407a7f21.pdf,DOAJ,کارون,,0.5291,resolving DOI
eligible,Iran basins/projects,ارزیابی جامع کیفیت آب‌های سطحی و تناسب آنها برای مصارف شرب و آبیاری: مطالعه موردی حوضه رودخانه کارون و دز,علیرضا ایلدرمی | نسرین حسن زاده | فریبا هدایت زاده,2023,هیدروژئومورفولوژی,University of Tabriz,10.22034/hyd.2022.48704.1610,https://hyd.tabrizu.ac.ir/article_14908_9304b38315b4e97feadca0c151cf0dfa.pdf,https://hyd.tabrizu.ac.ir/article_14908_9304b38315b4e97feadca0c151cf0dfa.pdf,DOAJ,کارون,,0.487,resolving DOI
hold,Iran basins/projects,بررسی رابطه بین استفاده از اراضی با بار رسوبی به منظور ارزیابی دقت مدلEuroSEM  در بخشی از زیرحوضه آب خیز کارون شمالی,,2013,مدیریت خاک و تولید پایدار,Gorgan University of Agricultural Sciences and Natural Resources,,https://ejsms.gau.ac.ir/article_1270_e77afd1d81cd6621dc3aa3f9c859ac8e.pdf,https://ejsms.gau.ac.ir/article_1270_e77afd1d81cd6621dc3aa3f9c859ac8e.pdf,DOAJ,کارون,,0.4593,no resolving DOI or live landing page
hold,Iran basins/projects,تحلیل عدم قطعیت تراز سطح آب مخازن سد کارون و دز ناشی از عدم قطعیت هیدروگراف جریان‌های ورودی,بهار محمدی | مهدی رادفر | حسین فتحیان | رسول میرعباسی نجف آبادی,2023,مدیریت آب و آبیاری,"University of Tehran, College of Aburaihan",10.22059/jwim.2023.358580.1071,https://jwim.ut.ac.ir/article_93384_20fd7b20e7dd28233ee9359d290e2217.pdf,https://jwim.ut.ac.ir/article_93384_20fd7b20e7dd28233ee9359d290e2217.pdf,DOAJ,کارون,,0.4286,no resolving DOI or live landing page
eligible,Iran basins/projects,پهنه بندی استعداد اراضی نسبت به وقوع زمین لغزش با روش های دمپستر-شیفر و نسبت فراوانی در حوضه ‏سرخون کارون,علیرضا عرب عامری | کورش شیرانی | خلیل رضایی,2017,پژوهش‌های حفاظت آب و خاک,Gorgan University of Agricultural Sciences and Natural Resources,10.22069/jwfst.2017.11196.2554,https://jwsc.gau.ac.ir/article_3748_5bddd844c84890fc59b921c033d42554.pdf,https://jwsc.gau.ac.ir/article_3748_5bddd844c84890fc59b921c033d42554.pdf,DOAJ,کارون,,0.5,resolving DOI
eligible,Iran basins/projects,کاربرد مدل تلفیقی تبدیل موجک و شبکه عصبی مصنوعی در پایش خشک سالی هواشناسی (مطالعه موردی: حوضه آبریز کوهرنگ),مرضیه بهرامی سامانی | رسول میرعباسی نجف آبادی | احمدرضا قاسمی دستگردی | سجاد عبداللهی,2021,علوم و مهندسی آبیاری,Shahid Chamran University of Ahvaz,10.22055/jise.2020.31370.1884,https://jise.scu.ac.ir/article_15628_e6ebe1389e4215942834e162392e6815.pdf,https://jise.scu.ac.ir/article_15628_e6ebe1389e4215942834e162392e6815.pdf,DOAJ,کوهرنگ,,0.5,resolving DOI
eligible,Iran basins/projects,بررسی تاثیر تغییر اقلیم بر روند و توزیع دمایی فاز بارش در حوضه برفی-بارانی بهشت آباد و کوهرنگ,میثم صدریان زاده | حسین قربانی زاده خرازی | حسین اسلامی | حسین فتحیان | عبدالرسول تلوری,2021,پژوهش‌های حفاظت آب و خاک,Gorgan University of Agricultural Sciences and Natural Resources,10.22069/jwsc.2022.19626.3509,https://jwsc.gau.ac.ir/article_5951_bb2bade1f94346864b0c062d65898855.pdf,https://jwsc.gau.ac.ir/article_5951_bb2bade1f94346864b0c062d65898855.pdf,DOAJ,بهشت آباد | کوهرنگ,,0.5561,resolving DOI
eligible,Iran basins/projects,تخمین رسوب معلق رودخانه بهشت آباد با استفاده از شبکه عصبی مصنوعی,,2012,پژوهش‌های حفاظت آب و خاک,Gorgan University of Agricultural Sciences and Natural Resources,,https://jwsc.gau.ac.ir/article_487_6ce92c812500b084470f4430d1492aac.pdf,https://jwsc.gau.ac.ir/article_487_6ce92c812500b084470f4430d1492aac.pdf,DOAJ,بهشت آباد,,0.5833,live scholarly landing page
eligible,Iran basins/projects,به¬کارگیری روش تحلیل تاکسونومی به¬منظور انتخاب سیستم نگهداری مناسب تونل انتقال آب بهشت آباد,محمد حیاتی | محمد عطایی | رامین رفیعی | سیدمحمد اسماعیل جلالی,2013,نشریه مهندسی معدن,Iranian Society of Mining Engineering,,https://ijme.iranjournals.ir/article_4603_560ee4eb090ca996528297fb2eef680a.pdf,https://ijme.iranjournals.ir/article_4603_560ee4eb090ca996528297fb2eef680a.pdf,DOAJ,بهشت آباد,,0.8,live scholarly landing page
eligible,Iran basins/projects,ارزیابی ارزش‌های بوم‌شناختی تالاب‌های استان اصفهان (مطالعه موردی: تالاب گاوخونی),,2017,محیط زیست و توسعه فرابخشی,Research Center for Environment and Sustainable Development (RCESD),,https://www.envjournal.ir/article_60424_df09761427d139445a79c81875643b69.pdf,https://www.envjournal.ir/article_60424_df09761427d139445a79c81875643b69.pdf,DOAJ,گاوخونی,,0.494,live scholarly landing page
eligible,Iran basins/projects,رسوب‌شناسی، کانی‌شناسی و ژئوشیمی رسوبی توالی کواترنری پایانی رسوبات بستر پلایای گاوخونی با نگاهی بر اقلیم دیرینه,طاهره جلیلیان | علیرضا تقیان | راضیه لک | جواد درویشی خاتونی,2022,مطالعات جغرافیایی مناطق خشک,Hakim Sabzevari University,,https://jargs.hsu.ac.ir/article_161563_cde530e94770144897ea9d47b69ea7e9.pdf,https://jargs.hsu.ac.ir/article_161563_cde530e94770144897ea9d47b69ea7e9.pdf,DOAJ,گاوخونی,,0.41,live scholarly landing page
eligible,Iran basins/projects,تحلیل بنیادهای امنیتی مسئله بحران آب در حوضه آبریز گاوخونی,اسماعیل دهقان | زکیه آفتابی | مراد کاویانی راد | حسین ربیعی,2026,جغرافیا و آینده پژوهی منطقه‌ای,Urmia University,10.30466/grfs.2026.56467.1145,https://grfs.urmia.ac.ir/article_121946_66247c42c7bf70ada8651d1de9c0a58b.pdf,https://grfs.urmia.ac.ir/article_121946_66247c42c7bf70ada8651d1de9c0a58b.pdf,DOAJ,گاوخونی,,0.5306,resolving DOI
eligible,Global interbasin-transfer literature,Inter-basin water transfer in China,,2007,Inter-Basin Water Transfer,Cambridge University Press,10.1017/cbo9780511535697.015,https://doi.org/10.1017/cbo9780511535697.015,,Crossref,inter-basin water transfer,,0.8333,resolving DOI
eligible,Global interbasin-transfer literature,Inter-basin water transfer in Canada,,2007,Inter-Basin Water Transfer,Cambridge University Press,10.1017/cbo9780511535697.014,https://doi.org/10.1017/cbo9780511535697.014,,Crossref,inter-basin water transfer,,0.8333,resolving DOI
eligible,Global interbasin-transfer literature,Damanganga Pinjal Inter basin water transfer,,2017,International Journal of Modern Trends in Engineering &amp; Research,International Journal of Modern Trends in Engineering and Research,10.21884/ijmter.2017.4235.tatqv,https://doi.org/10.21884/ijmter.2017.4235.tatqv,,Crossref,inter-basin water transfer,,0.6667,resolving DOI
eligible,Global interbasin-transfer literature,Issues in inter-basin water transfer,,2007,Inter-Basin Water Transfer,Cambridge University Press,10.1017/cbo9780511535697.004,https://doi.org/10.1017/cbo9780511535697.004,,Crossref,inter-basin water transfer,,0.8333,resolving DOI
hold,Global interbasin-transfer literature,Inter-basin Water Transfer: Ecological Concerns,Michael R. Meador,1992,Fisheries,Oxford University Press (OUP),10.1577/1548-8446(1992)017<0017:iwtec>2.0.co;2,https://doi.org/10.1577/1548-8446(1992)017<0017:iwtec>2.0.co;2,,Crossref,inter-basin water transfer,,0.6981,no resolving DOI or live landing page
hold,Global interbasin-transfer literature,Water Transfer Energy Efficiency Index for inter‐basin water transfer projects,Sooyeon Yi,2024,Water and Environment Journal,Wiley,10.1111/wej.12929,https://doi.org/10.1111/wej.12929,,Crossref,inter-basin water transfer,,0.5736,no resolving DOI or live landing page
eligible,Global interbasin-transfer literature,Inter-basin Water Transfer and Policies of Water Resource Management,Narendra Kumar | Anjali Verma,2019,Environmental Concerns and Sustainable Development,Springer Singapore,10.1007/978-981-13-5889-0_13,https://doi.org/10.1007/978-981-13-5889-0_13,,Crossref,inter-basin water transfer,,0.75,resolving DOI
hold,Global interbasin-transfer literature,Effects of Inter-Basin Water Transfer on Water Flow Condition of Destination Basin,Dieu Tien Bui | Dawood Talebpour Asl | Ezatolla Ghanavati | Nadhir Al-Ansari | Saeed Khezri | Kamran Chapi | Ata Amini | Binh Thai Pham,2020,Sustainability,MDPI AG,10.3390/su12010338,https://doi.org/10.3390/su12010338,,Crossref,inter-basin water transfer,,0.7,no resolving DOI or live landing page
eligible,Global interbasin-transfer literature,Global energy consumption of inter-basin water transfer megaprojects,Michele Magni | Karsten de Pauw | Jennie C. Steyaert | Michelle T. H. van Vliet,2025,,Copernicus GmbH,10.5194/egusphere-egu25-2819,https://doi.org/10.5194/egusphere-egu25-2819,,Crossref,inter-basin water transfer,,0.6349,resolving DOI
eligible,Global interbasin-transfer literature,Comprehensive Impact Assessment Technology for Inter-Basin Water Transfer,Xinying Fan | Dengming Yan | Laihong Jing | Chaoqun Li | Lin Du | Yu Zhang | Yisi Lu | Bo Cang,2024,Advances in Transdisciplinary Engineering,IOS Press,10.3233/atde241063,https://doi.org/10.3233/atde241063,,Crossref,inter-basin water transfer,,0.6935,resolving DOI
eligible,Global interbasin-transfer literature,Use of geoinformatics for inter-basin water transfer assessment,Niladri Gupta | Petter Pilesjo | Ben Maathuis,2010,Water Resources,Pleiades Publishing Ltd,10.1134/s0097807810050039,https://doi.org/10.1134/s0097807810050039,https://link.springer.com/content/pdf/10.1134/S0097807810050039.pdf,Crossref,inter-basin water transfer,,0.75,resolving DOI
eligible,Global interbasin-transfer literature,Financing Model Decision of Inter-basin Water Transfer Projects,Ji-wei Zhu | Li-nan Zhou | Zhao Zhai | Cong Wang,2016,Frontiers of Engineering Management,China Engineering Science Press Co. Ltd.,10.15302/j-fem-2016060,https://doi.org/10.15302/j-fem-2016060,,Crossref,inter-basin water transfer,,0.7778,resolving DOI
eligible,Global interbasin-transfer literature,"Inter-basin water transfer, successes, failures and the future",,2007,Inter-Basin Water Transfer,Cambridge University Press,10.1017/cbo9780511535697.017,https://doi.org/10.1017/cbo9780511535697.017,,Crossref,inter-basin water transfer,,0.6667,resolving DOI
hold,Global interbasin-transfer literature,Water Allocation in Inter-Basin Water Transfer with the Virtual Water Approach,Hamid Reza Dehghan Manshadi | Mohammad Hossein Niksokhan | Mojtaba Ardestani,2013,World Environmental and Water Resources Congress 2013,American Society of Civil Engineers,10.1061/9780784412947.247,https://doi.org/10.1061/9780784412947.247,,Crossref,inter-basin water transfer,,0.6,no resolving DOI or live landing page
eligible,Global interbasin-transfer literature,Tennessee's Inter-Basin Water Transfer Act: a changing water policy agenda,D Feldman,2001,Water Policy,Elsevier BV,10.1016/s1366-7017(01)00002-2,https://doi.org/10.1016/s1366-7017(01)00002-2,,Crossref,inter-basin water transfer,,0.6316,resolving DOI
hold,Global interbasin-transfer literature,Water allocation between states in inter-basin water transfer in India,Anik Bhaduri | Edward B. Barbier,2011,International Journal of River Basin Management,Informa UK Limited,10.1080/15715124.2011.607823,https://doi.org/10.1080/15715124.2011.607823,,Crossref,inter-basin water transfer,,0.6667,no resolving DOI or live landing page
hold,Global interbasin-transfer literature,Inter‐Basin Water Transfer Effectively Compensates for Regional Unsustainable Water Use,Jianzhi Dong | Xi Chen | Yuxi Li | Man Gao | Lingna Wei | Natthachet Tangdamrongsu | Wade T. Crow,2023,Water Resources Research,American Geophysical Union (AGU),10.1029/2023wr035129,https://doi.org/10.1029/2023wr035129,,Crossref,inter-basin water transfer,,0.5578,no resolving DOI or live landing page
eligible,Global interbasin-transfer literature,Inter-basin water transfer policies and water-use technical efficiency: China's South-North Water Transfer Project,Jichuan Sheng | Wenge Qiu,2023,Socio-Economic Planning Sciences,Elsevier BV,10.1016/j.seps.2022.101432,https://doi.org/10.1016/j.seps.2022.101432,,Crossref,inter-basin water transfer,,0.625,resolving DOI
hold,Global interbasin-transfer literature,Inter-Basin Water Transfer Supply Chain Coordination with Ramsey Pricing,Zhisong Chen | Keith C.K. Cheung | Manyi Tan,2019,International Journal of Environmental Research and Public Health,MDPI AG,10.3390/ijerph16193651,https://doi.org/10.3390/ijerph16193651,,Crossref,inter-basin water transfer,,0.5594,no resolving DOI or live landing page
eligible,Global interbasin-transfer literature,Optimal Operation of Bidirectional Inter-Basin Water Transfer-Supply System,Qiang Wang | Huicheng Zhou | Guohua Liang | Haijun Xu,2015,Water Resources Management,Springer Science and Business Media LLC,10.1007/s11269-014-0905-7,https://doi.org/10.1007/s11269-014-0905-7,http://link.springer.com/content/pdf/10.1007/s11269-014-0905-7.pdf,Crossref,inter-basin water transfer,,0.625,resolving DOI
eligible,Global interbasin-transfer literature,Complex network-based analysis of inter-basin water transfer networks,Lichuan Wang | Fan He | Yong Zhao | Jianhua Wang | Peiyi Lu | Zhigang Ou | Yage Jia,2023,Ecological Indicators,Elsevier BV,10.1016/j.ecolind.2023.111197,https://doi.org/10.1016/j.ecolind.2023.111197,,Crossref,inter-basin water transfer,,0.6667,resolving DOI
eligible,Global interbasin-transfer literature,Some of the Australian pioneers of inter-basin water transfer,,2007,Inter-Basin Water Transfer,Cambridge University Press,10.1017/cbo9780511535697.018,https://doi.org/10.1017/cbo9780511535697.018,,Crossref,inter-basin water transfer,,0.6723,resolving DOI
eligible,Global interbasin-transfer literature,Inter-basin water transfer in the United States of America,,2007,Inter-Basin Water Transfer,Cambridge University Press,10.1017/cbo9780511535697.013,https://doi.org/10.1017/cbo9780511535697.013,,Crossref,inter-basin water transfer,,0.7,resolving DOI
eligible,Global interbasin-transfer literature,Inter-basin water transfer and water security: A landscape sustainability science perspective,Xin Wang | Zhifeng Liu | Jianguo Wu,2025,Journal of Environmental Management,Elsevier BV,10.1016/j.jenvman.2025.126326,https://doi.org/10.1016/j.jenvman.2025.126326,,Crossref,inter-basin water transfer,,0.625,resolving DOI
eligible,Global interbasin-transfer literature,Effects of Inter-Basin Water Transfer Project Operation for Emergency Water Supply,Youngje Choi | Jaehwang Ahn | Jungwon Ji | Eunkyung Lee | Jaeeung Yi,2020,Water Resources Management,Springer Science and Business Media LLC,10.1007/s11269-020-02574-9,https://doi.org/10.1007/s11269-020-02574-9,https://link.springer.com/content/pdf/10.1007/s11269-020-02574-9.pdf,Crossref,inter-basin water transfer,,0.625,resolving DOI
eligible,Global interbasin-transfer literature,Water Transfer Triggering Mechanism for Multi-Reservoir Operation in Inter-Basin Water Transfer-Supply Project,Xiang Zeng | Tiesong Hu | Xuning Guo | Xinjie Li,2014,Water Resources Management,Springer Science and Business Media LLC,10.1007/s11269-014-0541-2,https://doi.org/10.1007/s11269-014-0541-2,http://link.springer.com/content/pdf/10.1007/s11269-014-0541-2.pdf,Crossref,inter-basin water transfer,,0.5192,resolving DOI
hold,Global interbasin-transfer literature,"Impacts of climate change on water resources and inter-basin water transfer: The Loukkos basin, Morocco",Ikram Benchbani | Mahmoud Zemzami | Karima Sebari | Wafae El Harraki | Khamouna Dalal,2026,Journal of Water and Land Development,Polish Academy of Sciences Chancellery,10.24425/jwld.2026.158718,https://doi.org/10.24425/jwld.2026.158718,https://wydawnictwo.pan.pl/index.php/jwld/article/download/1483/1075,Crossref,inter-basin water transfer,,0.75,no resolving DOI or live landing page
eligible,Global interbasin-transfer literature,Evaluating Spatiotemporal Variations in the Impact of Inter-basin Water Transfer Projects in Water-receiving Basin,Lijun Jiao | Ruimin Liu | Linfang Wang | Lin Li | Leiping Cao,2021,Water Resources Management,Springer Science and Business Media LLC,10.1007/s11269-021-03011-1,https://doi.org/10.1007/s11269-021-03011-1,https://link.springer.com/content/pdf/10.1007/s11269-021-03011-1.pdf,Crossref,inter-basin water transfer,,0.625,resolving DOI
eligible,Global interbasin-transfer literature,Optimizing Inter-Basin Water Transfer for Sustainable Energy Management and Multipurpose Water Utilization,Attila Kálmán | Antal Bakonyi | Máté Chappon | Katalin Bene,2025,Advances in Science and Technology,Trans Tech Publications Ltd,10.4028/p-jawpd3,https://doi.org/10.4028/p-jawpd3,,Crossref,inter-basin water transfer,,0.625,resolving DOI
eligible,Global interbasin-transfer literature,Evaluating the Relative Power of Water Users in Inter-Basin Water Transfer Systems,Armaghan Abed-Elmdoust | Reza Kerachian,2014,Water Resources Management,Springer Science and Business Media LLC,10.1007/s11269-013-0495-9,https://doi.org/10.1007/s11269-013-0495-9,http://link.springer.com/content/pdf/10.1007/s11269-013-0495-9.pdf,Crossref,inter-basin water transfer,,0.6667,resolving DOI
eligible,Global interbasin-transfer literature,Optimizing sustainable water resource utilization of inter-basin water transfer under climate change,,2026,"MODSIM2025, 26th International Congress on Modelling and Simulation.",Modelling and Simulation Society of Australia and New Zealand,10.36334/modsim2025.j08.fan,https://doi.org/10.36334/modsim2025.j08.fan,,Crossref,inter-basin water transfer,,0.625,resolving DOI
hold,Global interbasin-transfer literature,Modelling Water Quality Improvements in a South Korean Inter-Basin Water Transfer System,Hye Won Lee | Bo-Min Yeom | Jung Hyun Choi,2020,Water,MDPI AG,10.3390/w12113173,https://doi.org/10.3390/w12113173,,Crossref,inter-basin water transfer,,0.6091,no resolving DOI or live landing page
eligible,Global interbasin-transfer literature,Multi-Agent System Computing And Simulation Of Inter-Basin Water Transfer,Wei Huang | Xingnan Zhang | Jianying Wang,2011,Intelligent Automation &amp; Soft Computing,"Computers, Materials and Continua (Tech Science Press)",10.1080/10798587.2011.10643197,https://doi.org/10.1080/10798587.2011.10643197,,Crossref,inter-basin water transfer,,0.75,resolving DOI
eligible,Global interbasin-transfer literature,Unit Reference Value: Application in appraising inter-basin water transfer projects,PH Van Niekerk | JA Du Plessis,2013,Water SA,Academy of Science of South Africa,10.4314/wsa.v39i4.14,https://doi.org/10.4314/wsa.v39i4.14,,Crossref,inter-basin water transfer,,0.5714,resolving DOI
eligible,Global interbasin-transfer literature,Inter-basin water transfer from coastal basins of New South Wales,,2007,Inter-Basin Water Transfer,Cambridge University Press,10.1017/cbo9780511535697.007,https://doi.org/10.1017/cbo9780511535697.007,,Crossref,inter-basin water transfer,,0.656,resolving DOI
eligible,Global interbasin-transfer literature,Eco-environmental impact of inter-basin water transfer projects: a review,Wen Zhuang,2016,Environmental Science and Pollution Research,Springer Science and Business Media LLC,10.1007/s11356-016-6854-3,https://doi.org/10.1007/s11356-016-6854-3,http://link.springer.com/content/pdf/10.1007/s11356-016-6854-3.pdf,Crossref,inter-basin water transfer,,0.6861,resolving DOI
hold,Global interbasin-transfer literature,Empirical evaluation of river basin sustainability affected by inter‐basin water transfer using composite indicators,Maryam Kefayati | Bahram Saghafian | Azadeh Ahmadi | Hossein Babazadeh,2017,Water and Environment Journal,Wiley,10.1111/wej.12304,https://doi.org/10.1111/wej.12304,https://api.wiley.com/onlinelibrary/tdm/v1/articles/10.1111%2Fwej.12304,Crossref,inter-basin water transfer,,0.625,no resolving DOI or live landing page
eligible,Global interbasin-transfer literature,Inter-basin water transfer: A sustainable solution or an ephemeral painkiller to water shortage?,Shahin Salimpour Naghani | Mehdi Azhdary Moghaddam | Seyed Arman Hashemi Monfared,2023,"Environment, Development and Sustainability",Springer Science and Business Media LLC,10.1007/s10668-023-03589-z,https://doi.org/10.1007/s10668-023-03589-z,https://link.springer.com/content/pdf/10.1007/s10668-023-03589-z.pdf,Crossref,inter-basin water transfer,,0.7644,resolving DOI
eligible,Global interbasin-transfer literature,The Water Rebound Effect in Inter-Basin Water Transfer: A Letter to the Editor,Yasin Nazari | Mohammad Mobini Lotfabad,2025,Journal of Rafsanjan University of Medical Sciences,InkVista Publishing House,10.66224/jrums.24.8.767,https://doi.org/10.66224/jrums.24.8.767,https://journal.rums.ac.ir/article-1-7737-en.pdf,Crossref,inter-basin water transfer,,0.5915,resolving DOI
eligible,Global interbasin-transfer literature,Impact of Climate Change on Water Transfer Scale of Inter-basin Water Diversion Project,Tao Bai | Lei Li | Peng-fei Mu | Bao-zhu Pan | Jin Liu,2022,Water Resources Management,Springer Science and Business Media LLC,10.1007/s11269-022-03387-8,https://doi.org/10.1007/s11269-022-03387-8,https://link.springer.com/content/pdf/10.1007/s11269-022-03387-8.pdf,Crossref,inter-basin water transfer,,0.625,resolving DOI
eligible,Global interbasin-transfer literature,Beyond immediate relief: Investigating multi-faceted water management in inter-basin water transfer projects,Omid Ghadirian Baharanchi | Ali Lotfi | Rasoul Yousefpour,2024,Journal of Cleaner Production,Elsevier BV,10.1016/j.jclepro.2024.143243,https://doi.org/10.1016/j.jclepro.2024.143243,,Crossref,inter-basin water transfer,,0.6,resolving DOI
hold,Global interbasin-transfer literature,"Impacts of Inter-Basin Water Transfer Projects on Optimal Water Resources Allocation in the Hanjiang River Basin, China",Jing Tian | Dedi Liu | Shenglian Guo | Zhengke Pan | Xingjun Hong,2019,Sustainability,MDPI AG,10.3390/su11072044,https://doi.org/10.3390/su11072044,,Crossref,inter-basin water transfer,,0.7273,no resolving DOI or live landing page
hold,Global interbasin-transfer literature,A set of linked optimization models for an inter-basin water transfer,D. Rani | D.K. Srivastava | T.R. Gulati,2015,Hydrological Sciences Journal,Informa UK Limited,10.1080/02626667.2014.986484,https://doi.org/10.1080/02626667.2014.986484,,Crossref,inter-basin water transfer,,0.625,no resolving DOI or live landing page
eligible,Global interbasin-transfer literature,Input variable selection for ecological modelling in inter-basin water transfer management,,2011,"Chan, F., Marinova, D. and Anderssen, R.S. (eds) MODSIM2011, 19th International Congress on Modelling and Simulation.","Modelling and Simulation Society of Australia and New Zealand (MSSANZ), Inc.",10.36334/modsim.2011.i11.fornarelli,https://doi.org/10.36334/modsim.2011.i11.fornarelli,,Crossref,inter-basin water transfer,,0.6,resolving DOI
eligible,Global interbasin-transfer literature,Planning for inter-basin water transfer in a large system in India,S.K. Jain | N.S.R.K. Reddy | U.C. Chaube,2020,Hydrology and Water Resources,CRC Press,10.1201/9781003078845-30,https://doi.org/10.1201/9781003078845-30,,Crossref,inter-basin water transfer,,0.5983,resolving DOI
eligible,Global interbasin-transfer literature,“Inter Basin Water Transfer (IBWT)”-A Case Study on Krishna – Bhima Stabilization,Atharva M Joshi | Abhishek V Bathe | Ashwini A Pakhare | Purvashree R Bhelose | Dr. Navnath Khadake,2022,International Journal for Research in Applied Science and Engineering Technology,International Journal for Research in Applied Science and Engineering Technology,10.22214/ijraset.2022.41993,https://doi.org/10.22214/ijraset.2022.41993,,Crossref,inter-basin water transfer,,0.5833,resolving DOI
eligible,Global interbasin-transfer literature,Inter-basin water transfers and water rebound effects: The South-North water transfer Project in China,Jichuan Sheng | Ruzhu Zhang | Hongqiang Yang,2024,Journal of Hydrology,Elsevier BV,10.1016/j.jhydrol.2024.131516,https://doi.org/10.1016/j.jhydrol.2024.131516,,Crossref,inter-basin water transfer,,0.625,resolving DOI
eligible,Global interbasin-transfer literature,Bottom-up quantification of inter-basin water transfer vulnerability to climate change,Enze Zhang | Xin'an Yin | Zhihao Xu | Zhifeng Yang,2018,Ecological Indicators,Elsevier BV,10.1016/j.ecolind.2017.04.019,https://doi.org/10.1016/j.ecolind.2017.04.019,,Crossref,inter-basin water transfer,,0.625,resolving DOI
eligible,Global interbasin-transfer literature,Multi-reservoir joint operating rule in inter-basin water transfer-supply project,AnBang Peng | Yong Peng | HuiCheng Zhou | Chi Zhang,2014,Science China Technological Sciences,Springer Science and Business Media LLC,10.1007/s11431-014-5641-y,https://doi.org/10.1007/s11431-014-5641-y,http://link.springer.com/content/pdf/10.1007/s11431-014-5641-y.pdf,Crossref,inter-basin water transfer,,0.6034,resolving DOI
eligible,Global interbasin-transfer literature,Study on Three-Dimensional Visual Simulation for Inter-Basin Water Transfer Project,Qian Wei Wang | Rui Rui Sun | Wei Ping Guo,2012,Applied Mechanics and Materials,"Trans Tech Publications, Ltd.",10.4028/www.scientific.net/amm.256-259.2523,https://doi.org/10.4028/www.scientific.net/amm.256-259.2523,,Crossref,inter-basin water transfer,,0.6486,resolving DOI
eligible,Global interbasin-transfer literature,Inter-basin water transfer will face greater drought risk in the future,Lichuan Wang | Fan He | Yong Zhao | Jianhua Wang | Peiyi Lu | Yage Jia | Kuan Liu | Haodong Deng | Hao Cui,2025,Journal of Environmental Management,Elsevier BV,10.1016/j.jenvman.2025.125649,https://doi.org/10.1016/j.jenvman.2025.125649,,Crossref,inter-basin water transfer,,0.625,resolving DOI
eligible,Global interbasin-transfer literature,Impact of Inter-Basin Water Transfer on Water Scarcity in Water-Receiving Area under Global Warming,Yuanyuan Yin | Qiuhong Tang | Lei Wang,2022,Climate Risk and Sustainable Water Management,Cambridge University Press,10.1017/9781108787291.015,https://doi.org/10.1017/9781108787291.015,,Crossref,inter-basin water transfer,,0.625,resolving DOI
eligible,Global interbasin-transfer literature,Systematic impact assessment on inter-basin water transfer projects of the Hanjiang River Basin in China,Yanlai Zhou | Shenglian Guo | Xingjun Hong | Fi-John Chang,2017,Journal of Hydrology,Elsevier BV,10.1016/j.jhydrol.2017.08.039,https://doi.org/10.1016/j.jhydrol.2017.08.039,,Crossref,inter-basin water transfer,,0.75,resolving DOI
hold,Global interbasin-transfer literature,Impact Analysis of Inter-Basin Water Transfer on Water Shortage Risk in the Baiyangdian Area,Yuhang Shi | Lixin Zhang | Jinping Zhang,2025,Water,MDPI AG,10.3390/w17152311,https://doi.org/10.3390/w17152311,,Crossref,inter-basin water transfer,,0.75,no resolving DOI or live landing page
hold,Global interbasin-transfer literature,Optimal Water Allocation Model of Inter-Basin Water Transfer Based on Option Contracts under Uncertainty,Zhichao Gao | Minghu Ha | Hong Zhang | Linqing Gao,2023,Journal of Mathematical Finance,"Scientific Research Publishing, Inc.",10.4236/jmf.2023.132013,https://doi.org/10.4236/jmf.2023.132013,https://www.scirp.org/journal/paperinformation?paperid=125276,Crossref,inter-basin water transfer,,0.625,no resolving DOI or live landing page
eligible,Global interbasin-transfer literature,Research and Application of Water Resources Optimized Distribution Model in Inter-Basin Water Transfer Project,Yu Wang | Han Sheng Shi | Jun Wang | Yan Zhang,2015,Applied Mechanics and Materials,"Trans Tech Publications, Ltd.",10.4028/www.scientific.net/amm.737.683,https://doi.org/10.4028/www.scientific.net/amm.737.683,,Crossref,inter-basin water transfer,,0.75,resolving DOI
eligible,Global interbasin-transfer literature,Simulation and Optimization of Multi-Reservoir Operation in Inter-Basin Water Transfer System,Wenquan Gu | Dongguo Shao | Xuezhi Tan | Chen Shu | Zhen Wu,2017,Water Resources Management,Springer Science and Business Media LLC,10.1007/s11269-017-1675-9,https://doi.org/10.1007/s11269-017-1675-9,http://link.springer.com/content/pdf/10.1007/s11269-017-1675-9.pdf,Crossref,inter-basin water transfer,,0.75,resolving DOI
eligible,Global interbasin-transfer literature,"Assessing environmental, economic, and social impacts of inter-basin water transfer in China",Yuan Liu | Zhuohang Xin | Siao Sun | Chi Zhang | Guangtao Fu,2023,Journal of Hydrology,Elsevier BV,10.1016/j.jhydrol.2023.130008,https://doi.org/10.1016/j.jhydrol.2023.130008,,Crossref,inter-basin water transfer,,0.75,resolving DOI
eligible,Global interbasin-transfer literature,Hydrologic-economic appraisal of life-cycle costs of inter-basin water transfer projects,PH Van Niekerk | JA Du Plessis,2013,Water SA,Academy of Science of South Africa,10.4314/wsa.v39i4.13,https://doi.org/10.4314/wsa.v39i4.13,,Crossref,inter-basin water transfer,,0.625,resolving DOI
hold,Global interbasin-transfer literature,Economic Sustainability Evaluation of an Inter-Basin Water Transfer Project Using GWP Statement,Mohammad Karamouz | S. Ali Mojahedi | Asghar Elyasi | Vahid Askarinejad,2012,World Environmental and Water Resources Congress 2009,American Society of Civil Engineers,10.1061/41036(342)385,https://doi.org/10.1061/41036(342)385,,Crossref,inter-basin water transfer,,0.625,no resolving DOI or live landing page
eligible,Global interbasin-transfer literature,Response of cladoceran assemblage to inter-basin water transfer in cascadingpump reservoir systems*,,2025,Chinese Journal of Applied and Environmental Biology,China Science Publishing & Media Ltd.,10.3724/sp.j.1145.2015.10039,https://doi.org/10.3724/sp.j.1145.2015.10039,https://www.sciengine.com/doi/pdf/D9F3DD64F4F34797A67015C5D5739CA7,Crossref,inter-basin water transfer,,0.625,resolving DOI
eligible,Global interbasin-transfer literature,Inter-Basin Water Transfer Public Agreements: A Decision Approach to Quantity and Price,Enrique Ballestero,2004,Water Resources Management,Springer Science and Business Media LLC,10.1023/b:warm.0000015390.39862.b9,https://doi.org/10.1023/b:warm.0000015390.39862.b9,https://link.springer.com/content/pdf/10.1023/B:WARM.0000015390.39862.b9.pdf,Crossref,inter-basin water transfer,,0.625,resolving DOI
eligible,Global interbasin-transfer literature,Investigating of the Positive and Negative Consequencesm of Inter-basin Water Transfer Plans,Hamid Amirnejad |  | Sareh Hosseini |  | Mostafa Saberi | ,2020,journal of watershed management research,CMV Verlag,10.52547/jwmr.11.22.263,https://doi.org/10.52547/jwmr.11.22.263,http://jwmr.sanru.ac.ir/article-1-1005-en.pdf,Crossref,inter-basin water transfer,,0.75,resolving DOI
eligible,Global interbasin-transfer literature,Analysis of asynchronism-synchronism of regional precipitation in inter-basin water transfer areas,Qiang Zhang | Bende Wang | Huiyun Li,2012,Transactions of Tianjin University,Springer Science and Business Media LLC,10.1007/s12209-012-1685-x,https://doi.org/10.1007/s12209-012-1685-x,http://link.springer.com/content/pdf/10.1007/s12209-012-1685-x.pdf,Crossref,inter-basin water transfer,,0.6364,resolving DOI
hold,Global interbasin-transfer literature,Large Scale Distributed Hydrological Model of Inter-basin Water Transfer and its Application,Jun XIA | Ai-zhong YE | Rui WANG | Zhong-gen WANG,2011,South-to-North Water Diversion and Water Science &amp; Technology,China Science Publishing & Media Ltd.,10.3724/sp.j.1201.2011.01001,https://doi.org/10.3724/sp.j.1201.2011.01001,,Crossref,inter-basin water transfer,,0.75,no resolving DOI or live landing page
eligible,Global interbasin-transfer literature,Optimization Operation Model Coupled with Improving Water-Transfer Rules and Hedging Rules for Inter-Basin Water Transfer-Supply Systems,Yong Peng | Jinggang Chu | Anbang Peng | Huicheng Zhou,2015,Water Resources Management,Springer Science and Business Media LLC,10.1007/s11269-015-1029-4,https://doi.org/10.1007/s11269-015-1029-4,http://link.springer.com/content/pdf/10.1007/s11269-015-1029-4.pdf,Crossref,inter-basin water transfer,,0.625,resolving DOI
hold,Global interbasin-transfer literature,Developing a framework for water right allocation in inter-basin water transfer systems under uncertainty: The Solakan–Rafsanjan water transfer experience,Ali Sahebzadeh | Reza Kerachian | Hamidreza Mohabbat | Saeed Ashrafi,2020,Water Supply,IWA Publishing,10.2166/ws.2020.162,https://doi.org/10.2166/ws.2020.162,http://iwaponline.com/ws/article-pdf/20/7/2658/788643/ws020072658.pdf,Crossref,inter-basin water transfer,,0.5243,no resolving DOI or live landing page
eligible,Global interbasin-transfer literature,Towards a resilient water future via inter-basin water transfer: climate impact assessment and feasibility study,Majed Khadem | Richard Dawson | Claire Walsh,2020,,Copernicus GmbH,10.5194/egusphere-egu2020-8033,https://doi.org/10.5194/egusphere-egu2020-8033,,Crossref,inter-basin water transfer,,0.625,resolving DOI
hold,Global interbasin-transfer literature,The Necessity of Inter-Basin Water Transfer Analyzed Based on the Status of Huang-Huai-Hai Basin,Haihong Li | Yangwen Jia | Jianhua Wang | Shaoming Peng,2012,World Environmental and Water Resources Congress 2011,American Society of Civil Engineers,10.1061/41173(414)274,https://doi.org/10.1061/41173(414)274,,Crossref,inter-basin water transfer,,0.6364,no resolving DOI or live landing page
hold,Global interbasin-transfer literature,"Alleviating Water Scarcity in the Central Rift Valley Lakes through an Inter-Basin Water Transfer, Ethiopia",Belete Berhanu | Ethiopia Bisrat,2020,Natural Resources,"Scientific Research Publishing, Inc.",10.4236/nr.2020.1112033,https://doi.org/10.4236/nr.2020.1112033,https://www.scirp.org/journal/paperinformation?paperid=105908,Crossref,inter-basin water transfer,,0.5263,no resolving DOI or live landing page
hold,Global interbasin-transfer literature,Multi-Objective Optimal Scheduling of Generalized Water Resources Based on an Inter-Basin Water Transfer Project,Haichao Xi | Yangyang Xie | Saiyan Liu | Qing Mao | Teng Shen | Qin Zhang,2023,Water,MDPI AG,10.3390/w15183195,https://doi.org/10.3390/w15183195,,Crossref,inter-basin water transfer,,0.625,no resolving DOI or live landing page
eligible,Global interbasin-transfer literature,Bilevel model for multi-reservoir operating policy in inter-basin water transfer-supply project,Xuning Guo | Tiesong Hu | Tao Zhang | Yibing Lv,2012,Journal of Hydrology,Elsevier BV,10.1016/j.jhydrol.2012.01.006,https://doi.org/10.1016/j.jhydrol.2012.01.006,,Crossref,inter-basin water transfer,,0.5699,resolving DOI
eligible,Global interbasin-transfer literature,Bi-Level Optimization for Determining Operating Strategies for Inter-Basin Water Transfer-Supply Reservoirs,Xueping Zhu | Chi Zhang | Guangtao Fu | Yu Li | Wei Ding,2017,Water Resources Management,Springer Science and Business Media LLC,10.1007/s11269-017-1756-9,https://doi.org/10.1007/s11269-017-1756-9,http://link.springer.com/content/pdf/10.1007/s11269-017-1756-9.pdf,Crossref,inter-basin water transfer,,0.5463,resolving DOI
eligible,Global interbasin-transfer literature,How to Develop Inter-Basin Water Transfer Networks: From the Perspective of Complex Network,Lichuan Wang | Fan He | Yong Zhao,2025,,Copernicus GmbH,10.5194/egusphere-egu25-2200,https://doi.org/10.5194/egusphere-egu25-2200,,Crossref,inter-basin water transfer,,0.625,resolving DOI
hold,Global interbasin-transfer literature,Hanjiang River Runoff Change and Its Attribution Analysis Integrating the Inter-Basin Water Transfer,Guangdong Wu | Yuanqing Liu | Bo Liu | Huazhun Ren | Wenpeng Wang | Xiao Zhang | Zhe Yuan | Mingzhi Yang,2023,Water,MDPI AG,10.3390/w15162974,https://doi.org/10.3390/w15162974,,Crossref,inter-basin water transfer,,0.625,no resolving DOI or live landing page
eligible,Global interbasin-transfer literature,Research on Scale Demonstration Technology of Inter Basin Water Transfer Project in Agricultural Irrigation,Jianhua Wang | Baodeng Hou | Yong Zhao | Weihua Xiao | Fan Lu,2021,Water Resources Management,Springer Science and Business Media LLC,10.1007/s11269-021-02999-w,https://doi.org/10.1007/s11269-021-02999-w,https://link.springer.com/content/pdf/10.1007/s11269-021-02999-w.pdf,Crossref,inter-basin water transfer,,0.625,resolving DOI
eligible,Global interbasin-transfer literature,Deriving operating rules for inter-basin water transfer projects incorporating a scenario reduction strategy,Bo Ming | Huayu Zhong | Wei Zhang | Guang Yang | Zeqian Zhao | Qiang Huang,2023,Journal of Hydrology,Elsevier BV,10.1016/j.jhydrol.2023.129854,https://doi.org/10.1016/j.jhydrol.2023.129854,,Crossref,inter-basin water transfer,,0.5631,resolving DOI
hold,Global interbasin-transfer literature,Inter-Basin Water Transfer Green Supply Chain Equilibrium and Coordination under Social Welfare Maximization,Zhisong Chen | Lingling Pei,2018,Sustainability,MDPI AG,10.3390/su10041229,https://doi.org/10.3390/su10041229,,Crossref,inter-basin water transfer,,0.625,no resolving DOI or live landing page
hold,Global interbasin-transfer literature,Study on Ecological Compensation of Inter-Basin Water Transfer Based on Evolutionary Game Theory,Zhuoyue Peng | Hangrong Pu | Yubin Liang,2022,Water,MDPI AG,10.3390/w14213498,https://doi.org/10.3390/w14213498,,Crossref,inter-basin water transfer,,0.6364,no resolving DOI or live landing page
hold,Global interbasin-transfer literature,Inter-Basin Water Transfer Impact Assessment on Environment of Pennar to Cauvery Link Canal,B. S. Prakasa Rao | S. V. J. S. S. Rajesh | K. Niranjan,2016,IRA-International Journal of Technology &amp; Engineering (ISSN 2455-4480),IRA Academico Research,10.21013/jte.v3.n3.p8,https://doi.org/10.21013/jte.v3.n3.p8,,Crossref,inter-basin water transfer,,0.75,no resolving DOI or live landing page
eligible,Global interbasin-transfer literature,Inter-Basin Water Transfer Supply Chain Equilibrium and Coordination: A Social Welfare Maximization Perspective,Zhisong Chen | Shong-Iee Ivan Su | Huimin Wang,2019,Water Resources Management,Springer Science and Business Media LLC,10.1007/s11269-019-02269-w,https://doi.org/10.1007/s11269-019-02269-w,http://link.springer.com/content/pdf/10.1007/s11269-019-02269-w.pdf,Crossref,inter-basin water transfer,,0.625,resolving DOI
eligible,Global interbasin-transfer literature,Application of Machine Learning-based Energy Use Forecasting for Inter-basin Water Transfer Project,Sooyeon Yi | G. Mathias Kondolf | Samuel Sandoval-Solis | Larry Dale,2022,Water Resources Management,Springer Science and Business Media LLC,10.1007/s11269-022-03326-7,https://doi.org/10.1007/s11269-022-03326-7,https://link.springer.com/content/pdf/10.1007/s11269-022-03326-7.pdf,Crossref,inter-basin water transfer,,0.625,resolving DOI
hold,Global interbasin-transfer literature,Study on Urban Rainfall–Runoff Model under the Background of Inter-Basin Water Transfer,Jiashuai Yang | Chaowei Xu | Xinran Ni | Xuantong Zhang,2022,Water,MDPI AG,10.3390/w14172660,https://doi.org/10.3390/w14172660,,Crossref,inter-basin water transfer,,0.7273,no resolving DOI or live landing page
eligible,Global interbasin-transfer literature,The Combined Effects of Inter-Basin Water Transfer and Land Use Change on Water Supply-Demand Risk,Yuhang Zhao | Xuehua Zhao | Qiucen Guo | Wenyu Wu | Zhijing Ren,2023,,Research Square Platform LLC,10.21203/rs.3.rs-3272328/v1,https://doi.org/10.21203/rs.3.rs-3272328/v1,,Crossref,inter-basin water transfer,,0.75,resolving DOI
eligible,Global interbasin-transfer literature,A Quantity-Quality Model for Inter-basin Water Transfer System Using Game Theoretic and Virtual Water Approaches,Hamidreza Dehghan Manshadi | Mohammad Hossein Niksokhan | Mojtaba Ardestani,2015,Water Resources Management,Springer Science and Business Media LLC,10.1007/s11269-015-1076-x,https://doi.org/10.1007/s11269-015-1076-x,http://link.springer.com/content/pdf/10.1007/s11269-015-1076-x.pdf,Crossref,inter-basin water transfer,,0.625,resolving DOI
eligible,Global interbasin-transfer literature,Comprehensive Assessment of Ecological Water Replenishment Effects from Inter-basin Water Transfer in Arid Inland River Basins,Lei Yu | Benyou Jia | Shiqiang Wu | Xiufeng Wu | Luchen Zhang,2026,,Copernicus GmbH,10.5194/egusphere-egu26-16238,https://doi.org/10.5194/egusphere-egu26-16238,,Crossref,inter-basin water transfer,,0.75,resolving DOI
eligible,Global interbasin-transfer literature,Unraveling the effect of inter-basin water transfer on reducing water scarcity and its inequality in China,Siao Sun | Xian Zhou | Haixing Liu | Yunzhong Jiang | Huicheng Zhou | Chi Zhang | Guangtao Fu,2021,Water Research,Elsevier BV,10.1016/j.watres.2021.116931,https://doi.org/10.1016/j.watres.2021.116931,,Crossref,inter-basin water transfer,,0.75,resolving DOI
eligible,Global interbasin-transfer literature,Water-carbon intensity transition driven by the inter-basin water transfer project: spatiotemporal patterns and attribution analysis,Jingru Ji | Jingwen Zhang | Zejun Li | Danni Jia | Tianzi Wang | Kairong Lin | Xiaohong Chen,2026,Journal of Cleaner Production,Elsevier BV,10.1016/j.jclepro.2026.147890,https://doi.org/10.1016/j.jclepro.2026.147890,,Crossref,inter-basin water transfer,,0.625,resolving DOI
eligible,Global interbasin-transfer literature,Impacts of inter-basin water transfer and land use changes on water yield service supply–demand risk,Yuhang Zhao | Xuehua Zhao | Qiucen Guo | Xingtao Fu,2025,Environmental Monitoring and Assessment,Springer Science and Business Media LLC,10.1007/s10661-025-14450-3,https://doi.org/10.1007/s10661-025-14450-3,https://link.springer.com/content/pdf/10.1007/s10661-025-14450-3.pdf,Crossref,inter-basin water transfer,,0.75,resolving DOI
eligible,Global interbasin-transfer literature,Effect of long-distance inter-basin water transfer on the bioavailability of Cu for the receiving water,Yan Zhang | Lei Kang | Shiwei Geng | Jinmei Wang | Cuiling Tan | Xiaoqiao Wang | Weijie Xu | Man Chai,2019,Environmental Science and Pollution Research,Springer Science and Business Media LLC,10.1007/s11356-019-04842-7,https://doi.org/10.1007/s11356-019-04842-7,http://link.springer.com/content/pdf/10.1007/s11356-019-04842-7.pdf,Crossref,inter-basin water transfer,,0.6364,resolving DOI
eligible,Global interbasin-transfer literature,Quantitative assessment and analysis of the impact of inter-basin water transfer on regional water resource stress,Lichuan Wang | Fan He | Yong Zhao | Jianhua Wang | Meng Hao | Peiyi Lu | Yage Jia | Kuan Liu | Haodong Deng,2025,Journal of Hydrology,Elsevier BV,10.1016/j.jhydrol.2025.133090,https://doi.org/10.1016/j.jhydrol.2025.133090,,Crossref,inter-basin water transfer,,0.75,resolving DOI
eligible,Global interbasin-transfer literature,Adaptive Reservoir Operation Management Considering the Influence of Inter-Basin Water Transfer Project on Inflow,Xiaoqi Zhang | Yuan Yang | Yongqiang Wang | Yinghai Li,2023,Lecture Notes in Civil Engineering,Springer Nature Singapore,10.1007/978-981-99-1919-2_5,https://doi.org/10.1007/978-981-99-1919-2_5,,Crossref,inter-basin water transfer,,0.6364,resolving DOI
eligible,Global interbasin-transfer literature,"A new framework for integrated, holistic, and transparent evaluation of inter-basin water transfer schemes",Pammi Sinha | Edward Rollason | Louise J. Bracken | John Wainwright | Sim M. Reaney,2020,Science of The Total Environment,Elsevier BV,10.1016/j.scitotenv.2020.137646,https://doi.org/10.1016/j.scitotenv.2020.137646,,Crossref,inter-basin water transfer,,0.75,resolving DOI
eligible,Global interbasin-transfer literature,Coordinated regulation of inter-basin water transfer projects and cascade reservoirs incorporating fairness and efficiency,Chen Niu | Jianxia Chang | Yimin Wang | Aijun Guo | Xuebin Wang | Zhehao Li,2026,Journal of Hydrology,Elsevier BV,10.1016/j.jhydrol.2026.135647,https://doi.org/10.1016/j.jhydrol.2026.135647,,Crossref,inter-basin water transfer,,0.75,resolving DOI
eligible,Global interbasin-transfer literature,Particle Swarm Optimization applied to Multi-Reservoir Operating Policy in Inter-Basin Water Transfer System,Laassilia Oussama | Ouazar Driss | Bouziane Ahmed | Hasnaoui Moulay Driss,2019,2019 5th International Conference on Optimization and Applications (ICOA),IEEE,10.1109/icoa.2019.8727645,https://doi.org/10.1109/icoa.2019.8727645,,Crossref,inter-basin water transfer,,0.5243,resolving DOI
eligible,Global interbasin-transfer literature,Stream Flow Impacts of Inter-Basin Water Transfer: A Case Study of the Nethravathi River,V. V. Sachin Ramesh | C. Deepa | H. Ramesh,2026,Deltas of the World,Springer Nature Switzerland,10.1007/978-3-032-06500-1_5,https://doi.org/10.1007/978-3-032-06500-1_5,,Crossref,inter-basin water transfer,,0.7273,resolving DOI
eligible,Global interbasin-transfer literature,Inter-basin water transfer-supply model and risk analysis with consideration of rainfall forecast information,ShuFeng Xi | BenDe Wang | GuoHua Liang | XueSen Li | LiLi Lou,2010,Science China Technological Sciences,Springer Science and Business Media LLC,10.1007/s11431-010-4170-6,https://doi.org/10.1007/s11431-010-4170-6,http://link.springer.com/content/pdf/10.1007/s11431-010-4170-6.pdf,Crossref,inter-basin water transfer,,0.75,resolving DOI
hold,Global interbasin-transfer literature,Impact of Inter‐Basin Water Transfer Projects on Regional Ecological Security from a Telecoupling Perspective,Yuan Quan | Chenxing Wang | Yan Yan | Gang Wu | Hongxun Zhang,2016,Sustainability,MDPI AG,10.3390/su8020162,https://doi.org/10.3390/su8020162,,Crossref,inter-basin water transfer,,0.7,no resolving DOI or live landing page
eligible,Global interbasin-transfer literature,Climate Change and Interlinking of Indian Rivers: Lessons from Canadian Inter-Basin Water Transfer Experiences,Deepak Kumar Das,2019,"Nation-Building, Education and Culture in India and Canada",Springer Singapore,10.1007/978-981-13-6741-0_8,https://doi.org/10.1007/978-981-13-6741-0_8,,Crossref,inter-basin water transfer,,0.875,resolving DOI
eligible,Global interbasin-transfer literature,Determination of drought limit water level of importing reservoir in inter-basin water transfer project under changing environment,Jiezhao Wu | Fawen Li | Yong Zhao | Runxiang Cao,2018,Theoretical and Applied Climatology,Springer Science and Business Media LLC,10.1007/s00704-018-2683-2,https://doi.org/10.1007/s00704-018-2683-2,http://link.springer.com/content/pdf/10.1007/s00704-018-2683-2.pdf,Crossref,inter-basin water transfer,,0.625,resolving DOI
eligible,Global interbasin-transfer literature,A multi-scale multi-objective optimization model for water resources scheduling in complex inter-basin water transfer systems,Yuqin Gao | Meijuan Xia | Jingwen Zhang | Xilan Tan | Chenyu Yuan,2025,Journal of Hydrology,Elsevier BV,10.1016/j.jhydrol.2025.134032,https://doi.org/10.1016/j.jhydrol.2025.134032,,Crossref,inter-basin water transfer,,0.5,resolving DOI
eligible,Global interbasin-transfer literature,"Potential Inter-basin Water Transfer from the Kelani River to Mahaweli River, Sri Lanka to Mitigate Water Issues",,2025,International Journal of Environmental Science and Development,EJournal Publishing,10.18178/ijesd.2025.16.1.1508,https://doi.org/10.18178/ijesd.2025.16.1.1508,,Crossref,inter-basin water transfer,,0.5149,resolving DOI
eligible,Global interbasin-transfer literature,Modeling the evolution of water-environment-economy coupling system with the impacts of inter-basin water transfer project,Danni Jia | Jingwen Zhang | Zejun Li | Maoyuan Feng | Kairong Lin | Xiaohong Chen | Xiaohui Lei | Lixin He | Chao Ma | Jingru Ji,2026,Journal of Hydrology,Elsevier BV,10.1016/j.jhydrol.2025.134732,https://doi.org/10.1016/j.jhydrol.2025.134732,,Crossref,inter-basin water transfer,,0.6364,resolving DOI
eligible,Global interbasin-transfer literature,"Environmental impacts of inter-basin water transfer on water quality in the jundiaí-mirim river, south-east brazil",Fernando Henrique Machado | Erik Sartori Jeunon Gontijo | Frederico Guilherme De Souza Beghelli | Felipe Hashimoto Fengler | Gerson Araujo De Medeiros | Afonso Peche Filho | Jener Fernando Leite De Moraes | Regina Marcia Longo | Admilson Irio Ribeiro,2018,"International Journal of Environmental Impacts: Management, Mitigation and Recovery",Acadlore Publishing Services Limited,10.2495/ei-v1-n1-80-91,https://doi.org/10.2495/ei-v1-n1-80-91,,Crossref,inter-basin water transfer,,0.7273,resolving DOI
eligible,Global interbasin-transfer literature,Exploring the water availability and efficiency of inter-basin water transfer projects of urban water supply systems under climate change,Gokhan Cuceloglu | Saeid Ashraf Vaghefi | Karim C. Abbaspour | Izzet Ozturk,2025,Urban Climate,Elsevier BV,10.1016/j.uclim.2025.102582,https://doi.org/10.1016/j.uclim.2025.102582,,Crossref,inter-basin water transfer,,0.75,resolving DOI
hold,Global interbasin-transfer literature,Inter‐basin water transfers in the United States,Philip P. Micklin,2007,International Journal of Water Resources Development,Informa UK Limited,10.1080/07900628408722314,https://doi.org/10.1080/07900628408722314,,Crossref,inter-basin water transfer,,0.75,no resolving DOI or live landing page
hold,Global interbasin-transfer literature,Inter‐basin water diversions: Canadian experiences and perspectives,W. R. Derrick Sewell,2007,International Journal of Water Resources Development,Informa UK Limited,10.1080/07900628408722313,https://doi.org/10.1080/07900628408722313,,Crossref,inter-basin water transfer,,0.625,no resolving DOI or live landing page
hold,Global interbasin-transfer literature,Ecosystem Health Assessment of the Luapula River Basin in Zambia Using Macroinvertebrate Assemblage: A Potential for Inter-Basin Water Transfer,Nathan Nyambe | Chalwe Chibwe | Kawawa Banda | Henry  M. Sichingabula | Imasiku Nyambe,2024,,Elsevier BV,10.2139/ssrn.5039967,https://doi.org/10.2139/ssrn.5039967,,Crossref,inter-basin water transfer,,0.75,no resolving DOI or live landing page
hold,Global interbasin-transfer literature,Inter-Basin Water Transfer Projects and Climate Change: The Role of Allocation Protocols in Economic Efficiency of the Project. Case Study: Dez to Qomrood Inter-Basin Water Transmission Project (Iran),Reza Maknoon | Masoud Kazem | Maryam Hasanzadeh,2012,Journal of Water Resource and Protection,"Scientific Research Publishing, Inc.",10.4236/jwarp.2012.49085,https://doi.org/10.4236/jwarp.2012.49085,https://www.scirp.org/journal/paperinformation?paperid=22510,Crossref,inter-basin water transfer,,0.75,no resolving DOI or live landing page
eligible,Global interbasin-transfer literature,Economic evaluation of the proposed alternatives of inter-basin water transfer from the Baro Akobo to Awash basin in Ethiopia,Dereje Adeba | M. L. Kansal | Sumit Sen,2016,Sustainable Water Resources Management,Springer Science and Business Media LLC,10.1007/s40899-016-0058-3,https://doi.org/10.1007/s40899-016-0058-3,http://link.springer.com/content/pdf/10.1007/s40899-016-0058-3.pdf,Crossref,inter-basin water transfer,,0.625,resolving DOI
hold,Global interbasin-transfer literature,Research Status and Emerging Trends in the Comprehensive Impact of Inter-Basin Water Transfer Projects (IBWTs),Tao Han | Laihong Jing | Dengming Yan | Yisi Lu | Xinying Fan,2025,Water,MDPI AG,10.3390/w17202981,https://doi.org/10.3390/w17202981,,Crossref,inter-basin water transfer,,0.75,no resolving DOI or live landing page
eligible,Global interbasin-transfer literature,Cost-sharing mechanisms for safeguarding water quality in inter-basin water transfer projects: A Stackelberg–evolutionary game analytical framework,Xinyu Liu | Junfei Chen | Menghua Deng | Tonghui Ding | Juan Ji | Chuanyi Wang | Wentong Yang,2026,Journal of Cleaner Production,Elsevier BV,10.1016/j.jclepro.2026.148831,https://doi.org/10.1016/j.jclepro.2026.148831,,Crossref,inter-basin water transfer,,0.5078,resolving DOI
hold,Global interbasin-transfer literature,"The Impact of Inter-Basin Water Transfer between Johor and Singapore on Johor’s Water Supply System, 1927 to 1941",Mohd Firdaus Abdullah | Ruhana Padzil | Arba’iyah Mohd Noor | Mardiana Nordin,2024,MANUSYA: Journal of Humanities,"Office of Academic Resources, Chulalongkorn University",10.1163/26659077-20242712,https://doi.org/10.1163/26659077-20242712,,Crossref,inter-basin water transfer,,0.75,no resolving DOI or live landing page
eligible,Global interbasin-transfer literature,Consideration of Trends in Evaluating Inter-basin Water Transfer Alternatives within a Fuzzy Decision Making Framework,Li Xuesen | Wang Bende | Rajeshwar Mehrotra | Ashish Sharma | Wang Guoli,2009,Water Resources Management,Springer Science and Business Media LLC,10.1007/s11269-009-9430-5,https://doi.org/10.1007/s11269-009-9430-5,http://link.springer.com/content/pdf/10.1007/s11269-009-9430-5.pdf,Crossref,inter-basin water transfer,,0.625,resolving DOI
hold,Global interbasin-transfer literature,AUSTRALIAN-AMERICAN INTERBASIN WATER TRANSFER,M. JOHN LOEFFLER,2010,Annals of the Association of American Geographers,Informa UK Limited,10.1111/j.1467-8306.1970.tb00737.x,https://doi.org/10.1111/j.1467-8306.1970.tb00737.x,,Crossref,interbasin water transfer,,0.6667,no resolving DOI or live landing page
eligible,Global interbasin-transfer literature,Interbasin Water Transfer in China,Changming Liu | Laurence J. C. Ma,1983,Geographical Review,JSTOR,10.2307/214833,https://doi.org/10.2307/214833,,Crossref,interbasin water transfer,,0.8,resolving DOI
eligible,Global interbasin-transfer literature,Interbasin Water Transfer Practices in Turkey,Ethem Gonenc I,2014,Journal of Ecosystem &amp; Ecography,OMICS Publishing Group,10.4172/2157-7625.1000149,https://doi.org/10.4172/2157-7625.1000149,,Crossref,interbasin water transfer,,0.6667,resolving DOI
hold,Global interbasin-transfer literature,FEASIBILITY OF INTERBASIN WATER TRANSFER<sup>1</sup>,Gert Aron | Elizabeth L. White | Stephen P. Coelen,2007,JAWRA Journal of the American Water Resources Association,Wiley,10.1111/j.1752-1688.1977.tb03867.x,https://doi.org/10.1111/j.1752-1688.1977.tb03867.x,,Crossref,interbasin water transfer,,0.6733,no resolving DOI or live landing page
eligible,Global interbasin-transfer literature,Environmental factors in Soviet interbasin water transfer policy,Philip P. Micklin,1978,Environmental Management,Springer Science and Business Media LLC,10.1007/bf01866715,https://doi.org/10.1007/bf01866715,http://link.springer.com/content/pdf/10.1007/BF01866715.pdf,Crossref,interbasin water transfer,,0.6261,resolving DOI
hold,Global interbasin-transfer literature,Assessing the Impacts of Interbasin Water Transfer Reservoir on Streamflow,Jeffrey Denzil K. Marak | Arup Kumar Sarma | Rajib Kumar Bhattacharjya,2020,Journal of Hydrologic Engineering,American Society of Civil Engineers (ASCE),10.1061/(asce)he.1943-5584.0001984,https://doi.org/10.1061/(asce)he.1943-5584.0001984,,Crossref,interbasin water transfer,,0.7194,no resolving DOI or live landing page
eligible,Global interbasin-transfer literature,"Interbasin water transfer: The case of the Nexapa River, Mexico",Navarro-Frómeta Amado Enrique | Crespo-Barrera Paula Montserrat | Horta-Valerdi Guillermo Manuel,2025,MOJ Ecology &amp; Environmental Sciences,MedCrave Group Kft.,10.15406/mojes.2025.10.00338,https://doi.org/10.15406/mojes.2025.10.00338,,Crossref,interbasin water transfer,,0.6364,resolving DOI
eligible,Global interbasin-transfer literature,Use of the channels of flatland rivers for interbasin water transfer,Ya. R. Polyakov,1982,Hydrotechnical Construction,Springer Science and Business Media LLC,10.1007/bf01427171,https://doi.org/10.1007/bf01427171,http://link.springer.com/content/pdf/10.1007/BF01427171.pdf,Crossref,interbasin water transfer,,0.6301,resolving DOI
eligible,Global interbasin-transfer literature,Statistical assessment of interbasin water transfer for karst areas (Turkey),Ahmet Sancak Sanlı | Hayrullah Agaccioglu | Ilke Sinan | Erdal Kesgin | Ibrahim Demir | R. Ilayda Tan,2021,Arabian Journal of Geosciences,Springer Science and Business Media LLC,10.1007/s12517-021-08693-w,https://doi.org/10.1007/s12517-021-08693-w,https://link.springer.com/content/pdf/10.1007/s12517-021-08693-w.pdf,Crossref,interbasin water transfer,,0.72,resolving DOI
hold,Global interbasin-transfer literature,Interbasin water transfer in a changing world: A new conceptual model,Edward Rollason | Pammi Sinha | Louise J Bracken,2021,Progress in Physical Geography: Earth and Environment,SAGE Publications,10.1177/03091333211065004,https://doi.org/10.1177/03091333211065004,https://journals.sagepub.com/doi/pdf/10.1177/03091333211065004,Crossref,interbasin water transfer,,0.6406,no resolving DOI or live landing page
eligible,Global interbasin-transfer literature,The Application of Network Planning Programming to Interbasin Water Transfer Project,Yong-xing Chen | Xiao-yan Shang | Wei Wang,2010,2010 International Conference on Management and Service Science,IEEE,10.1109/icmss.2010.5577139,https://doi.org/10.1109/icmss.2010.5577139,,Crossref,interbasin water transfer,,0.5333,resolving DOI
hold,Global interbasin-transfer literature,Water Allocation for Interbasin Water Transfer: Consideration of Ecological and Power Generation Needs,hongsen You | Yong Li | peiying tan | zeyu zhang | yi peng,2024,,Elsevier BV,10.2139/ssrn.4875650,https://doi.org/10.2139/ssrn.4875650,,Crossref,interbasin water transfer,,0.5312,no resolving DOI or live landing page
hold,Global interbasin-transfer literature,Fish fauna of the São Francisco River Interbasin Water Transfer reservoirs,Silvia Maria Millan Gutierre | Augusto Luís Bentinho Silva | Giancarlo Arraes Galvão | Luanny Rainy de Almeida Silva | Luiz Cezar Machado Pereira | Patricia Avello Nicola,2023,Biota Neotropica,FapUNIFESP (SciELO),10.1590/1676-0611-bn-2023-1499,https://doi.org/10.1590/1676-0611-bn-2023-1499,,Crossref,interbasin water transfer,,0.6187,no resolving DOI or live landing page
hold,Global interbasin-transfer literature,Estimation of excess water in the Sebou basin for an interbasin water transfer,Oussama Laassilia | Driss Ouazar | Ahmed Bouziane | Moulay Driss Hasnaoui,2021,Journal of Applied Water Engineering and Research,Informa UK Limited,10.1080/23249676.2021.1884616,https://doi.org/10.1080/23249676.2021.1884616,,Crossref,interbasin water transfer,,0.5897,no resolving DOI or live landing page
eligible,Global interbasin-transfer literature,The Study of Analysis and Measurement of the Comprehensive Water Price through Interbasin Water Transfer,Guo Hui Jiang | Yan Long Xia | Dian Wu Wang | Sen Yan Jiang | Xin Qiao Cai,2011,Advanced Materials Research,"Trans Tech Publications, Ltd.",10.4028/www.scientific.net/amr.374-377.230,https://doi.org/10.4028/www.scientific.net/amr.374-377.230,,Crossref,interbasin water transfer,,0.5385,resolving DOI
hold,Global interbasin-transfer literature,Can interbasin water transfer affect water consumption and pollution? Lessons from China's <scp>South–North</scp> water transfer project,Jichuan Sheng | Weizong Tang | Michael Webber,2020,Environmental Policy and Governance,Wiley,10.1002/eet.1891,https://doi.org/10.1002/eet.1891,https://api.wiley.com/onlinelibrary/tdm/v1/articles/10.1002%2Feet.1891,Crossref,interbasin water transfer,,0.5069,no resolving DOI or live landing page
hold,Global interbasin-transfer literature,Multisource data integration and three-dimensional visualization of the interbasin water transfer project,Xiang Yu | Jiancang Xie | Rengui Jiang | Dongfei Yan | Jichao Liang,2017,Advances in Energy Science and Equipment Engineering II,CRC Press,10.1201/9781315116167-86,https://doi.org/10.1201/9781315116167-86,,Crossref,interbasin water transfer,,0.5355,no resolving DOI or live landing page
eligible,Global interbasin-transfer literature,Cumulative impacts of interbasin water transfer and salinity intrusion on water security in central Vietnam,Binh Quang Nguyen | Sameh A. Kantoush | Thinh Hung Nguyen | Thao T.P. Bui | Phuoc Sinh Nguyen | Thi Ngoc Canh Doan | Duong Ngoc Vo,2025,Science of The Total Environment,Elsevier BV,10.1016/j.scitotenv.2025.180250,https://doi.org/10.1016/j.scitotenv.2025.180250,,Crossref,interbasin water transfer,,0.5657,resolving DOI
eligible,Global interbasin-transfer literature,Optimal operation of interbasin water transfer multireservoir systems: an empirical analysis from China,Kelin Liu | Zongzhi Wang | Liang Cheng | Lingling Zhang | Huihua Du | Leyan Tan,2019,Environmental Earth Sciences,Springer Science and Business Media LLC,10.1007/s12665-019-8242-z,https://doi.org/10.1007/s12665-019-8242-z,http://link.springer.com/content/pdf/10.1007/s12665-019-8242-z.pdf,Crossref,interbasin water transfer,,0.5202,resolving DOI
hold,Global interbasin-transfer literature,Interbasin water transfer conflicts. The case of the Tagus-Segura Aqueduct (Spain),Alvaro Francisco Morote | María Hernández | Antonio Manuel Rico | Saeid Eslamian,2020,International Journal of Hydrology Science and Technology,Inderscience Publishers,10.1504/ijhst.2020.108267,https://doi.org/10.1504/ijhst.2020.108267,,Crossref,interbasin water transfer,,0.5612,no resolving DOI or live landing page
eligible,Global interbasin-transfer literature,"Expansion of Municipal Water and Sewerage Systems and Interbasin Water Transfer in Kanagawa Prefecture, Japan",Midori HARA,1997,"Geographical Review of Japa,. Ser. A, Chirigaku Hyoron",The Association of Japanese Geographers,10.4157/grj1984a.70.8_475,https://doi.org/10.4157/grj1984a.70.8_475,,Crossref,interbasin water transfer,,0.5269,resolving DOI
hold,Global interbasin-transfer literature,Integrated watershed management efforts: case study from Melen Watershed experiencing interbasin water transfer,I. Ozturk | A. Erturk | A. Ekdal | M. Gurel | E. Cokgor | G. Insel | E. Pehlivanoglu-Mantas | A. Ozabali | A. Tanik,2013,Water Supply,IWA Publishing,10.2166/ws.2013.139,https://doi.org/10.2166/ws.2013.139,http://iwaponline.com/ws/article-pdf/13/5/1272/415128/1272.pdf,Crossref,interbasin water transfer,,0.5268,no resolving DOI or live landing page
hold,Global interbasin-transfer literature,Interbasin water diversions: A Canadian perspective,Frank Quinn,2025,Journal of Soil and Water Conservation,Informa UK Limited,10.1080/00224561.1987.12456119,https://doi.org/10.1080/00224561.1987.12456119,,Crossref,interbasin water transfer,,0.5091,no resolving DOI or live landing page
hold,Global interbasin-transfer literature,"Socio-economics and hydrological impacts of melamchi intersectoral and interbasin water transfer project, Nepal",Madhusudan Bhattarai | Dhruba Pant | David Molden,2005,Water Policy,IWA Publishing,10.2166/wp.2005.0011,https://doi.org/10.2166/wp.2005.0011,http://iwaponline.com/wp/article-pdf/7/2/163/407110/163.pdf,Crossref,interbasin water transfer,,0.56,no resolving DOI or live landing page
hold,Global interbasin-transfer literature,Interbasin water transfer in the Central Highlands of Vietnam: Impacts and lessons learned,Dang Thi Kim Nhung | Nguyen Van Manh | Nguyen Quang Kim,2022,Journal of Water and Land Development,Polish Academy of Sciences Chancellery,10.24425/jwld.2022.140777,https://doi.org/10.24425/jwld.2022.140777,,Crossref,interbasin water transfer,,0.5714,no resolving DOI or live landing page
eligible,Global interbasin-transfer literature,Evaluating the impact of interbasin water transfer on water quality in the recipient river basin with SWAT,So-Young Woo | Seong-Joon Kim | Ji-Wan Lee | Se-Hoon Kim | Yong-Won Kim,2021,Science of The Total Environment,Elsevier BV,10.1016/j.scitotenv.2021.145984,https://doi.org/10.1016/j.scitotenv.2021.145984,,Crossref,interbasin water transfer,,0.625,resolving DOI
eligible,Global interbasin-transfer literature,Interbasin water transfer for the rehabilitation of a transboundary Mediterranean stream: An economic analysis,Ariel Akron | Andrea Ghermandi | Tamar Dayan | Yaron Hershkovitz,2017,Journal of Environmental Management,Elsevier BV,10.1016/j.jenvman.2017.07.043,https://doi.org/10.1016/j.jenvman.2017.07.043,,Crossref,interbasin water transfer,,0.5714,resolving DOI
hold,Global interbasin-transfer literature,Improving Information-Based Coordinated Operations in Interbasin Water Transfer Megaprojects: Case Study in Southern India,Sai Veena | Riddhi Singh | David Gold | Patrick Reed | Ajay Bhave,2021,Journal of Water Resources Planning and Management,American Society of Civil Engineers (ASCE),10.1061/(asce)wr.1943-5452.0001456,https://doi.org/10.1061/(asce)wr.1943-5452.0001456,,Crossref,interbasin water transfer,,0.5845,no resolving DOI or live landing page
hold,Global interbasin-transfer literature,Deriving Water Allocation Schemes for Interbasin Water Transfer Projects Using a Novel Multiobjective Cuckoo Search Algorithm,Huayu Zhong | Tao Liao | Guohua Fang | Shiwei Zhang | Bingyi Zhou,2024,Journal of Water Resources Planning and Management,American Society of Civil Engineers (ASCE),10.1061/jwrmd5.wreng-6142,https://doi.org/10.1061/jwrmd5.wreng-6142,,Crossref,interbasin water transfer,,0.5636,no resolving DOI or live landing page
hold,Global interbasin-transfer literature,Simulation of the Entire Process of an Interbasin Water Transfer Project for Flow Routing,Xiangmin Ye | Yimin Wang | Zhengyi Xie | Mengdi Huang,2024,Water,MDPI AG,10.3390/w16040572,https://doi.org/10.3390/w16040572,,Crossref,interbasin water transfer,,0.6104,no resolving DOI or live landing page
eligible,Global interbasin-transfer literature,Inventory of interbasin water transfers in Minnesota,L.C. Trotta,1988,Open-File Report,US Geological Survey,10.3133/ofr88466,https://doi.org/10.3133/ofr88466,,Crossref,interbasin water transfer,,0.6602,resolving DOI
eligible,Global interbasin-transfer literature,Color removal for large-scale interbasin water transfer: Experimental comparison of five sorption media,Diana Ordonez | Andrea Valencia | Bianca Pereira | Ni-Bin Chang,2022,Environmental Research,Elsevier BV,10.1016/j.envres.2022.113208,https://doi.org/10.1016/j.envres.2022.113208,,Crossref,interbasin water transfer,,0.4722,resolving DOI
eligible,Global interbasin-transfer literature,Optimizing the operating rule of a controversial interbasin water transfer: the Tagus-Segura aqueduct (Spain),Carlotta Valerio | Matteo Giuliani | Andrea Castelletti | Alberto Garrido | Lucia De Stefano,2022,,Copernicus GmbH,10.5194/egusphere-egu22-1072,https://doi.org/10.5194/egusphere-egu22-1072,,Crossref,interbasin water transfer,,0.5497,resolving DOI
hold,Global interbasin-transfer literature,Interbasin Water Transfer Capacity Design by Two Approaches of Simulation-Optimization and Multicriteria Decision Making,Mojtaba Shourian | Yousef Raoufi | Jalal Attari,2017,Journal of Water Resources Planning and Management,American Society of Civil Engineers (ASCE),10.1061/(asce)wr.1943-5452.0000818,https://doi.org/10.1061/(asce)wr.1943-5452.0000818,,Crossref,interbasin water transfer,,0.5333,no resolving DOI or live landing page
eligible,Global interbasin-transfer literature,The Permissibility of Projects for Interbasin Water Transfer under the Prism of the EU Water and Environmental Legislation,Vasiliki (vicky) Karageorgou,,EU Environmental and Planning Law Aspects of Large-Scale Projects,Intersentia,10.1017/9781780687360.013,https://doi.org/10.1017/9781780687360.013,,Crossref,interbasin water transfer,,0.5728,resolving DOI
eligible,Global interbasin-transfer literature,Population genetics reveals bidirectional fish movement across the Continental Divide via an interbasin water transfer,Audrey C. Harris | Sara J. Oyler-McCance | Jennifer A. Fike | Matthew P. Fairchild | Christopher M. Kennedy | Harry J. Crockett | Dana L. Winkelman | Yoichiro Kanno,2022,Conservation Genetics,Springer Science and Business Media LLC,10.1007/s10592-022-01455-5,https://doi.org/10.1007/s10592-022-01455-5,https://link.springer.com/content/pdf/10.1007/s10592-022-01455-5.pdf,Crossref,interbasin water transfer,,0.4918,resolving DOI
eligible,Global interbasin-transfer literature,5.3 Interbasin water transferRapporteur: Stevan Bruk. Participants: 110,S BRUK,2001,Water Policy,Elsevier BV,10.1016/s1366-7017(01)00054-x,https://doi.org/10.1016/s1366-7017(01)00054-x,,Crossref,interbasin water transfer,,0.5564,resolving DOI
eligible,Global interbasin-transfer literature,"Assessment of Interbasin Water Transfer Using Geoinformatics Approach: A Case Study of Shivnath Basin, India",Chandan Kumar Singh | Divesh Lanjewar | Ishtiyaq Ahmad | Y. B. Katpatal,2021,Lecture Notes in Civil Engineering,Springer Nature Singapore,10.1007/978-981-16-4396-5_81,https://doi.org/10.1007/978-981-16-4396-5_81,,Crossref,interbasin water transfer,,0.625,resolving DOI
eligible,Global interbasin-transfer literature,An Analysis of Influences of Interbasin Water Transfer on Water Resources Carrying Capacity Over Dianchi-Pudu River Basin,Xuanxuan Du | Jinming Chen | Shixiang Gu | Gang Chen,2020,IOP Conference Series: Earth and Environmental Science,IOP Publishing,10.1088/1755-1315/525/1/012040,https://doi.org/10.1088/1755-1315/525/1/012040,https://iopscience.iop.org/article/10.1088/1755-1315/525/1/012040/pdf,Crossref,interbasin water transfer,,0.625,resolving DOI
eligible,Global interbasin-transfer literature,Rationale of interbasin water transfer in India in the broad context of long-distance transfers,Sharad K. Jain,2026,Current Science,Current Science Association,10.18520/cs/v130/i12/1059-1065,https://doi.org/10.18520/cs/v130/i12/1059-1065,,Crossref,interbasin water transfer,,0.5561,resolving DOI
eligible,Global interbasin-transfer literature,Interbasin water transfers in the United States and Canada,Md. Abu Bakar Siddik | Kerim E. Dickson | James Rising | Benjamin L. Ruddell | Landon T. Marston,2023,Scientific Data,Springer Science and Business Media LLC,10.1038/s41597-023-01935-4,https://doi.org/10.1038/s41597-023-01935-4,https://www.nature.com/articles/s41597-023-01935-4.pdf,Crossref,interbasin water transfer,,0.6441,resolving DOI
eligible,Global interbasin-transfer literature,Development of payment standards for ecosystem services in the largest interbasin water transfer projects in the world,Jian Sun | Zhiliang Dang | Shaokui Zheng,2017,Agricultural Water Management,Elsevier BV,10.1016/j.agwat.2016.06.025,https://doi.org/10.1016/j.agwat.2016.06.025,,Crossref,interbasin water transfer,,0.5648,resolving DOI
eligible,Global interbasin-transfer literature,Why India Needs Large Water Resource Projects Involving Interbasin Water Transfers,M. Dinesh Kumar,2018,Water Policy Science and Politics,Elsevier,10.1016/b978-0-12-814903-4.00003-8,https://doi.org/10.1016/b978-0-12-814903-4.00003-8,,Crossref,interbasin water transfer,,0.6375,resolving DOI
eligible,Global interbasin-transfer literature,Impacts of the hydropower-controlled Tana-Beles interbasin water transfer on downstream rural livelihoods (northwest Ethiopia),Sofie Annys | Enyew Adgo | Tesfaalem Ghebreyohannes | Steven Van Passel | Joost Dessein | Jan Nyssen,2019,Journal of Hydrology,Elsevier BV,10.1016/j.jhydrol.2018.12.012,https://doi.org/10.1016/j.jhydrol.2018.12.012,,Crossref,interbasin water transfer,,0.5455,resolving DOI
eligible,Global interbasin-transfer literature,"BARRIER effect of tunneling on groundwater flow in interbasin water transfer: case of northern collector tunnel, Kenya",Rosemary Wanjiru Nyingi | Jeremiah Kimani Mwangi | Poolad Karimi | Jeremiah Kipkulei Kiptala,2026,"Journal of Agriculture, Science and Technology",African Journals Online (AJOL),10.4314/jagst.v24i5.6,https://doi.org/10.4314/jagst.v24i5.6,https://www.ajol.info/index.php/jagst/article/download/314092/295442,Crossref,interbasin water transfer,,0.5414,resolving DOI
hold,Global interbasin-transfer literature,Effects of interbasin water transfer on regional climate: A case study of the Middle Route of the South‐to‐North Water Transfer Project in China,Feng Chen | Zhenghui Xie,2010,Journal of Geophysical Research: Atmospheres,American Geophysical Union (AGU),10.1029/2009jd012611,https://doi.org/10.1029/2009jd012611,,Crossref,interbasin water transfer,,0.5552,no resolving DOI or live landing page
hold,Global interbasin-transfer literature,Emergence of Water-Energy-Food Nexus Resulting from Interbasin Water Transfer: Economic Analysis for a Transboundary River Basin in South Asia,Shokhrukh-Mirzo Jalilov,2021,Journal of Water Resources Planning and Management,American Society of Civil Engineers (ASCE),10.1061/(asce)wr.1943-5452.0001442,https://doi.org/10.1061/(asce)wr.1943-5452.0001442,,Crossref,interbasin water transfer,,0.625,no resolving DOI or live landing page
hold,Global interbasin-transfer literature,Interbasin Water Transfers and Sustainable Water Use: A Relationship of Contradiction or Compatibility?,Vicky Karageorgou,,Globalisation and Ecological Integrity in Science and International Law,Cambridge Scholars Publishing,10.5848/csp.2833.00018,https://doi.org/10.5848/csp.2833.00018,,Crossref,interbasin water transfer,,0.5354,no resolving DOI or live landing page
eligible,Global interbasin-transfer literature,Interbasin Water Transfers: The Brazilian Experience and International Case Comparisons,José Geraldo Pena de Andrade | Paulo Sergio Franco Barbosa | Luiz Carlos Alves Souza | Daniel Lucas Makino,2011,Water Resources Management,Springer Science and Business Media LLC,10.1007/s11269-011-9781-6,https://doi.org/10.1007/s11269-011-9781-6,http://link.springer.com/content/pdf/10.1007/s11269-011-9781-6.pdf,Crossref,interbasin water transfer,,0.5753,resolving DOI
eligible,Global interbasin-transfer literature,A Modelling Approach to Forecast the Effect of Climate Change on the Tagus-Segura Interbasin Water Transfer,Javier Senent-Aparicio | Adrián López-Ballesteros | Francisco Cabezas | Julio Pérez-Sánchez | Eugenio Molina-Navarro,2021,Water Resources Management,Springer Science and Business Media LLC,10.1007/s11269-021-02919-y,https://doi.org/10.1007/s11269-021-02919-y,https://link.springer.com/content/pdf/10.1007/s11269-021-02919-y.pdf,Crossref,interbasin water transfer,,0.5081,resolving DOI
eligible,Global interbasin-transfer literature,Assessing the Impact of Interbasin Water Transfer on Terrestrial Water Budget: A GRACE-Based Case Study in China’s Haihe River Basin,Chong Zhang | Haonan Shen | Yun Pan,2026,,Copernicus GmbH,10.5194/egusphere-egu26-2924,https://doi.org/10.5194/egusphere-egu26-2924,,Crossref,interbasin water transfer,,0.6364,resolving DOI
eligible,Global interbasin-transfer literature,A coupled hydrologic-machine learning modelling framework to support hydrologic modelling in river basins under Interbasin Water Transfer regimes,A.H. Essenfelder | C. Giupponi,2020,Environmental Modelling &amp; Software,Elsevier BV,10.1016/j.envsoft.2020.104779,https://doi.org/10.1016/j.envsoft.2020.104779,,Crossref,interbasin water transfer,,0.5092,resolving DOI
eligible,Global interbasin-transfer literature,Interbasin Water Transfers in Spain: Interregional Conflicts and Governance Responses,Nuria Hernández-Mora | Leandro del Moral Ituarte | Francesc La-Roca | Abel La Calle | Guido Schmidt,2014,Globalized Water,Springer Netherlands,10.1007/978-94-007-7323-3_13,https://doi.org/10.1007/978-94-007-7323-3_13,,Crossref,interbasin water transfer,,0.5556,resolving DOI
hold,Global interbasin-transfer literature,"Deriving Operating Rules of Pumped Water Storage Using Multiobjective Optimization: Case Study of the Han to Wei Interbasin Water Transfer Project, China",Bo Ming | Pan Liu | Jianxia Chang | Yimin Wang | Qiang Huang,2017,Journal of Water Resources Planning and Management,American Society of Civil Engineers (ASCE),10.1061/(asce)wr.1943-5452.0000828,https://doi.org/10.1061/(asce)wr.1943-5452.0000828,,Crossref,interbasin water transfer,,0.5537,no resolving DOI or live landing page
eligible,Global interbasin-transfer literature,Urbanization and sustainable potable water supply: implications in aquifer preservation and interbasin water transfers,René Autrique R. | Eduardo Rodal C.,2022,Proceedings of the 39th IAHR World Congress,International Association for Hydro-Environment Engineering and Research (IAHR),10.3850/iahr-39wc252171192022947,https://doi.org/10.3850/iahr-39wc252171192022947,,Crossref,interbasin water transfer,,0.5133,resolving DOI
eligible,Global interbasin-transfer literature,Investigation of present-day ground displacement in Taiyuan basin by InSAR in the context of interbasin water transfer project,Wei Tang | Xiangjun Zhao | Gang Bi | Jing Li | Mahdi Motagh | Mingjie Chen | Hua Chen,2021,,Copernicus GmbH,10.5194/egusphere-egu21-9340,https://doi.org/10.5194/egusphere-egu21-9340,,Crossref,interbasin water transfer,,0.5,resolving DOI
hold,Global interbasin-transfer literature,"Biodiversity, Weight – Length Relationship and Condition Factor of Luapula Basin Fishes: Ecological Health and Potential for Interbasin Water Transfer",Chalwe Chibwe | Nathan Nyambe | Justina  Asa Kasabila | Henry  M. Sichingabula | Imasiku Nyambe | Kawawa Banda,2024,,Elsevier BV,10.2139/ssrn.4888282,https://doi.org/10.2139/ssrn.4888282,,Crossref,interbasin water transfer,,0.625,no resolving DOI or live landing page
eligible,Global interbasin-transfer literature,Assessment of river ecological health status and interbasin water transfer potential: Case study of Luapula River Basin in Zambia,Chalwe Chibwe | Nathan Nyambe | Justina Asa Kasabila | Henry Sichingabula | Imasiku Anayawa Nyambe | Kawawa Banda,2024,"Physics and Chemistry of the Earth, Parts A/B/C",Elsevier BV,10.1016/j.pce.2024.103761,https://doi.org/10.1016/j.pce.2024.103761,,Crossref,interbasin water transfer,,0.625,resolving DOI
eligible,Global interbasin-transfer literature,Joint risk of interbasin water transfer and impact of the window size of sampling low flows under environmental change,Xinjun Tu | Xiaoxia Du | Vijay P. Singh | Xiaohong Chen | Yiliang Du | Kun Li,2017,Journal of Hydrology,Elsevier BV,10.1016/j.jhydrol.2017.08.037,https://doi.org/10.1016/j.jhydrol.2017.08.037,,Crossref,interbasin water transfer,,0.5167,resolving DOI
eligible,Global interbasin-transfer literature,From prolonged drought to interbasin water transfer: evidence of increased cyanobacterial biomass and cyanotoxins in a tropical semiarid reservoir,Juliana dos Santos Severiano | Camila Ferreira Mendes | Tatiane Medeiros Queiroz | Dayrla Kelly Gomes Rocha | Emmanuelly da Silva Oliveira | Ênio Wocyli Dantas | José Etham de Lucena Barbosa,2026,Harmful Algae,Elsevier BV,10.1016/j.hal.2026.103233,https://doi.org/10.1016/j.hal.2026.103233,,Crossref,interbasin water transfer,,0.5,resolving DOI
eligible,Global interbasin-transfer literature,"Interbasin water transfers and integrated water resources management: Where engineering, science and politics interlock",J. Gupta | P. van der Zaag,2008,"Physics and Chemistry of the Earth, Parts A/B/C",Elsevier BV,10.1016/j.pce.2007.04.003,https://doi.org/10.1016/j.pce.2007.04.003,,Crossref,interbasin water transfer,,0.5311,resolving DOI
hold,Global interbasin-transfer literature,Interbasin Water Transfers in Riparian Doctrine States: the Case for Interregional Compensation,JAMES HITE,2006,Growth and Change,Wiley,10.1111/j.1468-2257.1986.tb00063.x,https://doi.org/10.1111/j.1468-2257.1986.tb00063.x,,Crossref,interbasin water transfer,,0.5455,no resolving DOI or live landing page
hold,Global interbasin-transfer literature,Interbasin Water Transfers and the Régimes of Three Northwestern Ontario Rivers,Ming‐Ko Woo | Peter R. Waylen,1988,Canadian Geographies / Géographies canadiennes,Wiley,10.1111/j.1541-0064.1988.tb00019.x,https://doi.org/10.1111/j.1541-0064.1988.tb00019.x,,Crossref,interbasin water transfer,,0.5529,no resolving DOI or live landing page
eligible,Global interbasin-transfer literature,"Changes in parasite communities of fishes from an intermittent river in the Brazilian semi-arid, after a major interbasin water transfer",Julia Martini Falkenberg | Vitória Maria Moreira de Lima | Fábio Hideki Yamada | Telton Pedro Anselmo Ramos | Ana Carolina Figueiredo Lacerda,2024,Aquatic Ecology,Springer Science and Business Media LLC,10.1007/s10452-024-10112-7,https://doi.org/10.1007/s10452-024-10112-7,https://link.springer.com/content/pdf/10.1007/s10452-024-10112-7.pdf,Crossref,interbasin water transfer,,0.5287,resolving DOI
eligible,Global interbasin-transfer literature,Interbasin water transfers and the size of regions: An economic geography example,Juan Carlos Lopez,2018,Water Resources and Economics,Elsevier BV,10.1016/j.wre.2017.10.005,https://doi.org/10.1016/j.wre.2017.10.005,,Crossref,interbasin water transfer,,0.6143,resolving DOI
eligible,Global interbasin-transfer literature,Rewiring biogeochemical interactions: How interbasin water transfers shape DOM-Microbe dynamics,Jiangyong Chu | Yushuai Wang | Xiong Cao | Christian Lønborg | Patrick Martin | Xin Kou | Xin Lv | Yajun Wang | Jianghao Ji | Jie Wang | Xiaofeng Cao | Weixiao Qi | Jianfeng Peng | Huijuan Liu | Jiuhui Qu,2026,Water Research,Elsevier BV,10.1016/j.watres.2026.125388,https://doi.org/10.1016/j.watres.2026.125388,,Crossref,interbasin water transfer,,0.5091,resolving DOI
hold,Global interbasin-transfer literature,Long‐Term Dynamics of Ecosystem Services in the Hanjiang River Basin (2000–2022): Impacts of Interbasin Water Transfer and Ecological Restoration,Qirui Zhang | Ji Liu | Te Zhang | Yue Li | Shaokang Yang | Shenghong Liu | Dan Yu,2025,Land Degradation &amp; Development,Wiley,10.1002/ldr.70309,https://doi.org/10.1002/ldr.70309,https://onlinelibrary.wiley.com/doi/pdf/10.1002/ldr.70309,Crossref,interbasin water transfer,,0.625,no resolving DOI or live landing page
eligible,Global interbasin-transfer literature,Multi-objective optimal design of interbasin water transfers: The Tagus-Segura aqueduct (Spain),Carlotta Valerio | Matteo Giuliani | Andrea Castelletti | Alberto Garrido | Lucia De Stefano,2023,Journal of Hydrology: Regional Studies,Elsevier BV,10.1016/j.ejrh.2023.101339,https://doi.org/10.1016/j.ejrh.2023.101339,,Crossref,interbasin water transfer,,0.5605,resolving DOI
eligible,Global interbasin-transfer literature,Figure 6: Temporal variations in Istanbul’s water supply capacity (including interbasin water transfers) and water demand (million m3/year).,,,,PeerJ,10.7717/peerj.21241/fig-6,https://doi.org/10.7717/peerj.21241/fig-6,,Crossref,interbasin water transfer,,0.4545,resolving DOI
hold,Global interbasin-transfer literature,INTERBASIN WATER TRANSFERS IN RIPARIAN STATES: A CASE STUDY OF GEORGIA<sup>1</sup>,James E. Kundell,2007,JAWRA Journal of the American Water Resources Association,Wiley,10.1111/j.1752-1688.1988.tb00883.x,https://doi.org/10.1111/j.1752-1688.1988.tb00883.x,,Crossref,interbasin water transfer,,0.5755,no resolving DOI or live landing page
eligible,Global interbasin-transfer literature,Opportunities and challenges of interbasin water transfers: a literature review with bibliometric analysis,Liang Zhang | Sisi Li | Hugo A. Loáiciga | Yanhua Zhuang | Yun Du,2015,Scientometrics,Springer Science and Business Media LLC,10.1007/s11192-015-1656-9,https://doi.org/10.1007/s11192-015-1656-9,http://link.springer.com/content/pdf/10.1007/s11192-015-1656-9.pdf,Crossref,interbasin water transfer,,0.5399,resolving DOI
eligible,Global interbasin-transfer literature,Multi-Objective Optimization Method for Construction site layout of Interbasin Water Diversion Project,Mingchao Li | Rui Wang | Wei Wang | Xingzhong Xu,2009,2009 International Conference on Management and Service Science,IEEE,10.1109/icmss.2009.5304617,https://doi.org/10.1109/icmss.2009.5304617,,Crossref,interbasin water transfer,,0.4551,resolving DOI
eligible,Global interbasin-transfer literature,Multiobjective risk-based optimization for real-time interbasin water diversion under decomposed chance-constrained total water use,Ran Mo | Bin Xu | Jianyun Zhang | Guoqing Wang | Ping-an Zhong | Huili Wang | Lingwei Zhu | Jiaying Tan,2025,Journal of Hydrology: Regional Studies,Elsevier BV,10.1016/j.ejrh.2025.102252,https://doi.org/10.1016/j.ejrh.2025.102252,,Crossref,interbasin water transfer,,0.4398,resolving DOI
eligible,Global interbasin-transfer literature,Inter- and intra-basin phenotypic variation in two riverine cichlids from northeastern Brazil: potential eco-evolutionary damages of São Francisco interbasin water transfer,Waldir M. Berbel-Filho | Pablo A. Martinez | Telton P. A. Ramos | Rodrigo A. Torres | Sergio M. Q. Lima,2015,Hydrobiologia,Springer Science and Business Media LLC,10.1007/s10750-015-2440-9,https://doi.org/10.1007/s10750-015-2440-9,http://link.springer.com/content/pdf/10.1007/s10750-015-2440-9.pdf,Crossref,interbasin water transfer,,0.75,resolving DOI
hold,Global interbasin-transfer literature,"Interbasin water transfers at the US–Mexico border city of Nogales, Sonora: implications for aquifers and water security",Andrea Harrop Prichard | Christopher A. Scott,2013,International Journal of Water Resources Development,Informa UK Limited,10.1080/07900627.2012.755597,https://doi.org/10.1080/07900627.2012.755597,,Crossref,interbasin water transfer,,0.5302,no resolving DOI or live landing page
eligible,Global interbasin-transfer literature,A Review of the Eco-Environmental Impacts of the South-to-North Water Diversion: Implications for Interbasin Water Transfers,Hanlu Yan | Yuqing Lin | Qiuwen Chen | Jianyun Zhang | Shufeng He | Tao Feng | Zhiyuan Wang | Cheng Chen | Jue Ding,2023,Engineering,Elsevier BV,10.1016/j.eng.2023.05.012,https://doi.org/10.1016/j.eng.2023.05.012,,Crossref,interbasin water transfer,,0.597,resolving DOI
hold,Iran basins/projects,Iran’s Zayandeh Rud River basin in crisis,Iman Salahshoori | Majid Namayandeh Jorabchi,2023,Science,American Association for the Advancement of Science (AAAS),10.1126/science.adm8965,https://doi.org/10.1126/science.adm8965,,Crossref,Zayandeh Rood | Zayandeh Rud,,0.875,no resolving DOI or live landing page
hold,Iran basins/projects,Tourismus und Integriertes Wasserressourcenmanagement am Zayandeh Rud,Arash Davoudi | Engelbert Schramm,2016,Zeitschrift für Tourismuswissenschaft,Walter de Gruyter GmbH,10.1515/tw-2015-0208,https://doi.org/10.1515/tw-2015-0208,,Crossref,Zayandeh Rood | Zayandeh Rud,,0.6434,no resolving DOI or live landing page
eligible,Iran basins/projects,"Pedodiversity and pedogenesis in Zayandeh-rud Valley, Central Iran",Norair Toomanian | Ahmad Jalalian | Hossein Khademi | Mostafa Karimian Eghbal | Andreas Papritz,2006,Geomorphology,Elsevier BV,10.1016/j.geomorph.2006.04.016,https://doi.org/10.1016/j.geomorph.2006.04.016,,Crossref,Zayandeh Rud,,0.6667,resolving DOI
eligible,Iran basins/projects,Application of MIKE Basin in the Zayandeh Rud Catchment,Michael Kaltofen | Fabian Müller | Anna Zabel,2017,Reviving the Dying Giant,Springer International Publishing,10.1007/978-3-319-54922-4_16,https://doi.org/10.1007/978-3-319-54922-4_16,,Crossref,Zayandeh Rud,,0.8333,resolving DOI
eligible,Iran basins/projects,"Biological assessment of the Zayandeh Rud River, Iran, using benthic macroinvertebrates",Mohammad Nemati Varnosfaderany | Esa Ebrahimi | Noorolla Mirghaffary | Alireza Safyanian,2010,Limnologica - Ecology and Management of Inland Waters,Elsevier BV,10.1016/j.limno.2009.10.002,https://doi.org/10.1016/j.limno.2009.10.002,,Crossref,Zayandeh Rud,,0.8182,resolving DOI
eligible,Iran basins/projects,Provinzübergreifende Nutzung und Bewirtschaftung des Zayandeh-Rud-Speichers im Zentraliran — ein Projektbericht,Michael Kaltofen,2016,WASSERWIRTSCHAFT,Springer Science and Business Media LLC,10.1007/s35147-016-0062-4,https://doi.org/10.1007/s35147-016-0062-4,https://link.springer.com/content/pdf/10.1007/s35147-016-0062-4.pdf,Crossref,Zayandeh Rud,,0.4299,resolving DOI
eligible,Iran basins/projects,System Dynamics Analysis for Managing Iran’s Zayandeh-Rud River Basin,Kaveh Madani | Miguel A. Mariño,2009,Water Resources Management,Springer Science and Business Media LLC,10.1007/s11269-008-9376-z,https://doi.org/10.1007/s11269-008-9376-z,http://link.springer.com/content/pdf/10.1007/s11269-008-9376-z.pdf,Crossref,Zayandeh Rud,,0.6069,resolving DOI
hold,Iran basins/projects,Maintaining sustainable agriculture under climate change: Zayandeh Rud Basin (Iran).,S. Morid | A. R. Massah | M. A. Alikhani | K. Mohammadi,2004,"Climate change in contrasting river basins: adaptation strategies for water, food and environment",CABI Publishing,10.1079/9780851998350.0115,https://doi.org/10.1079/9780851998350.0115,,Crossref,Zayandeh Rud,,0.6,no resolving DOI or live landing page
hold,Iran basins/projects,Optimization and simulation modelling for operation of the Zayandeh Rud Reservoir,Mina Ziaei | Lee Teang Shui | Ehsan Goodarzi,2012,Water International,Informa UK Limited,10.1080/02508060.2012.688189,https://doi.org/10.1080/02508060.2012.688189,,Crossref,Zayandeh Rud,,0.5455,no resolving DOI or live landing page
hold,Iran basins/projects,"Geostatistical and deterministic methods for rainfall interpolation in the Zayandeh Rud basin, Iran",Farshad Jalili Pirani | Reza Modarres,2020,Hydrological Sciences Journal,Informa UK Limited,10.1080/02626667.2020.1833014,https://doi.org/10.1080/02626667.2020.1833014,,Crossref,Zayandeh Rud,,0.6667,no resolving DOI or live landing page
hold,Iran basins/projects,System-Dynamics Approach to Evaluate Climate Change Adaptation Strategies for Iran's Zayandeh-Rud Water System,Alireza Gohari | Kaveh Madani | Ali Mirchi | Alireza Massah Bavani,2014,World Environmental and Water Resources Congress 2014,American Society of Civil Engineers,10.1061/9780784413548.158,https://doi.org/10.1061/9780784413548.158,,Crossref,Zayandeh Rud,,0.6726,no resolving DOI or live landing page
hold,Iran basins/projects,"Exploration of potential adaptation strategies to climate change in the Zayandeh Rud irrigation system, Iran",Saeed Morid | Ali Reza Massah Bavani,2008,Irrigation and Drainage,Wiley,10.1002/ird.459,https://doi.org/10.1002/ird.459,,Crossref,Zayandeh Rud,,0.6667,no resolving DOI or live landing page
hold,Iran basins/projects,Exploring the influence of regime shifts on ecosystem services in Iran’s Zayandeh-Rud river basin,Majid Rahimi | Mehdi Ghorbani | Khaled Ahmadaali,2024,International Journal of River Basin Management,Informa UK Limited,10.1080/15715124.2024.2325156,https://doi.org/10.1080/15715124.2024.2325156,,Crossref,Zayandeh Rud,,0.6667,no resolving DOI or live landing page
eligible,Iran basins/projects,"The Isfahan Water Crisis, Zayandeh Rud River Basin: Sustainable Governance in Central Iranian Plateau",Hadi Zamani | Mohammad Reza Hosseini,2026,Journal of Resource Management and Decision Engineering,KMAN Publication Incorporation,10.61838/kman.jrmde.243,https://doi.org/10.61838/kman.jrmde.243,,Crossref,Zayandeh Rud,,0.6667,resolving DOI
eligible,Iran basins/projects,"Occurrence and characteristics of microplastics in surface water and sediment of Zayandeh-rud river, Iran",Yasaman Rami | Bahareh Shoshtari-Yeganeh | Afshin Ebrahimi | Karim Ebrahimpour,2023,Environmental Health Engineering and Management,Maad Rayan Publishing Company,10.34172/ehem.2023.23,https://doi.org/10.34172/ehem.2023.23,http://ehemj.com/browse.php?a_id=1107&sid=1&slc_lang=en&ftxt=1,Crossref,Zayandeh Rud,,0.625,resolving DOI
eligible,Iran basins/projects,Farmers' and Authorities' Attitudes towards the Water Conflict Resolution Methods in Zayandeh-Rud River,A. Yousefi |  | A. M. Amini |  | O. Fathi |  | A. yadegari | ,2016,Journal of Water and Soil Science,CASRP: Center of Advanced Scientific Research and Publications,10.18869/acadpub.jstnar.20.76.143,https://doi.org/10.18869/acadpub.jstnar.20.76.143,http://jstnar.iut.ac.ir/article-1-3340-en.pdf,Crossref,Zayandeh Rud,,0.6667,resolving DOI
eligible,Iran basins/projects,"Water Management of Irrigation Dams Considering Climate Variation: Case Study of Zayandeh-rud Reservoir, Iran",Mahnoosh Moghaddasi | Shahab Araghinejad | Saeed Morid,2013,Water Resources Management,Springer Science and Business Media LLC,10.1007/s11269-012-0255-2,https://doi.org/10.1007/s11269-012-0255-2,http://link.springer.com/content/pdf/10.1007/s11269-012-0255-2.pdf,Crossref,Zayandeh Rud,,0.7963,resolving DOI
eligible,Iran basins/projects,"Morphological study of zircon crystals from gneissic granite of Abadchi, North of Zayandeh-Rud dam",Fariba Riyahi Samani | Nahid Shabanian | Alireza Davoudian,2019,Researches in Earth Sciences,CMV Verlag,10.52547/esrj.10.2.134,https://doi.org/10.52547/esrj.10.2.134,,Crossref,Zayandeh Rud,,0.5059,resolving DOI
hold,Iran basins/projects,"Macro‐ and micro‐level impacts of droughts: the case of the Zayandeh Rud river basin, Iran",François Molle | Jaime Hoogesteger | Alireza Mamanpoush,2008,Irrigation and Drainage,Wiley,10.1002/ird.357,https://doi.org/10.1002/ird.357,,Crossref,Zayandeh Rud,,0.7,no resolving DOI or live landing page
hold,Iran basins/projects,Optimum indices for vegetation cover change detection in the Zayandeh-rud river basin: a fusion approach,Saeid Gholinejad | Sayyed Bagher Fatemi,2019,International Journal of Image and Data Fusion,Informa UK Limited,10.1080/19479832.2019.1601642,https://doi.org/10.1080/19479832.2019.1601642,,Crossref,Zayandeh Rud,,0.6667,no resolving DOI or live landing page
eligible,Iran basins/projects,Climate change simulation and impacts on extreme events of rainfall and storm water in the Zayandeh Rud Catchment, | Safieh Javadinejad | Rebwar Dara |  | Forough Jafary | ,2021,Resources Environment and Information Engineering,"Syncsci Publishing Pte., Ltd.",10.25082/reie.2021.01.001,https://doi.org/10.25082/reie.2021.01.001,,Crossref,Zayandeh Rud,,0.8333,resolving DOI
eligible,Iran basins/projects,"The dendroclimatic and dendrohydrologic potential of riparian plane trees (Platanus orientalis) along the Zayandeh-Rud River, Iran",Mahsa Mirzakhani | Hossein Moradi | Matthew Therrell | Andrea Seim | Rasoul Yousefpour | Ehsan Safari | Kambiz Pourtahmasi | Willy Tegel | Mohammad Nemati Varnosfaderany | Hans-Peter Kahle,2024,Dendrochronologia,Elsevier BV,10.1016/j.dendro.2024.126228,https://doi.org/10.1016/j.dendro.2024.126228,,Crossref,Zayandeh Rud,,0.6,resolving DOI
eligible,Iran basins/projects,Increasing Water and Energy Productivity via Replacing Abiotic Stress Tolerant Forages in East of Zayandeh Rud River Basin,Masoud Torabi | Hamidreza Salemi | Mohsen Heidarisoltanabadi,2020,Standing up to Climate Change,Springer International Publishing,10.1007/978-3-030-50684-1_17,https://doi.org/10.1007/978-3-030-50684-1_17,,Crossref,Zayandeh Rud,,0.75,resolving DOI
eligible,Iran basins/projects,"Modeling the effect of climate change on the distribution of plant communities in Zayandeh-Rud basin, Iran",Mahbobeh Hadinejad | Ali Asghar Naghipour | Ataollah Ebrahimi | Babak Naimi,2025,Environmental Monitoring and Assessment,Springer Science and Business Media LLC,10.1007/s10661-025-13861-6,https://doi.org/10.1007/s10661-025-13861-6,https://link.springer.com/content/pdf/10.1007/s10661-025-13861-6.pdf,Crossref,Zayandeh Rud,,0.6667,resolving DOI
eligible,Iran basins/projects,"Projection of climate change impacts on precipitation using soft-computing techniques: A case study in Zayandeh-rud Basin, Iran",Shapour Kouhestani | Sayed Saeid Eslamian | Jahangir Abedi-Koupai | Ali Asghar Besalatpour,2016,Global and Planetary Change,Elsevier BV,10.1016/j.gloplacha.2016.07.013,https://doi.org/10.1016/j.gloplacha.2016.07.013,,Crossref,Zayandeh Rud,,0.6923,resolving DOI
eligible,Iran basins/projects,A probabilistic Bayesian framework to deal with the uncertainty in hydro-climate projection of Zayandeh-Rud River Basin,Ali Alinezhad | Alireza Gohari | Saeid Eslamian | Zahra Saberi,2021,Theoretical and Applied Climatology,Springer Science and Business Media LLC,10.1007/s00704-021-03575-3,https://doi.org/10.1007/s00704-021-03575-3,https://link.springer.com/content/pdf/10.1007/s00704-021-03575-3.pdf,Crossref,Zayandeh Rud,,0.6667,resolving DOI
hold,Iran basins/projects,"Exploring basin‐scale salinity problems using a simplified water accounting model: the example of Zayandeh Rud basin, Iran",P. Droogers | H.R. Salemi | A.R. Mamanpoush,2001,Irrigation and Drainage,Wiley,10.1002/ird.25,https://doi.org/10.1002/ird.25,,Crossref,Zayandeh Rud,,0.625,no resolving DOI or live landing page
eligible,Iran basins/projects,Projection of Climate change impacts on the Zayandeh-Rud River Basin’s temperature by using a Bayesian Soft Computing Technique,shapour kouhestani |  | سعید اسلامیان |  | Jahangir Abedi Koupai |  | Ali Asghar Besalatpour | ,2017,Journal of Water and Soil Science,CASRP: Center of Advanced Scientific Research and Publications,10.18869/acadpub.jstnar.21.1.203,https://doi.org/10.18869/acadpub.jstnar.21.1.203,http://jstnar.iut.ac.ir/article-1-3327-en.pdf,Crossref,Zayandeh Rud,,0.6923,resolving DOI
eligible,Iran basins/projects,Investigating the Effects of Sustainability of Climate Change on the Agriculture Water Consumption in the Zayandeh-Rud River Basin,M. J. Zareian |  | S. S. Eslamian |  | H. R. Safavi | ,2016,Journal of Water and Soil Science,CASRP: Center of Advanced Scientific Research and Publications,10.18869/acadpub.jstnar.20.75.113,https://doi.org/10.18869/acadpub.jstnar.20.75.113,http://jstnar.iut.ac.ir/article-1-3279-en.pdf,Crossref,Zayandeh Rud,,0.8333,resolving DOI
eligible,Iran basins/projects,"Nexus-Oriented Approach for Sharing Water Resources: Development of Eco-Industrial Parks in the Catchment of Zayandeh Rud River, Iran",Janis von Koerber | Wolf Raber | Petra Schneider,2020,A Nexus Approach for Sustainable Development,Springer International Publishing,10.1007/978-3-030-57530-4_13,https://doi.org/10.1007/978-3-030-57530-4_13,,Crossref,Zayandeh Rud,,0.8333,resolving DOI
eligible,Iran basins/projects,Modeling the Effects of Climate Change on Probability of Maximum Rainfall and on Variations in Storm Water in the Zayandeh Rud River,Safieh Javadinejad,2021,Open Access Journal of Biogeneric Science and Research,Open Access Journal of Biogeneric Science and Research,10.46718/jbgsr.2021.07.000174,https://doi.org/10.46718/jbgsr.2021.07.000174,,Crossref,Zayandeh Rud,,0.6923,resolving DOI
hold,Iran basins/projects,"Mineralogy, geochemistry and petrogenesis of protolith of amphibolites from the North east of Yan-Cheshmeh, South east of Zayandeh-rud lake",Seyed Mohammad Hosseini | Alireza Davoudian Dehkordi | Nahid Shabanian Borojeni | Hosain Azizi,2019,Iranian Journal of Crystallography and Mineralogy,CMV Verlag,10.29252/ijcm.27.1.19,https://doi.org/10.29252/ijcm.27.1.19,http://ijcm.ir/article-1-1222-en.pdf,Crossref,Cheshmeh Langan | Zayandeh Rud,,0.5,no resolving DOI or live landing page
eligible,Iran basins/projects,Evaluation of heavy metal pollution in the Zayandeh-Rud River as the only permanent river in the central plateau of Iran,Sana Karimian | Atefeh Chamani | Masoumeh Shams,2020,Environmental Monitoring and Assessment,Springer Science and Business Media LLC,10.1007/s10661-020-8183-8,https://doi.org/10.1007/s10661-020-8183-8,https://link.springer.com/content/pdf/10.1007/s10661-020-8183-8.pdf,Crossref,Zayandeh Rud,,0.6667,resolving DOI
hold,Iran basins/projects,"The Gavkhouni Wetland Dryness and Its Impact on Air Temperature Variability in the Eastern Part of the Zayandeh-Rud River Basin, Iran",Sara Azadi | Hojat Yazdanpanah | Mohammad Ali Nasr-Esfahani | Saeid Pourmanafi | Wouter Dorigo,2022,Water,MDPI AG,10.3390/w14020172,https://doi.org/10.3390/w14020172,,Crossref,Gavkhouni | Zayandeh Rud,,0.7,no resolving DOI or live landing page
eligible,Iran basins/projects,"Provenance rock, weathering conditions and tectonic setting determination of quartzofeldspathic schists from the Sovordydosha valley, the NW of Zayandeh-Rud lake, Sanandaj-Sirjan Zone",Farzaneh ولی پور |  | Nahid شبانیان |  | Alireza داودیان |  | Mohsen کریمی | ,2018,Kharazmi Journal of Earth Sciences,CMV Verlag,10.29252/gnf.4.1.89,https://doi.org/10.29252/gnf.4.1.89,http://gnf.khu.ac.ir/article-1-2640-en.pdf,Crossref,Zayandeh Rud,,0.5,resolving DOI
eligible,Iran basins/projects,Exploratory Scenarios for Socio-Technical Analysis of Agricultural Water Demand Management in Arid and Semi-Arid Regions: A Case Study of Zayandeh Rud River Basin,Neda Nazemi,,,University of Virginia,10.18130/v39r46,https://doi.org/10.18130/v39r46,,Crossref,Zayandeh Rud,,0.75,resolving DOI
hold,Iran basins/projects,"Evaluating the Effects of Vegetation, Zayandeh Rud River, and Urban Development on the Formation of Heat Islands in Isfahan Using Spatial Statistical Analyses",Seyyed Mahmood Hashemi | Ehsan Soureh | Dordaneh Aghajani | Aziz Azizpour | Mahsa Jabbari,2026,"Weather, Climate, and Society",American Meteorological Society,10.1175/wcas-d-25-0101.1,https://doi.org/10.1175/wcas-d-25-0101.1,,Crossref,Zayandeh Rud,,0.6667,no resolving DOI or live landing page
eligible,Iran basins/projects,"Identifying Land Use/Land Cover Changes Using Remote Sensing and GIS Techniques in Upper, Middle and Lower Reaches of Zayandeh-Rud Basin in Central Iran",Saeid Salehian Badi | Javed Etaat,2024,Journal of Agricultural Engineering (India),Indian Society of Agricultural Engineers,10.52151/jae2024616.1895,https://doi.org/10.52151/jae2024616.1895,https://pub.isae.in/index.php/jae/article/download/1405/2687,Crossref,Zayandeh Rud,,0.5,resolving DOI
eligible,Iran basins/projects,Aiming at low nitrogen leaching diets based on nitrogen fertilizer regulatory policy: A regional bio-economic assessment of the Zayandeh-Rud river basin-Iran,Mohammad Tirgariseraji | Tomas Persson | Yaghoob Jafari | Mahmood Sabouhi Sabouni | Alisher Mirzabaev | Alireza Nikouei | Naser Shahnoushi Foroushani,2024,Journal of Environmental Management,Elsevier BV,10.1016/j.jenvman.2023.119650,https://doi.org/10.1016/j.jenvman.2023.119650,,Crossref,Zayandeh Rud,,0.625,resolving DOI
hold,Iran basins/projects,Assessment of irrigation water allocation based on optimization and equitable water reduction approaches to reduce agricultural drought losses: The 1999 drought in the Zayandeh RUD irrigation system (IRAN),M. Moghaddasi | S. Morid | S. Araghinejad | M. Agha Alikhani,2009,Irrigation and Drainage,Wiley,10.1002/ird.499,https://doi.org/10.1002/ird.499,,Crossref,Zayandeh Rud,,0.6923,no resolving DOI or live landing page
eligible,Iran basins/projects,The dichotomous Markov process with nonparametric test application; a decision support method in long-term river behavioural analysis: the Zayandeh Rud River; a case study from central Iran,Mehdi F. Harandi | Shantia Yarahmadian | Mohammad Sepehrifar | Pieter H. A. J. M. van Gelder,2014,Stochastic Environmental Research and Risk Assessment,Springer Science and Business Media LLC,10.1007/s00477-014-0854-y,https://doi.org/10.1007/s00477-014-0854-y,http://link.springer.com/content/pdf/10.1007/s00477-014-0854-y.pdf,Crossref,Zayandeh Rud,,0.6667,resolving DOI
eligible,Iran basins/projects,An Analysis of Natural Factors Affecting the Dispersal and Establishment of Iron Age III (800-550 B.C) Settlements in the Western Zayandeh-Rud River Basin (West and Northwest of Isfahan),Masoomeh Taheri Dehkordi | Alamdar Alian,2021,Journal of Geographical Research,Bilingual Publishing Group,10.30564/jgr.v4i1.2630,https://doi.org/10.30564/jgr.v4i1.2630,https://journals.bilpubgroup.com/index.php/jgr/article/download/2630/2477,Crossref,Zayandeh Rud,,0.6667,resolving DOI
eligible,Iran basins/projects,Investigation of Landform and Sunlight in Zayandeh Roud Basin,Kaveh Ostad-Ali-Askari | Maryam Marani-Barzani,2021,American Journal of Engineering and Applied Sciences,Science Publications,10.3844/ajeassp.2021.455.460,https://doi.org/10.3844/ajeassp.2021.455.460,,Crossref,Zayandeh Rud,,0.6107,resolving DOI
eligible,Iran basins/projects,Desertification risk mapping of the Zayandeh Rood Basin in Iran,M MARANI BARZANI | O S KHAIRULMAINI,2013,Journal of Earth System Science,Springer Science and Business Media LLC,10.1007/s12040-013-0348-1,https://doi.org/10.1007/s12040-013-0348-1,http://link.springer.com/content/pdf/10.1007/s12040-013-0348-1.pdf,Crossref,Zayandeh Rood | Zayandeh Rud,,0.6,resolving DOI
hold,Iran basins/projects,Uncertainty Analysis in QUAL2E Model of Zayandeh‐Rood River,A. Abrishamchi | M. Tajrishy | P. Shafieian,2005,Water Environment Research,Wiley,10.2175/106143005x41861,https://doi.org/10.2175/106143005x41861,https://api.wiley.com/onlinelibrary/tdm/v1/articles/10.2175%2F106143005X41861,Crossref,Zayandeh Rood | Zayandeh Rud,,0.5556,no resolving DOI or live landing page
eligible,Iran basins/projects,"Seasonal variations in phytoplankton communities in Zayandeh-Rood Dam Lake (Isfahan, Iran)",MASOUMEH SHAMS | SAEED AFSHARZADEH | TAHİR ATICI,2012,Turkish Journal of Botany,The Scientific and Technological Research Council of Turkey (TUBITAK-ULAKBIM) - DIGITAL COMMONS JOURNALS,10.3906/bot-1104-19,https://doi.org/10.3906/bot-1104-19,,Crossref,Zayandeh Rood,,0.5167,resolving DOI
eligible,Iran basins/projects,Accumulation of Heavy Metals (Lead and Zinc) in the Liver of Some Edible Fishes in Zayandeh-rood,H. Maaboodi | S. Jamili | H. Maddani,2011,Research Journal of Environmental Sciences,Science Alert,10.3923/rjes.2011.295.301,https://doi.org/10.3923/rjes.2011.295.301,,Crossref,Zayandeh Rood,,0.5455,resolving DOI
eligible,Iran basins/projects,"Artificial neural network for modeling nitrate pollution of groundwater in marginal area of Zayandeh-rood River, Isfahan, Iran",Kaveh Ostad-Ali-Askari | Mohammad Shayannejad | Hossein Ghorbanizadeh-Kharazi,2017,KSCE Journal of Civil Engineering,Elsevier BV,10.1007/s12205-016-0572-8,https://doi.org/10.1007/s12205-016-0572-8,http://link.springer.com/content/pdf/10.1007/s12205-016-0572-8.pdf,Crossref,Zayandeh Rood,,0.5322,resolving DOI
eligible,Iran basins/projects,"Potentially Toxic Elements’ Accumulation in Relation to Sediment Physicochemical Attributes and Microplastic Content in Zayandeh-Rood River, Iran",Mokarrameh Behmanesh | Atefeh Chamani | Elham Chavoshi,2024,Archives of Environmental Contamination and Toxicology,Springer Science and Business Media LLC,10.1007/s00244-024-01059-9,https://doi.org/10.1007/s00244-024-01059-9,https://link.springer.com/content/pdf/10.1007/s00244-024-01059-9.pdf,Crossref,Zayandeh Rood,,0.4807,resolving DOI
hold,Iran basins/projects,Morphological quality analysis of urban river corridor of Zayandeh Rood in Isfahan using the MQI method (from Najvan Park to Ashkavand Bridge),Marzieh Ahmadi | Amir Karam | Shila Hajehforoshnia,2024,Environmental Erosion Research,Apex Publishing,10.61186/jeer.14.4.96,https://doi.org/10.61186/jeer.14.4.96,https://magazine.hormozgan.ac.ir/article-1-854-en.pdf,Crossref,Zayandeh Rood,,0.5115,no resolving DOI or live landing page
eligible,Iran basins/projects,"Soil erosion estimating and hazard mapping using SWAT and RUSLE models in a semiarid-arid region, Zayandeh-Rood Dam Watershed, Central Iran",Mohammad Sajjad Ghavami | Shuai Zhao | Shamsollah Ayoubi | Artemi Cerda,2026,Environmental Earth Sciences,Springer Science and Business Media LLC,10.1007/s12665-025-12794-0,https://doi.org/10.1007/s12665-025-12794-0,https://link.springer.com/content/pdf/10.1007/s12665-025-12794-0.pdf,Crossref,Zayandeh Rood,,0.4452,resolving DOI
eligible,Iran basins/projects,"Instrumental and bioanalytical assessment of pharmaceuticals and hormone-like compounds in a major drinking water source—wastewater receiving Zayandeh Rood river, Iran",Shima Kouhi Dehkordi | Hamed Paknejad | Ludek Blaha | Helena Svecova | Roman Grabic | Zdenek Simek | Alena Otoupalikova | Michal Bittner,2021,Environmental Science and Pollution Research,Springer Science and Business Media LLC,10.1007/s11356-021-15943-7,https://doi.org/10.1007/s11356-021-15943-7,https://link.springer.com/content/pdf/10.1007/s11356-021-15943-7.pdf,Crossref,Zayandeh Rood,,0.6,resolving DOI
eligible,Iran basins/projects,Urbanization Effect on Air Temperature in Iran's Zayanderud River Basin,Ali Zahraei | Sara Saadati | Saeid Eslamian | Kaveh Ostad-Ali-Askari | Mohsen Ghane,2018,American Journal of Engineering and Applied Sciences,Science Publications,10.3844/ajeassp.2018.680.689,https://doi.org/10.3844/ajeassp.2018.680.689,,Crossref,Zayanderud,,0.5578,resolving DOI
eligible,Iran basins/projects,Application of the Bankruptcy Theory and Conflicting Claims on Water Resources Allocation of Zayanderud,Seyed Parviz Jalili Kamju |  | Ramin Khochiani | ,2020,Journal of Research in Economic Modeling,CMV Verlag,10.29252/jemr.10.39.45,https://doi.org/10.29252/jemr.10.39.45,http://jemr.khu.ac.ir/article-1-1826-en.pdf,Crossref,Zayanderud,,0.5143,resolving DOI
eligible,Iran basins/projects,Analysis of Trends in Daily and Overnight Temperature Over Iran's Zayanderud River Basin,Ali Zahraei | Sara Saadati | Saeid Eslamian | Kaveh Ostad-Ali-Askari,2020,American Journal of Engineering and Applied Sciences,Science Publications,10.3844/ajeassp.2020.409.418,https://doi.org/10.3844/ajeassp.2020.409.418,,Crossref,Zayanderud,,0.5359,resolving DOI
eligible,Iran basins/projects,"Application of artificial neural networks to predict total dissolved solids in the river Zayanderud, Iran",Asadollahfardi Gholamreza | Meshkat-Dini Afshin | Homayoun Aria Shiva | Roohani Nasrin,2016,Environmental Engineering Research,Korean Society of Environmental Engineering,10.4491/eer.2015.096,https://doi.org/10.4491/eer.2015.096,,Crossref,Zayanderud,,0.5291,resolving DOI
eligible,Iran basins/projects,Mapping of Temperature Trend Slope in Iran′s Zayanderud River Basin: A Comparison of Interpolation Methods,Ali Zahraei | Saeid Eslamian | Ali Saeidi Rizi | Neda Azam | Morteza Soltani | Mohammad Mousavi | Sona Pazdar | Kaveh Ostad-Ali-Askari,2019,American Journal of Engineering and Applied Sciences,Science Publications,10.3844/ajeassp.2019.247.258,https://doi.org/10.3844/ajeassp.2019.247.258,,Crossref,Zayanderud,,0.5022,resolving DOI
eligible,Iran basins/projects,Assessing the effectiveness of artificial intelligence models in predicting Zayanderud dam inflow at different time scales,Saloomeh Akbari Osmavandani | Ahmad Sharafati | Hamid Kardan Moghaddam,2023,Acta Geophysica,Springer Science and Business Media LLC,10.1007/s11600-023-01257-4,https://doi.org/10.1007/s11600-023-01257-4,https://link.springer.com/content/pdf/10.1007/s11600-023-01257-4.pdf,Crossref,Zayanderud,,0.433,resolving DOI
hold,Iran basins/projects,"Evaluating Impacts of Irrigation and Drought on River, Groundwater and a Terminal Wetland in the Zayanderud Basin, Iran",Nizar Abou Zaki | Ali Torabi Haghighi | Pekka M. Rossi | Mohammad J. Tourian | Alireza Bakhshaee | Bjørn Kløve,2020,Water,MDPI AG,10.3390/w12051302,https://doi.org/10.3390/w12051302,,Crossref,Zayanderud,,0.5714,no resolving DOI or live landing page
eligible,Iran basins/projects,Continuous streamflow monitoring in shared watersheds using advanced underwater acoustic tomography system: a case study on Zayanderud River,Masoud Bahreinimotlagh | Kiyosi Kawanisi | Mohammad Basel Al Sawaf | Reza Roozbahani | Mortaza Eftekhari | Abbas Kazemi Khoshuie,2019,Environmental Monitoring and Assessment,Springer Science and Business Media LLC,10.1007/s10661-019-7830-4,https://doi.org/10.1007/s10661-019-7830-4,http://link.springer.com/content/pdf/10.1007/s10661-019-7830-4.pdf,Crossref,Zayanderud,,0.5,resolving DOI
hold,Iran basins/projects,Evaluating the effect of Zayanderud river drying up on the underground water quality (Case study: Najafabad and Isfahan plain),Zohreh Khorsandi Kouhanestani | Farhad Mokhtari | Farzaneh Khorsandi,2019,"2019 Boston, Massachusetts July 7- July 10, 2019",American Society of Agricultural and Biological Engineers,10.13031/aim.201901012,https://doi.org/10.13031/aim.201901012,,Crossref,Zayanderud,,0.5306,no resolving DOI or live landing page
hold,Iran basins/projects,Fuzzy Multiple Attribute Decision Making on Water Resources Projects Case Study: Ranking Water Transfers to Zayanderud Basin in Iran,Mahdi Zarghaami | Reza Ardakanian | Azizolah Memariani,2007,Water International,Informa UK Limited,10.1080/02508060708692207,https://doi.org/10.1080/02508060708692207,,Crossref,Zayanderud,,0.6,no resolving DOI or live landing page
eligible,Iran basins/projects,"Study of Sediments Water Resources System of Zayanderud Dam through Area increment and Area reduction Methods, Isfahan Province, Iran.",Amir hossein Shafiee | Majid Safamehr,2011,Procedia Earth and Planetary Science,Elsevier BV,10.1016/j.proeps.2011.11.004,https://doi.org/10.1016/j.proeps.2011.11.004,,Crossref,Zayanderud,,0.4526,resolving DOI
hold,Iran basins/projects,Lu-Hf and U-Pb Dating of the Zayanderud Eclogites: Implications for Jurassic Subduction Initiation Along the Neotethys Margin in Iran,Rezvaneh Jamali Ashtiani | Erik E. Scherer | Axel K. Schmitt | Jamshid Hassanzadeh | Andreas T. Hertwig,2024,Lithos,Elsevier BV,10.2139/ssrn.4717517,https://doi.org/10.2139/ssrn.4717517,,Crossref,Zayanderud,,0.4444,no resolving DOI or live landing page
eligible,Iran basins/projects,"Simulation of the hydrological impacts of climate change on the Zayanderud River Basin and the implications for the Gavkhuni Ramsar wetland, Iran.",Honeyeh Iravani | Julian R. Thompson,2022,,Copernicus GmbH,10.5194/iahs2022-285,https://doi.org/10.5194/iahs2022-285,,Crossref,Gavkhuni | Zayanderud,,0.6429,resolving DOI
eligible,Iran basins/projects,ZAYANDEHRUD WATER ISSUES:,Mehdi Fasihi Harandi,2018,Complexity of Transboundary Water Conflicts,Anthem Press,10.2307/j.ctv8xngkk.15,https://doi.org/10.2307/j.ctv8xngkk.15,,Crossref,Zayandehrud,,0.6667,resolving DOI
eligible,Iran basins/projects,Morphologic Study of Meandering Rivers Under Controlled Flow Using RS and GIS Techniques (Case study: Zayandehrud River at the downstream of Zayandehrud dam),M. Javahery-Tehrani |  | S. F. Mousavi |  | Kh. Hosseini | ,2016,Journal of Water and Soil Science,CASRP: Center of Advanced Scientific Research and Publications,10.18869/acadpub.jstnar.20.77.25,https://doi.org/10.18869/acadpub.jstnar.20.77.25,,Crossref,Zayandehrud,,0.5385,resolving DOI
eligible,Iran basins/projects,"Reproductive biology of Aphanius isfahanensis in the Zayandehrud River, central Iran",Zaniar Ghafouri | Yazdan Keivany | Nasrollah M. Soofiani,2018,Environmental Biology of Fishes,Springer Science and Business Media LLC,10.1007/s10641-018-0833-0,https://doi.org/10.1007/s10641-018-0833-0,http://link.springer.com/content/pdf/10.1007/s10641-018-0833-0.pdf,Crossref,Zayandehrud,,0.5874,resolving DOI
hold,Iran basins/projects,Evaluation of Optimized Zayandehrud River Channel Dimensions to Mitigate Flood Damage,Mohammad Mahdi Malekpour | Mohammad Mehdi Ahmadi | Kourosh Qaderi,2025,"CLEAN – Soil, Air, Water",Wiley,10.1002/clen.70074,https://doi.org/10.1002/clen.70074,https://onlinelibrary.wiley.com/doi/pdf/10.1002/clen.70074,Crossref,Zayandehrud,,0.478,no resolving DOI or live landing page
eligible,Iran basins/projects,Trend Detection of the Rainfall and Air Temperature Data in the Zayandehrud Basin,Yazdani Mohammad Reza | Khoshhal Dastjerdi Javad | Mahdavi Mohammad | Sharma Ashish,2011,Journal of Applied Sciences,Science Alert,10.3923/jas.2011.2125.2134,https://doi.org/10.3923/jas.2011.2125.2134,,Crossref,Zayandehrud,,0.5828,resolving DOI
hold,Iran basins/projects,"Classification of Zayandehrud River Basin Water Quality Regarding Agriculture, Drinking, and Industrial Usage",,2017,American Research Journal of Civil and Structural Engineering,American Research Journals,10.21694/2577-5944.17005,https://doi.org/10.21694/2577-5944.17005,,Crossref,Zayandehrud,,0.5895,no resolving DOI or live landing page
eligible,Iran basins/projects,Evaluation Of Five Rainfall Estimate Products Over Different Climatic Zones In The Zayandehrud River Basin,Neda Abbasi | Christian Opp | Lars Ribbe | Oscar Manuel Baez-Villanueva | Ali Asghar Besalatpour,2020,2020 Mediterranean and Middle-East Geoscience and Remote Sensing Symposium (M2GARSS),IEEE,10.1109/m2garss47143.2020.9105306,https://doi.org/10.1109/m2garss47143.2020.9105306,,Crossref,Zayandehrud,,0.5652,resolving DOI
eligible,Iran basins/projects,"Inter-comparison of remotely-sensed actual evapotranspiration products in the Zayandehrud river basin, Iran",Neda Abbasi | Hamideh Nouri | Sattar Chavoshi Borujeni | Pamela Nagler | Christian Opp | Armando Barreto Munez | Kamel Didan | Stefan Siebert,2021,,Copernicus GmbH,10.5194/egusphere-egu21-103,https://doi.org/10.5194/egusphere-egu21-103,,Crossref,Zayandehrud,,0.6327,resolving DOI
eligible,Iran basins/projects,"Catch composition, length frequency and biomass of commercial carps in Zayandehrud dam, Isfahan Province, Iran",MOHAMMAD REZA ABBASI | SEYED YOUSEF PAIGHAMBARI | MOJTABA POULADI | RASOUL GHORBANI,2017,Biodiversitas Journal of Biological Diversity,UNS Solo,10.13057/biodiv/d180310,https://doi.org/10.13057/biodiv/d180310,https://smujo.id/biodiv/article/download/2006/1885,Crossref,Zayandehrud,,0.4873,resolving DOI
eligible,Iran basins/projects,Long-term drought monitoring of the Zayandehrud River basin (central Iran) using hydroclimatological models and satellite observations,Masoud Babadi | Siavash Iran Pour | Ribana Roscher | Alireza Amiri-Simkooei | Hamed Karimi,2022,Journal of Applied Remote Sensing,SPIE-Intl Soc Optical Eng,10.1117/1.jrs.16.014504,https://doi.org/10.1117/1.jrs.16.014504,,Crossref,Zayandehrud,,0.5385,resolving DOI
eligible,Iran basins/projects,"Taxonomic composition of algae and its indicator role in the ecosystem of the Zayandehrud River, Iran",B. Zarei Darki | L. Zarei Darki | H. R. Akkafi | M. Mirzai,2014,Inland Water Biology,Pleiades Publishing Ltd,10.1134/s1995082913050027,https://doi.org/10.1134/s1995082913050027,https://link.springer.com/content/pdf/10.1134/S1995082913050027.pdf,Crossref,Zayandehrud,,0.5728,resolving DOI
eligible,Iran basins/projects,"How do climate change, socioeconomic context, and water policies impact water conflicts? Insights from the ZayandehRud Basin, Iran.",Esmail Karamidehkordi | Ladan Naderi,2025,Psychology of Violence,American Psychological Association (APA),10.1037/vio0000650,https://doi.org/10.1037/vio0000650,,Crossref,Zayandehrud,,0.6266,resolving DOI
eligible,Iran basins/projects,Assessment of impacts of land use changes on surface water using L-THIA model (case study: Zayandehrud river basin),M. Mirzaei | E. Solgi | A. Salmanmahiny,2016,Environmental Monitoring and Assessment,Springer Science and Business Media LLC,10.1007/s10661-016-5705-5,https://doi.org/10.1007/s10661-016-5705-5,http://link.springer.com/content/pdf/10.1007/s10661-016-5705-5.pdf,Crossref,Zayandehrud,,0.5974,resolving DOI
hold,Iran basins/projects,"Optimising water release patterns for sustainable agriculture and ecosystem health: a case study of the Zayandehrud River Basin, Iran",Mohammad Jamali | Sajad Enteshari,2026,International Journal of Hydrology Science and Technology,Inderscience Publishers,10.1504/ijhst.2026.10078889,https://doi.org/10.1504/ijhst.2026.10078889,,Crossref,Zayandehrud,,0.7692,no resolving DOI or live landing page
eligible,Iran basins/projects,"A signaling game model for evaluating water allocation competitiveness with information asymmetry environment, case study: Zayandehrud River Basin, Iran",Zohresadat Ahmadi Forushani | Hamid R. Safavi | Reza Kerachian | Mohammad H. Golmohammadi,2023,"Environment, Development and Sustainability",Springer Science and Business Media LLC,10.1007/s10668-023-03989-1,https://doi.org/10.1007/s10668-023-03989-1,https://link.springer.com/content/pdf/10.1007/s10668-023-03989-1.pdf,Crossref,Zayandehrud,,0.5421,resolving DOI
eligible,Iran basins/projects,"Assessment and comparison of drought monitoring using hydrological and meteorological indices—Case study: The ZayandehRud water reservoir, Iran",,2015,Drought: Research and Science-Policy Interfacing,CRC Press,10.1201/b18077-37,https://doi.org/10.1201/b18077-37,,Crossref,Zayandehrud,,0.5385,resolving DOI
eligible,Iran basins/projects,"Assessing the Impact of Climate Changes on Hydrological Drought Based on Reservoir Performance Indices (Case Study: ZayandehRud River Basin, Iran)",S. Khajeh | Sh. Paimozd | M. Moghaddasi,2017,Water Resources Management,Springer Science and Business Media LLC,10.1007/s11269-017-1642-5,https://doi.org/10.1007/s11269-017-1642-5,http://link.springer.com/content/pdf/10.1007/s11269-017-1642-5.pdf,Crossref,Zayandehrud,,0.6154,resolving DOI
eligible,Iran basins/projects,"Prediction and assessment of drought effects on surface water quality using artificial neural networks: case study of Zayandehrud River, Iran",Hamid R. Safavi | Kian Malek Ahmadi,2015,Journal of Environmental Health Science and Engineering,Springer Science and Business Media LLC,10.1186/s40201-015-0227-6,https://doi.org/10.1186/s40201-015-0227-6,http://link.springer.com/content/pdf/10.1186/s40201-015-0227-6.pdf,Crossref,Zayandehrud,,0.5469,resolving DOI
eligible,Iran basins/projects,Occurrence and depositional history of organochlorine pesticides in the sediments of the Zayandehrud River in the arid region of Central Iran,Mohammad Nemati Varnosfaderany | Alireza Soffianian | Nourollah Mirghaffari | Zhaoyan Gu | Guoqiang Chu,2020,Chemosphere,Elsevier BV,10.1016/j.chemosphere.2020.126847,https://doi.org/10.1016/j.chemosphere.2020.126847,,Crossref,Zayandehrud,,0.5556,resolving DOI
eligible,Iran basins/projects,Development of System Dynamics for Holistic Conceptualization of Water Resources Problems Using Grounded Theory: A Case Study of the Zayandehrud River Basin,Sajad Enteshari | Hamid R. Safavi,2020,"Iranian Journal of Science and Technology, Transactions of Civil Engineering",Springer Science and Business Media LLC,10.1007/s40996-020-00487-6,https://doi.org/10.1007/s40996-020-00487-6,https://link.springer.com/content/pdf/10.1007/s40996-020-00487-6.pdf,Crossref,Zayandehrud,,0.6667,resolving DOI
eligible,Iran basins/projects,Spatial-Temporal Analysis of Temperature Trend and its Possible Effects on Water Resources and Water Uses in Climatic Zones of Iran's Zayandehrud River Basin,Ali Zahraei | Saeid Eslamian | Sara Saadati | Mohsen Nekooei | Ali Heidarian | Kaveh Ostad-Ali-Askari | Ali Hasantabar-Amiri | Mohammad Mousavi,2019,American Journal of Engineering and Applied Sciences,Science Publications,10.3844/ajeassp.2019.290.308,https://doi.org/10.3844/ajeassp.2019.290.308,,Crossref,Zayandehrud,,0.6,resolving DOI
hold,Iran basins/projects,"Effect of Applied Nitrogen Fertilizer and Irrigation Strategies on Yield, Nitrogen and Water Productivity of Winter Wheat and Barley in Upstream of Zayandehrud River Basin, Central Iran",Sajad Amirhajloo | Mahdi Gheysari | Mohammad Shayannejad | Mehran Shirvani,2022,SSRN Electronic Journal,Elsevier BV,10.2139/ssrn.4078769,https://doi.org/10.2139/ssrn.4078769,,Crossref,Zayandehrud,,0.6,no resolving DOI or live landing page
eligible,Iran basins/projects,"Application of the Modified PSIAC Model for Quantitative and Qualitative Evaluation of Erosion and Sediment Yield in the Pelasjan Watershed, a Sub-Basin of the Zayandehrud River", | H. Hosseinkhani | E. Ghanbari Adivi | R. Fatahi Nafchi | A. Raeisi,2025,Journal of Water and Soil Science,Academic World Research,10.47176/jwss.29.4.71601,https://doi.org/10.47176/jwss.29.4.71601,,Crossref,Zayandehrud,,0.5455,resolving DOI
hold,Iran basins/projects,"Risk analysis of inflow to the Zayandehrud Dam under historical and future scenarios using reliability, resiliency, and vulnerability indicators: a comparative study of the runoff risk index and runoff risk ranking methods",Mohammad Mahdi Dorafshan | Mohammad Hossein Golmohammadi | Carlo De Michele | Saeid Eslamian,2024,Water Reuse,IWA Publishing,10.2166/wrd.2024.070,https://doi.org/10.2166/wrd.2024.070,https://iwaponline.com/jwrd/article-pdf/15/1/1/1519105/jwrd2024070.pdf,Crossref,Zayandehrud,,0.4615,no resolving DOI or live landing page
eligible,Iran basins/projects,Monitoring drought over the Gavkhouni Lake using Terrestrial Water Storage data,Elahe Khesali | Elham Ghasemi | Fawziah Almutairi,2025,IGARSS 2025 - 2025 IEEE International Geoscience and Remote Sensing Symposium,IEEE,10.1109/igarss55030.2025.11242673,https://doi.org/10.1109/igarss55030.2025.11242673,,Crossref,Gavkhouni,,0.4192,resolving DOI
hold,Iran basins/projects,"Identification of Algae as Pollution Bioindicators in Shakh-Kenar, Gavkhouni Wetland, Isfahan",Masoumeh Shams | sana Karimian Shamsabadi,2019,Journal of Phycological Research,Armenian Green Publishing Co.,10.29252/jpr.3.2.386,https://doi.org/10.29252/jpr.3.2.386,,Crossref,Gavkhouni,,0.4693,no resolving DOI or live landing page
eligible,Iran basins/projects,Evolution of sedimentary environments and geography of the Gavkhouni Playa during the Late Quaternary,T. Jalilian | R. Lak | A. Taghian | J. Darvishi Khatooni,2021,International Journal of Environmental Science and Technology,Springer Science and Business Media LLC,10.1007/s13762-021-03295-1,https://doi.org/10.1007/s13762-021-03295-1,https://link.springer.com/content/pdf/10.1007/s13762-021-03295-1.pdf,Crossref,Gavkhouni,,0.4656,resolving DOI
hold,Iran basins/projects,"Crystal size and shape distribution of plagioclase in the basaltic andesites, North of Gavkhouni",mahnaz Khodami |  | Behnaz Bakhtiari | ,2019,Iranian Journal of Crystallography and Mineralogy,CMV Verlag,10.29252/ijcm.27.3.683,https://doi.org/10.29252/ijcm.27.3.683,http://ijcm.ir/article-1-1335-en.pdf,Crossref,Gavkhouni,,0.4512,no resolving DOI or live landing page
eligible,Iran basins/projects,"Machine Learning approaches for identifying factors influencing dust sensitivity in the Gavkhouni Basin, Central Iran",Z. Ebrahimi-Khusfi | A. R. Nafarzadegan | M. Ebrahimi-Khusfi | A. H. Mosavai,2024,International Journal of Environmental Science and Technology,Springer Science and Business Media LLC,10.1007/s13762-024-06183-6,https://doi.org/10.1007/s13762-024-06183-6,https://link.springer.com/content/pdf/10.1007/s13762-024-06183-6.pdf,Crossref,Gavkhouni,,0.4721,resolving DOI
hold,Iran basins/projects,"Complete Genome Sequence of Oceanimonas sp. GK1, a Halotolerant Bacterium from Gavkhouni Wetland in Iran",Laleh Parsa Yeganeh | Reza Azarbaijani | Sajjad Sarikhan | Hossein Mousavi | Mohadeseh Ramezani | Mohammad Ali Amoozegar | Abolhassan Shahzadeh Fazeli | Ghasem Hosseini Salekdeh,2012,Journal of Bacteriology,American Society for Microbiology,10.1128/jb.00023-12,https://doi.org/10.1128/jb.00023-12,https://journals.asm.org/doi/pdf/10.1128/JB.00023-12,Crossref,Gavkhouni,,0.4211,no resolving DOI or live landing page
eligible,Iran basins/projects,The Late Quaternary sedimentary sequences and environmental changes based on core studies in the Gavkhouni Playa (Central Iran),Tahereh Jalilian | Alireza Taghian | Razyeh Lak | Javad Darvishi Khatooni,2021,Environmental Earth Sciences,Springer Science and Business Media LLC,10.1007/s12665-021-10040-x,https://doi.org/10.1007/s12665-021-10040-x,https://link.springer.com/content/pdf/10.1007/s12665-021-10040-x.pdf,Crossref,Gavkhouni,,0.4831,resolving DOI
eligible,Iran basins/projects,Optimizing Rain Gauges with the cuckoo Algorithm and Entropy of Information Transfer: a case Study on the Gavkhouni Basin in Iran,Saeid Eslamian | Ardeshir Esmaeili Fallah | Yaser Sabzevari,2025,Environmental Earth Sciences,Springer Science and Business Media LLC,10.1007/s12665-025-12433-8,https://doi.org/10.1007/s12665-025-12433-8,https://link.springer.com/content/pdf/10.1007/s12665-025-12433-8.pdf,Crossref,Gavkhouni,,0.6154,resolving DOI
eligible,Iran basins/projects,Multivariate modeling of pan evaporation in monthly temporal resolution using a hybrid evolutionary data-driven method (case study: Urmia Lake and Gavkhouni basins),Alireza Emadi | Sarvin Zamanzad-Ghavidel | Sina Fazeli | Soheila Zarei | Ali Rashid-Niaghi,2021,Environmental Monitoring and Assessment,Springer Science and Business Media LLC,10.1007/s10661-021-09060-8,https://doi.org/10.1007/s10661-021-09060-8,https://link.springer.com/content/pdf/10.1007/s10661-021-09060-8.pdf,Crossref,Gavkhouni,,0.4452,resolving DOI
eligible,Global interbasin-transfer literature,"Potentially Toxic Elements in Sediment of Gavkhuni International Wetland, Iran",Helena Kaabi | Eisa Solgi,2026,Iranian Journal of Science,Springer Science and Business Media LLC,10.1007/s40995-026-01982-7,https://doi.org/10.1007/s40995-026-01982-7,https://link.springer.com/content/pdf/10.1007/s40995-026-01982-7.pdf,Crossref,Gavkhuni,,0.4727,resolving DOI
eligible,Global interbasin-transfer literature,Economic analysis of Water-Food-Energy Nexus in Gavkhuni basin in Iran,Ali Sharifinejad | Banafsheh Zahraie | Vahid Majed | Zeinab Ravar | Yousef Hassani,2020,Journal of Hydro-environment Research,Elsevier BV,10.1016/j.jher.2020.03.001,https://doi.org/10.1016/j.jher.2020.03.001,,Crossref,Gavkhuni,,0.6,resolving DOI
hold,Global interbasin-transfer literature,Effect of industrial and agricultural pollutants on the sustainability of Gavkhuni lagoon wetland ecosystem,Masoud Hekmatpanah,2012,AFRICAN JOURNAL OF AGRICULTURAL RESEEARCH,Academic Journals,10.5897/ajar11.1746,https://doi.org/10.5897/ajar11.1746,,Crossref,Gavkhuni,,0.4157,no resolving DOI or live landing page
eligible,Global interbasin-transfer literature,Methods of Representing Implied Author and Implied Reader in GavKhuni and its Film Adaptation,Ali Taslimi |  | Behrouz Mahmoudi Bakhtiari |  | Mahmoud Ranjbar |  | Fakhry Rasouli Geravi | ,2019,Half-Yearly Persian Language and Literature,CMV Verlag,10.29252/jpll.27.86.61,https://doi.org/10.29252/jpll.27.86.61,http://jpll.khu.ac.ir/article-1-3568-en.pdf,Crossref,Gavkhuni,,0.3953,resolving DOI
eligible,Global interbasin-transfer literature,Improving the management of agricultural water resources to provide Gavkhuni wetland ecological water right in Iran,Razieh Haddad | Sajad Najafi Marghmaleki | Hamid Kardan Moghaddam | Mehdi Mofidi | Mohammad Mirzavand | Saman Javadi,2023,"Environment, Development and Sustainability",Springer Science and Business Media LLC,10.1007/s10668-023-04028-9,https://doi.org/10.1007/s10668-023-04028-9,https://link.springer.com/content/pdf/10.1007/s10668-023-04028-9.pdf,Crossref,Gavkhuni,,0.8,resolving DOI
eligible,Global interbasin-transfer literature,"Heavy metal distribution in the salt pan of Gavkhuni playa lake (southeast of Isfahan, Iran)",Hamid Reza Pakzad | Mehrdad Pasandi | Masoumeh Zaheri,2014,Carbonates and Evaporites,Springer Science and Business Media LLC,10.1007/s13146-014-0187-4,https://doi.org/10.1007/s13146-014-0187-4,http://link.springer.com/content/pdf/10.1007/s13146-014-0187-4.pdf,Crossref,Gavkhuni,,0.4444,resolving DOI
eligible,Global interbasin-transfer literature,"Distribution of heavy metals in the clastic fine-grained sediments of Gavkhuni playa lake (Southeast of Isfahan, Iran)",Hamid Reza Pakzad | Mehrdad Pasandi | Hajar Rahimi,2013,Environmental Earth Sciences,Springer Science and Business Media LLC,10.1007/s12665-013-2858-1,https://doi.org/10.1007/s12665-013-2858-1,http://link.springer.com/content/pdf/10.1007/s12665-013-2858-1.pdf,Crossref,Gavkhuni,,0.4444,resolving DOI
hold,Global interbasin-transfer literature,"Archaeometallurgical Evidence of Ancient Mines and Dual Copper and Lead–Silver Production North of the Gavkhuni Playa, Central Iran",Mehran Kakavand | Babak Rafiei-Alavi | Mohammadamin Emami | Martin Kehl,2026,,Elsevier BV,10.2139/ssrn.6042893,https://doi.org/10.2139/ssrn.6042893,,Crossref,Gavkhuni,,0.4498,no resolving DOI or live landing page
eligible,Global interbasin-transfer literature,System dynamics modeling for assessment of water–food–energy resources security and nexus in Gavkhuni basin in Iran,Zeinab Ravar | Banafsheh Zahraie | Ali Sharifinejad | Hamid Gozini | Samannaz Jafari,2020,Ecological Indicators,Elsevier BV,10.1016/j.ecolind.2019.105682,https://doi.org/10.1016/j.ecolind.2019.105682,,Crossref,Gavkhuni,,0.6,resolving DOI
eligible,Global interbasin-transfer literature,"The Late Miocene Kuh-e-Siah Volcano of Arc-Front of Urumieh‒Dokhtar Magmatic Arc (Gavkhuni Lagoon, Yazd Province, Iran): Petrochemical Characteristics and Whole-Rock Geochemistry",F. Tabbakhian | Gh. Torabi | B. Fazeli | T. Morishita,2026,Geotectonics,Pleiades Publishing Ltd,10.1134/s0016852126700147,https://doi.org/10.1134/s0016852126700147,https://link.springer.com/content/pdf/10.1134/S0016852126700147.pdf,Crossref,Gavkhuni,,0.3908,resolving DOI
hold,Iran basins/projects,Assessment of Coagulants Efficiency in Water Treatment of Karoun River,Davoud Khodadadi Dehkordi | Heidar Ali Kashkuli | Kamran Mohsenifar | Masoud Sadeghi-Mianroudi,2016,Jundishapur Journal of Health Sciences,Brieflands,10.5812/jjhs.37193,https://doi.org/10.5812/jjhs.37193,,Crossref,Karoun River,,0.5455,no resolving DOI or live landing page
eligible,Iran basins/projects,"Synoptic-dynamic analysis of extreme precipitation in Karoun River Basin, Iran",Iman Rousta | Mostafa Karampour | Mehdi Doostkamian | Haraldur Olafsson | Hao Zhang | Terence Darlington Mushore | Amin Shiri Karimvandi | Edgar Ricardo Monroy Vargas,2020,Arabian Journal of Geosciences,Springer Science and Business Media LLC,10.1007/s12517-020-5101-x,https://doi.org/10.1007/s12517-020-5101-x,http://link.springer.com/content/pdf/10.1007/s12517-020-5101-x.pdf,Crossref,Karoun River,,0.5455,resolving DOI
eligible,Iran basins/projects,Assessment of temperature and rainfall changes in the Karoun River basin,Dariush Rahimi | Sadat Hasheminasab | Khodayar Abdollahi,2019,Theoretical and Applied Climatology,Springer Science and Business Media LLC,10.1007/s00704-019-02771-6,https://doi.org/10.1007/s00704-019-02771-6,http://link.springer.com/content/pdf/10.1007/s00704-019-02771-6.pdf,Crossref,Karoun River,,0.6364,resolving DOI
eligible,Iran basins/projects,Forecasting models for flow and total dissolved solids in Karoun river-Iran,Mohammad Hassan Salmani | Efat Salmani Jajaei,2016,Journal of Hydrology,Elsevier BV,10.1016/j.jhydrol.2016.01.085,https://doi.org/10.1016/j.jhydrol.2016.01.085,,Crossref,Karoun River,,0.5185,resolving DOI
eligible,Iran basins/projects,Geotechnical consideration regarding the routing of twin railway tunnels across the Karoun River,B. Esmaeili | A. A. Safikhani | A. A. Amiri Samani,2012,WIT Transactions on The Built Environment,WIT Press,10.2495/ut120541,https://doi.org/10.2495/ut120541,,Crossref,Karoun River,,0.4196,resolving DOI
eligible,Iran basins/projects,"Assessment of climate change impact on surface water: a case study—Karoun River Basin, Iran",Sadat Hasheminasab | Dariush Rahimi | Reza Zakerinejad | Jan Kropáček,2022,Arabian Journal of Geosciences,Springer Science and Business Media LLC,10.1007/s12517-022-09969-5,https://doi.org/10.1007/s12517-022-09969-5,https://link.springer.com/content/pdf/10.1007/s12517-022-09969-5.pdf,Crossref,Karoun River,,0.6,resolving DOI
hold,Iran basins/projects,“CAROTID”: From the Greek “Karoun”—“to stupefy.” Still does,Errol Inci | Peter C. Block,2022,Catheterization and Cardiovascular Interventions,Wiley,10.1002/ccd.30122,https://doi.org/10.1002/ccd.30122,https://onlinelibrary.wiley.com/doi/pdf/10.1002/ccd.30122,Crossref,Karoun River,,0.3871,no resolving DOI or live landing page
eligible,Iran basins/projects,Long-term evaluation of water quality parameters of the Karoun River using a regression approach and the adaptive neuro-fuzzy inference system,Majid Mahmoodabadi | Ruhollah Rezaei Arshad,2018,Marine Pollution Bulletin,Elsevier BV,10.1016/j.marpolbul.2017.11.051,https://doi.org/10.1016/j.marpolbul.2017.11.051,,Crossref,Karoun River,,0.5833,resolving DOI
eligible,Iran basins/projects,"System dynamics approaches to assess the impacts of climate change on surface water quality and quantity: case study of Karoun River, Iran",Fatemeh Ganji | Mohsen Nasseri,2021,Environmental Science and Pollution Research,Springer Science and Business Media LLC,10.1007/s11356-021-12773-5,https://doi.org/10.1007/s11356-021-12773-5,https://link.springer.com/content/pdf/10.1007/s11356-021-12773-5.pdf,Crossref,Karoun River,,0.5455,resolving DOI
eligible,Iran basins/projects,Fouilles à Kasr-Karoun (février-mars 1948). Rapport préliminaire,Jacques Schwartz,1949,Bulletin de l'Institut français d'archéologie orientale,PERSEE Program,10.3406/bifao.1949.2063,https://doi.org/10.3406/bifao.1949.2063,,Crossref,Karoun River,,0.377,resolving DOI
hold,Iran basins/projects,"Many-Objective Direct Policy Search in the Dez and Karoun Multireservoir System, Iran",P. Biglarbeigi | M. Giuliani | A. Castelletti,2014,World Environmental and Water Resources Congress 2014,American Society of Civil Engineers,10.1061/9780784413548.105,https://doi.org/10.1061/9780784413548.105,,Crossref,Karoun River,,0.4713,no resolving DOI or live landing page
eligible,Iran basins/projects,An Investigation into Factors Affecting Productivity of Produces by Karoun Agriculture and Industry Company,Mehdi Basirat | Mehrafarin Latif | Ali Asghar Esfandiari,2013,International Journal of Scientific Research in Knowledge,IJSR Publications,10.12983/ijsrk-2013-p263-275,https://doi.org/10.12983/ijsrk-2013-p263-275,,Crossref,Karoun River,,0.4216,resolving DOI
hold,Iran basins/projects,Evaluation of blast induced ground vibrations from underground excavation at Karoun 3 area,M. Ataei,2013,Mining Technology,SAGE Publications,10.1179/037178409x12596677450081,https://doi.org/10.1179/037178409x12596677450081,,Crossref,Karoun River,,0.475,no resolving DOI or live landing page
eligible,Iran basins/projects,"Application of remotely sensed imagery to watershed analysis a case study of Lake Karoun, Egypt",Noha Donia,2012,Arabian Journal of Geosciences,Springer Science and Business Media LLC,10.1007/s12517-012-0621-7,https://doi.org/10.1007/s12517-012-0621-7,http://link.springer.com/content/pdf/10.1007/s12517-012-0621-7.pdf,Crossref,Karoun River,,0.4444,resolving DOI
hold,Iran basins/projects,Prediction of blast induced vibrations in the structures of Karoun III power plant and dam,M. Kamali | M. Ataei,2010,Journal of Vibration and Control,SAGE Publications,10.1177/1077546310370985,https://doi.org/10.1177/1077546310370985,https://journals.sagepub.com/doi/pdf/10.1177/1077546310370985,Crossref,Karoun River,,0.4433,no resolving DOI or live landing page
eligible,Iran basins/projects,Impact of Environmental Degradation and Climate Change on Water Quality in North Karoun Basin (Iran),Bijan Saberi | Dariush Rahimi | Javad Khoshhal Dastjerdi,2023,,Research Square Platform LLC,10.21203/rs.3.rs-2676255/v1,https://doi.org/10.21203/rs.3.rs-2676255/v1,,Crossref,Karoun River,,0.6667,resolving DOI
hold,Iran basins/projects,"Organisation hydrochimique, biologique et sédimentologique d’un lac intracontinental à peuplements lagunaires : la Birket Karoun (Fayoum, Egypte)",Jean-Pierre Perthuisot | Olivier Guelorget | Ahmed Wahid et Sayed Ibrahim | Jean-Pierre Margerel | André Maurin | Maryvonne Piron-Frenet,2015,Geodinamica Acta,Informa UK Limited,10.1080/09853111.1990.11105201,https://doi.org/10.1080/09853111.1990.11105201,,Crossref,Karoun River,,0.359,no resolving DOI or live landing page
hold,Iran basins/projects,"First record of the freshwater loach,<i>Turcinoemacheilus kosswigi</i>(Bănărescu and Nalbant, 1964), from Iran (Karoun drainage)",Kiavash Golzarianpour | Asghar Abdoli | Bahram H. Kiabi | Jörg Freyhof,2009,Zoology in the Middle East,Informa UK Limited,10.1080/09397140.2009.10638347,https://doi.org/10.1080/09397140.2009.10638347,,Crossref,Karoun River,,0.3842,no resolving DOI or live landing page
hold,Iran basins/projects,Prediction of blast-induced vibration by adaptive neuro-fuzzy inference system in Karoun 3 power plant and dam,Mohamad Ataei | Mehdi Kamali,2012,Journal of Vibration and Control,SAGE Publications,10.1177/1077546312444769,https://doi.org/10.1177/1077546312444769,https://journals.sagepub.com/doi/pdf/10.1177/1077546312444769,Crossref,Karoun River,,0.4126,no resolving DOI or live landing page
eligible,Iran basins/projects,"Cadmium, Iron, Lead and Mercury Bioaccumulation in Abu Mullet, Liza abu, Different Tissues from Karoun and Karkheh Rivers, Khozestan, Iran",Abolfazl Askary Sary | Mahboubeh Beheshti,2011,Bulletin of Environmental Contamination and Toxicology,Springer Science and Business Media LLC,10.1007/s00128-011-0476-8,https://doi.org/10.1007/s00128-011-0476-8,http://link.springer.com/content/pdf/10.1007/s00128-011-0476-8.pdf,Crossref,Karoun River,,0.4309,resolving DOI
eligible,Iran basins/projects,"Investigating the Effect of Long-Term Sugarcane Cultivation on Some Soil Properties of Soils in Karoun Agro-industry Unit, Khuzestan Province, Iran",Masoud SADEGHİ | Abdolamir MOEZZİ | Ali GHOLAMİ | Teimour BABAEİNEJAD | Ebrahim PANAHPOUR,2021,Tarım Bilimleri Dergisi,Ankara University Faculty of Agriculture,10.15832/ankutbd.570801,https://doi.org/10.15832/ankutbd.570801,,Crossref,Karoun River,,0.4444,resolving DOI
eligible,Iran basins/projects,"Rainfall  warning  Based on indexs teleconnection, Synoptic Patterns of Atmospheric Upper Levels and Climatic elements a case study of  Karoun basin",iran salehvand |  | amir gandomkar |  | ebrahim fatahi | ,2021,Journal of Applied researches in Geographical Sciences,CMV Verlag,10.29252/jgs.20.59.81,https://doi.org/10.29252/jgs.20.59.81,http://jgs.khu.ac.ir/article-1-2860-en.pdf,Crossref,Karoun River,,0.4615,resolving DOI
hold,Iran basins/projects,"Experimental and microscopic studies of some copper alloy objects from the Biregan Archeological site of Kouhrang, Second millennium BC",fatemeh khodabakhshi |  | Hamidreza Bakhshandefard |  | Davoud Agha-Aligol | ,2019,Journal of Research on Archaeometry,CMV Verlag,10.29252/jra.5.2.149,https://doi.org/10.29252/jra.5.2.149,http://jra-tabriziau.ir/article-1-174-en.pdf,Crossref,Kouhrang,,0.4303,no resolving DOI or live landing page
eligible,Iran basins/projects,"GEOCHEMICAL AND GEOLOGICAL STUDIES OF OIL SHALES IN AB KASEH SECTION, KOUHRANG COUNTY, CHAHARMAHAL AND BAKHTIARI PROVINCE, IRAN",Milad Tahmasebi | Farhad Ehya | Ghodratollah Rostami Paydar,2025,Archives for Technical Sciences,National Institute of STEM Research,10.70102/afts.2025.1732.075,https://doi.org/10.70102/afts.2025.1732.075,,Crossref,Kouhrang,,0.4918,resolving DOI
hold,Iran basins/projects,"Ancient Mobile Pastoralists of an Iron Age Site in the Kouhrang Bakhtiari Highlands of Central Zagros, Iran. The Case of KR 385",,2026,Subartu,Brepols Publishers,10.1484/m.subart-eb.5.150920,https://doi.org/10.1484/m.subart-eb.5.150920,,Crossref,Kouhrang,,0.4444,no resolving DOI or live landing page
eligible,Iran basins/projects,"Techno-Typological Study of the Pleistocene Lithic Assemblages from two Open-air Scatters of Band-e Pey in the Caspian Lowland and Kouhrang, in the Zagros Foothills",Fatemeh Jamshidi,,,Agence Bibliographique de l'Enseignement Supérieur,10.70675/304274a1z882dz495bz98f9z7487b7241ec8,https://doi.org/10.70675/304274a1z882dz495bz98f9z7487b7241ec8,,Crossref,Kouhrang,,0.4382,resolving DOI
hold,Iran basins/projects,Effect of continuous and intermittent irrigation methods on rice (cv. Koohrang) yield,Bijan Haghighati Borojeni | Foroud Salehi,2013,Archives of Agronomy and Soil Science,Informa UK Limited,10.1080/03650340.2012.697994,https://doi.org/10.1080/03650340.2012.697994,,Crossref,Koohrang,,0.4239,no resolving DOI or live landing page
eligible,Iran basins/projects,"Some carbonate rock texture effects on mechanical behavior, based on Koohrang tunnel data, Iran",Rassoul Ajalloeian | Hadiseh Mansouri | Esmaeel Baradaran,2016,Bulletin of Engineering Geology and the Environment,Springer Science and Business Media LLC,10.1007/s10064-016-0861-y,https://doi.org/10.1007/s10064-016-0861-y,http://link.springer.com/content/pdf/10.1007/s10064-016-0861-y.pdf,Crossref,Koohrang,,0.4314,resolving DOI
eligible,Iran basins/projects,"Near-saturated soil hydraulic properties as influenced by land use management systems in Koohrang region of central Zagros, Iran",H. Kelishadi | M.R. Mosaddeghi | M.A. Hajabbasi | S. Ayoubi,2014,Geoderma,Elsevier BV,10.1016/j.geoderma.2013.08.008,https://doi.org/10.1016/j.geoderma.2013.08.008,,Crossref,Koohrang,,0.6,resolving DOI
eligible,Iran basins/projects,An Analysis on the Relationship between Sustainable Tourism Development and Improvement of Social Welfare Indicators (Case Study: Koohrang City Villages),Zahra Raisi dehkordi |  | Naser Hejazi |  | Mohammadali Chitsaz | ,2020,Socio-Cultural Development Studies,CMV Verlag,10.52547/scds.8.4.151,https://doi.org/10.52547/scds.8.4.151,http://journals.sabz.ac.ir/scds/article-1-1080-en.pdf,Crossref,Koohrang,,0.4355,resolving DOI
hold,Iran basins/projects,Evaluation of physicochemical parameters of waste water from rainbow trout fish farms and their impacts on water quality of Koohrang stream – Iran,Firooz Fadaeifard,2012,International Journal of Fisheries and Aquaculture,Academic Journals,10.5897/ijfa12.007,https://doi.org/10.5897/ijfa12.007,,Crossref,Koohrang,,0.4545,no resolving DOI or live landing page
hold,Iran basins/projects,"Assessment of a data-driven evidential belief function model and GIS for groundwater potential mapping in the Koohrang Watershed, Iran",Hamid Reza Pourghasemi | Masood Beheshtirad,2014,Geocarto International,Informa UK Limited,10.1080/10106049.2014.966161,https://doi.org/10.1080/10106049.2014.966161,,Crossref,Koohrang,,0.5,no resolving DOI or live landing page
eligible,Iran basins/projects,Analysis of longitudinal profile of the tunnels in the active faulted zone and designing the flexible lining (for Koohrang-III tunnel),A.R. Shahidi | M. Vafaeian,2005,Tunnelling and Underground Space Technology,Elsevier BV,10.1016/j.tust.2004.08.003,https://doi.org/10.1016/j.tust.2004.08.003,,Crossref,Koohrang,,0.4444,resolving DOI
eligible,Iran basins/projects,The Effect of Slope Position and Land Use on Some Soil Physical and Chemical Properties in Koohrang Area of Chaharmahal and Bakhtiari Province,,2020,Journal of Water and Soil Science,Academic World Research,10.47176/jwss.24.1.40741,https://doi.org/10.47176/jwss.24.1.40741,,Crossref,Koohrang,,0.4,resolving DOI
hold,Iran basins/projects,Numerical Analyses of Seepage from Behesht Abad Dam Foundation,Ameneh F. Dardashti | Rasoul Ajalloeian,2012,Open Journal of Geology,"Scientific Research Publishing, Inc.",10.4236/ojg.2012.23015,https://doi.org/10.4236/ojg.2012.23015,https://www.scirp.org/journal/paperinformation?paperid=21386,Crossref,Behesht-Abad,,0.4861,no resolving DOI or live landing page
hold,Iran basins/projects,"Evaluation of Hydraulic Aperture of the Joints of Behesht Abad Dam  Foundation, Iran",Ameneh F. Dardashti | Rasoul Ajalloeian,2015,Open Journal of Geology,"Scientific Research Publishing, Inc.",10.4236/ojg.2015.56034,https://doi.org/10.4236/ojg.2015.56034,https://www.scirp.org/journal/paperinformation?paperid=56956,Crossref,Behesht-Abad,,0.5111,no resolving DOI or live landing page
eligible,Iran basins/projects,Geostatistical modeling of uniaxial compressive strength along the axis of the Behesht-Abad tunnel in Central Iran,M. Doostmohammadi | A. Jafari | O. Asghari,2014,Bulletin of Engineering Geology and the Environment,Springer Science and Business Media LLC,10.1007/s10064-014-0663-z,https://doi.org/10.1007/s10064-014-0663-z,http://link.springer.com/content/pdf/10.1007/s10064-014-0663-z.pdf,Crossref,Behesht-Abad,,0.4804,resolving DOI
eligible,Iran basins/projects,"Flood warning system using internet of things, artificial intelligence and hydraulic modeling (case study: Behesht-Abad Watershed, Iran)",Ahmad Ghanbari | Nasser Tahmasebipour | Hossein Zeinivand | Majid Ibn Ali Heidari | Sajjad Abdollahi,2023,Acta Geophysica,Springer Science and Business Media LLC,10.1007/s11600-023-01174-6,https://doi.org/10.1007/s11600-023-01174-6,https://link.springer.com/content/pdf/10.1007/s11600-023-01174-6.pdf,Crossref,Behesht-Abad,,0.4896,resolving DOI
eligible,Iran basins/projects,IMPACT OF ESTABLISHMENT OF BEHESHTABAD TUNNEL ON SHAHREKORD AQUIFER,Rahim Alimohammadi,2016,"TURKISH ONLINE JOURNAL OF DESIGN, ART AND COMMUNICATION","Turkish Online Journal of Design, Art and Communication (TOJDAC)",10.7456/1060jse/006,https://doi.org/10.7456/1060jse/006,,Crossref,Beheshtabad,,0.5,resolving DOI
eligible,Iran basins/projects,Modeling Snowmelt Runoff Under CMIP5 Scenarios in the Beheshtabad Watershed,Mohammad Bagher Raisi | Mehdi Vafakhah | Hamidreza Moradi,2021,"Iranian Journal of Science and Technology, Transactions of Civil Engineering",Springer Science and Business Media LLC,10.1007/s40996-021-00687-8,https://doi.org/10.1007/s40996-021-00687-8,https://link.springer.com/content/pdf/10.1007/s40996-021-00687-8.pdf,Crossref,Beheshtabad,,0.4458,resolving DOI
eligible,Iran basins/projects,MODELING SNOWMELT-RUNOFF UNDER CLIMATE CHANGE  SCENARIOS IN THE BEHESHTABAD WATERSHED,Mohammad BAGHER RAISI | Mehdi VAFAKHAH | Hamidreza MORADI,2019,"The Journal ""Agriculture and Forestry""",Journal Agriculture and Forestry,10.17707/agricultforest.65.3.03,https://doi.org/10.17707/agricultforest.65.3.03,,Crossref,Beheshtabad,,0.4908,resolving DOI
hold,Iran basins/projects,"Reproductive characteristics of Siahmahi, Capoeta damascina (family: Cyprinidae) in Beheshtabad river, Tigris basin",Masoud Siami | Yazdan Keivany | Omidvar Farhadian,2017,Sri Lanka Journal of Aquatic Sciences,Sri Lanka Journals Online (JOL),10.4038/sljas.v22i1.7513,https://doi.org/10.4038/sljas.v22i1.7513,https://account.sljas.sljol.info/index.php/sljo-j-sljas/article/download/7513/5498,Crossref,Beheshtabad,,0.4211,no resolving DOI or live landing page
hold,Iran basins/projects,"Application of standardised precipitation index for predicting meteorological drought intensity in Beheshtabad watershed, central Iran",Rokhsareh Rostamian | Saeid Eslamian | Mohammad Reza Farzaneh,2013,International Journal of Hydrology Science and Technology,Inderscience Publishers,10.1504/ijhst.2013.055233,https://doi.org/10.1504/ijhst.2013.055233,,Crossref,Beheshtabad,,0.5,no resolving DOI or live landing page
hold,Iran basins/projects,"Determination of mercury and arsenic levels in fish caught in the Beheshtabad River, Chaharmahal and Bakhtiari Province, Iran",Mehdi Raissy | Ebrahim Rahimi | Mahsa Ansari | Abdol Ghaffar Ebadi,2010,Toxicological &amp; Environmental Chemistry,Informa UK Limited,10.1080/02772241003689876,https://doi.org/10.1080/02772241003689876,,Crossref,Beheshtabad,,0.4545,no resolving DOI or live landing page
hold,Iran basins/projects,"Age and growth of a newly described barb,<i>Capoeta coadi</i>(Cyprinidae), in Beheshtabad River, Tigris basin",Yazdan Keivany | Masoud Siami,2020,Annales de Limnologie - International Journal of Limnology,EDP Sciences,10.1051/limn/2020025,https://doi.org/10.1051/limn/2020025,,Crossref,Beheshtabad,,0.4167,no resolving DOI or live landing page
eligible,Iran basins/projects,"Evaluation of groundwater quality for drinking purposes: a case study from the Beheshtabad Basin, Chaharmahal and Bakhtiari Province, Iran",Nasrin Gharahi | Rasool Zamani-Ahmadmahmoodi,2020,Environmental Earth Sciences,Springer Science and Business Media LLC,10.1007/s12665-020-8816-9,https://doi.org/10.1007/s12665-020-8816-9,http://link.springer.com/content/pdf/10.1007/s12665-020-8816-9.pdf,Crossref,Beheshtabad,,0.6154,resolving DOI
hold,Iran basins/projects,"Laboratory Study, Conservation and Restoration  of Ancient iron Objects found in the Excavations of Beheshtabad archaeological Hill in Chaharmahal and Bakhtiari Province",Marjan Gandom Malmir | Zohreh Sadeghi | Hamidreza Bakhshandehfard,2025,Journal of Research on Archaeometry,InkVista Publishing House,10.66224/jra.2025.11.206,https://doi.org/10.66224/jra.2025.11.206,https://jra-tabriziau.ir/article-1-416-en.pdf,Crossref,Beheshtabad,,0.3843,no resolving DOI or live landing page
eligible,Iran basins/projects,"Modeling Trends Land Use Changes Local by Using LCM Model Based on Artificial Neural Networks and Markov Chain Analysis
(Case Study: BeheshtAbad Watershed)",majid yousefi |  | mehdi pajouhesh |  | afshin honarbakhsh | ,2020,journal of watershed management research,CMV Verlag,10.52547/jwmr.11.21.129,https://doi.org/10.52547/jwmr.11.21.129,http://jwmr.sanru.ac.ir/article-1-977-en.pdf,Crossref,Beheshtabad,,0.4809,resolving DOI
eligible,Iran basins/projects,Prediction of the Penetration Rate and Number of  Consumed Disc Cutters of Tunnel Boring Machines  (TBMs) Using Artificial Neural Network (ANN)  and Support Vector Machine (SVM)—Case Study:  Beheshtabad Water Conveyance Tunnel in Iran,Alireza Afradi | Arash Ebrahimabadi | Tahereh Hallajian,2019,"Asian Journal of Water, Environment and Pollution",AccScience Publishing,10.3233/ajw190006,https://doi.org/10.3233/ajw190006,https://api-journal.accscience.com/journal/AJWEP/16/1/ajw190006/ajw190006.pdf,Crossref,Beheshtabad,,0.6,resolving DOI
eligible,Iran basins/projects,Glacial and Tectonic Evidence of Late Quaternary in Cheshmeh -Langan Basin of Isfahan,Rasul Sharifi Najaf Abadi | ,2018,geographical researches quarterly journal,CMV Verlag,10.29252/geores.33.2.223,https://doi.org/10.29252/geores.33.2.223,http://georesearch.ir/article-1-337-en.pdf,Crossref,Cheshmeh Langan,,0.5,resolving DOI
hold,Iran basins/projects,"Length-weight and length-length relationships of <i>Oxynoemacheilus frenatus</i>
 (Heckel, 1843) and <i>Petroleuciscus esfahani</i>
 Coad &amp; Bogutskaya, 2010 from the Cheshmeh-Langan river, Iran",M. S. Alavi-Yeganeh | J. Aazami | M. Nemati Varnosfaderany | N. Nozarpour,2018,Journal of Applied Ichthyology,Wiley,10.1111/jai.13607,https://doi.org/10.1111/jai.13607,https://api.wiley.com/onlinelibrary/tdm/v1/articles/10.1111%2Fjai.13607,Crossref,Cheshmeh Langan,,0.4286,no resolving DOI or live landing page
hold,Iran basins/projects,Investigation of geotechnical characteristics of Khersan 2 dam site in exploratory boreholes,Amin Iraji | Mohammad Reza Motahari,2024,Geomechanics and Geoengineering,Informa UK Limited,10.1080/17486025.2024.2310008,https://doi.org/10.1080/17486025.2024.2310008,,Crossref,Khersan 3,,0.4059,no resolving DOI or live landing page
hold,Iran basins/projects,Reliability-Based Simulation-Optimization Model for Multireservoir Hydropower Systems Operations: Khersan Experience,Raheleh Afzali | Seyed Jamshid Mousavi | Abbas Ghaheri,2008,Journal of Water Resources Planning and Management,American Society of Civil Engineers (ASCE),10.1061/(asce)0733-9496(2008)134:1(24),https://doi.org/10.1061/(asce)0733-9496(2008)134:1(24),,Crossref,Khersan 3,,0.4343,no resolving DOI or live landing page
eligible,Iran basins/projects,"Effects of large-scale climate signals on snow cover in Khersan watershed, Iran",Bahram Choubin | Hossein Roshan | Farzaneh Sajedi-Hosseini | Omid Rahmati | Assefa M. Melesse | Vijay P. Singh,2019,Extreme Hydrology and Climate Variability,Elsevier,10.1016/b978-0-12-815998-9.00001-4,https://doi.org/10.1016/b978-0-12-815998-9.00001-4,,Crossref,Khersan 3,,0.4348,resolving DOI
eligible,Iran basins/projects,"Potential leakage at the Khersan 3 Dam Site, Iran: a hydrogeological approach",Hossain Karimi | Toraj Keshavarz | Zargham Mohammadi | Ezzatollah Raeisi,2006,Bulletin of Engineering Geology and the Environment,Springer Science and Business Media LLC,10.1007/s10064-006-0079-5,https://doi.org/10.1007/s10064-006-0079-5,http://link.springer.com/content/pdf/10.1007/s10064-006-0079-5.pdf,Crossref,Khersan 3,,0.5644,resolving DOI
eligible,Iran basins/projects,Determination of Sub-Basins Flow Contribution to Total Flood in Khersan River Basin,N. Tavanpour |  | M. Aflatooni |  | N. Nazari | ,2017,Journal of Water and Soil Science,CASRP: Center of Advanced Scientific Research and Publications,10.18869/acadpub.jstnar.20.78.77,https://doi.org/10.18869/acadpub.jstnar.20.78.77,,Crossref,Khersan 3,,0.4706,resolving DOI
eligible,Iran basins/projects,"Method of leakage study at the karst dam site. A case study: Khersan 3 Dam, Iran",Zargham Mohammadi | Ezzatollah Raeisi | Michel Bakalowicz,2006,Environmental Geology,Springer Science and Business Media LLC,10.1007/s00254-006-0545-1,https://doi.org/10.1007/s00254-006-0545-1,https://link.springer.com/content/pdf/10.1007/s00254-006-0545-1.pdf,Crossref,Khersan 3,,0.4906,resolving DOI
hold,Iran basins/projects,"Evidence of karst from behaviour of the Asmari limestone aquifer at the Khersan 3 Dam site, southern Iran",ZARGHAM MOHAMMADI | EZZATOLLAH RAEISI | MICHEL BAKALOWICZ,2007,Hydrological Sciences Journal,Informa UK Limited,10.1623/hysj.52.1.206,https://doi.org/10.1623/hysj.52.1.206,,Crossref,Khersan 3,,0.4308,no resolving DOI or live landing page
eligible,Iran basins/projects,"Assessment of brittleness and empirical correlations between physical and mechanical parameters of the Asmari limestone in Khersan 2 dam site, in southwest of Iran",Gholam Reza Lashkaripour | Ahmad Rastegarnia | Mohammad Ghafoori,2018,Journal of African Earth Sciences,Elsevier BV,10.1016/j.jafrearsci.2017.11.003,https://doi.org/10.1016/j.jafrearsci.2017.11.003,,Crossref,Khersan 3,,0.4444,resolving DOI
eligible,Iran basins/projects,پایداری نظام های حکمرانی آبِ حوزه زاینده رود در گذر توسعه,علی یوسفی | امیر مظفر امینی | آمنه یادگاری | امید فتحی,2017,مطالعات میان رشته ای در علوم انسانی,eJournalPlus,10.22631/isih.2017.1940.2493,https://doi.org/10.22631/isih.2017.1940.2493,,Crossref,زاینده رود,,0.6667,resolving DOI
