شناسه ورودی,شناسه افزوده‌شده,نتیجه,عنوان ورودی,عنوان شاهد,ناشر ورودی,لینک ورودی,لینک معتبر/بهترین شاهد,نوع شاهد,امتیاز تطبیق,وضعیت DOI,نتیجه بررسی لینک‌ها,وضعیت جست‌وجوی مستقل,علت تصمیم
S513,,رد,بررسی تحلیلی شرایط موجود و تبیین وضعیت آینده بحران آب در حوضه زاینده‌رود,بسمه تعالي,مرکز پژوهش‌های مجلس شورای اسلامی,https://rc.majlis.ir/fa/report/show/1769047,https://report.mrc.ir/article_9047_67c3fb8962cff65f4c273060beb5cf29.pdf,live_pdf,0.4686,,"challenge, http_error, live_pdf",search_error,صفحه‌ها یا نتایج جست‌وجو با عنوان/اطلاعات منبع تطبیق محتوایی کافی نداشتند.
S514,,رد,بررسی ابعاد بحران آب و پیامدهای کاهش ورودی به سد زاینده‌رود,مقاله بحران آب زاینده رود و پیامدهای آن,مرکز پژوهش‌های مجلس شورای اسلامی,https://rc.majlis.ir/fa/report/show/1657042,https://civilica.com/doc/2018466/,search_index,0.5267,,"challenge, challenge, live_pdf",ok,صفحه‌ها یا نتایج جست‌وجو با عنوان/اطلاعات منبع تطبیق محتوایی کافی نداشتند.
S515,,رد,انتقال آب بین‌حوضه‌ای و انتقال آب دریا؛ بررسی ظرفیت‌ها و پیامدها در فلات مرکزی,بسمه تعالي,مرکز پژوهش‌های مجلس شورای اسلامی,https://rc.majlis.ir/fa/report/show/1718026,https://report.mrc.ir/article_8026_e6872f5bbe75073f8c7cfb93de7f6f3a.pdf,live_pdf,0.2337,,"challenge, http_error, live_pdf",search_error,صفحه‌ها یا نتایج جست‌وجو با عنوان/اطلاعات منبع تطبیق محتوایی کافی نداشتند.
S520,,رد,طرح ۹ ماده‌ای حوضه آبریز زاینده‌رود؛ راه حل بحران آب و الزامات اجرا,,فارس,https://farsnews.ir/Economy/1636707372000301337,,,,,"http_error, empty",search_error,لینک‌های ارائه‌شده در دسترس نبودند و منبع هم‌عنوان مستقلی پیدا نشد.
S524,,رد,مشاور طرح احیای زاینده‌رود: تعارض بین ذی‌نفعان بزرگترین چالش احیای حوضه است,مشاور طرح احیای زاینده رود : تعارض بین ذی نفعان بزرگترین چالش احیای ...,مدیرسا / رسانه مدیریت منابع آب,https://www.modirsa.ir/1401/05/29/%D9%85%D8%B4%D8%A7%D9%88%D8%B1-%D8%B7%D8%B1%D8%AD-%D8%A7%D8%AD%DB%8C%D8%A7%DB%8C-%D8%B2%D8%A7%DB%8C%D9%86%D8%AF%D9%87-%D8%B1%D9%88%D8%AF/,https://www.modirsa.ir/1401/05/29/%D9%85%D8%B4%D8%A7%D9%88%D8%B1-%D8%B7%D8%B1%D8%AD-%D8%A7%D8%AD%DB%8C%D8%A7%DB%8C-%D8%B2%D8%A7%DB%8C%D9%86%D8%AF%D9%87-%D8%B1%D9%88%D8%AF-%D8%AA%D8%B9%D8%A7%D8%B1%D8%B6-%D8%A8%DB%8C%D9%86-%D8%B0/,search_index,1.0,,"network_error, challenge",ok,عنوان در نمایه جست‌وجو دیده شد، اما لینک بازیابی‌شده باز نشد و جایگزین زنده‌ای پیدا نشد.
S528,,رد,تحلیل کیفیت مورفولوژیک کریدور رودخانه ای شهری زاینده رود در اصفهان با استفاده از روش MQI,,پایگاه اطلاعات علمی جهاد دانشگاهی (SID),https://www.sid.ir/paper/1928043/fa,,,,,"challenge, challenge",no_results,صفحه‌ها یا نتایج جست‌وجو با عنوان/اطلاعات منبع تطبیق محتوایی کافی نداشتند.
S535,,رد,بررسی ابعاد اجتماعی و چالش‌های طرح انتقال آب بن-بروجن در حوضه زاینده‌رود (بستر یک کنش جمعی),,پایگاه اطلاعات علمی جهاد دانشگاهی (SID),https://www.sid.ir/paper/1360038/fa,,,,,"challenge, challenge, challenge",no_results,صفحه‌ها یا نتایج جست‌وجو با عنوان/اطلاعات منبع تطبیق محتوایی کافی نداشتند.
S536,,رد,شناسایی و ارزیابی ریسک‌های پروژه آب‌رسانی بن – بروجن بر اساس رویکرد پایداری,ارزیابی و اولویت‌بندی ریسک پروژه‌های عمرانی با رویکرد ترکیبی دیمتل و ...,سیویلیکا (CIVILICA),https://civilica.com/doc/922432/,https://www.jsce.ir/article_119353.html,search_index,0.539,,"live_html, network_error",ok,صفحه‌ها یا نتایج جست‌وجو با عنوان/اطلاعات منبع تطبیق محتوایی کافی نداشتند.
S537,,رد,مدل‌سازی اثرات انتقال آب بین‌حوضه‌ای کارون به زاینده‌رود بر شاخص‌های کیفی آب پایین‌دست,خشکی زاینده رود و انتقال بین حوضه ای آب کارون به زاینده رود,سیویلیکا (CIVILICA),https://civilica.com/doc/1429810/,https://civilica.com/doc/505490/,search_index,0.58,,"live_html, http_error",ok,صفحه‌ها یا نتایج جست‌وجو با عنوان/اطلاعات منبع تطبیق محتوایی کافی نداشتند.
S538,,رد,بررسی سناریوهای تخصیص آب بین‌حوضه‌ای با رویکرد پویایی‌شناسی سیستم‌ها در حوضه‌های کارون و زاینده‌رود,مدیریت منابع آب با استفاده از پویایی شناسی سیستم ها,پایگاه اطلاعات علمی جهاد دانشگاهی (SID) / نشریه تحقیقات منابع آب ایران,https://www.sid.ir/paper/1032481/fa,https://civilica.com/doc/2119514/,search_index,0.7375,,"challenge, challenge",ok,صفحه‌ها یا نتایج جست‌وجو با عنوان/اطلاعات منبع تطبیق محتوایی کافی نداشتند.
S541,,رد,انتقال آب از خوزستان به اصفهان؛ منطق بحران و سیاست‌های آبی,یک متخصص آب با اشاره به طرح های انتقال آب از خوزستان به ...,جامعه اندیشکده‌های ایران,https://iranthinktanks.com/water-transfer-from-khuzestan-to-isfahan/,https://www.hamshahrionline.ir/news/995074/%DB%8C%DA%A9-%D9%85%D8%AA%D8%AE%D8%B5%D8%B5-%D8%A2%D8%A8-%D8%A8%D8%A7-%D8%A7%D8%B4%D8%A7%D8%B1%D9%87-%D8%A8%D9%87-%D8%B7%D8%B1%D8%AD-%D9%87%D8%A7%DB%8C-%D8%A7%D9%86%D8%AA%D9%82%D8%A7%D9%84-%D8%A2%D8%A8-%D8%A7%D8%B2-%D8%AE%D9%88%D8%B2%D8%B3%D8%AA%D8%A7%D9%86-%D8%A8%D9%87-%D8%A7%D8%B5%D9%81%D9%87%D8%A7%D9%86,search_index,0.34,,"http_error, http_error",ok,لینک‌های ارائه‌شده در دسترس نبودند و منبع هم‌عنوان مستقلی پیدا نشد.
S542,,رد,انتقال آب بهشت‌آباد؛ راه‌حل نهایی یا تشدید تنش بین‌استانی میان اصفهان و چهارمحال,تحلیلی بر انتقال آب میان حوضه ای در استان های اصفهان و چهارمحال و ...,ایمنا,https://www.imna.ir/news/538053/,https://ensani.ir/fa/article/580810/%D8%AA%D8%AD%D9%84%DB%8C%D9%84%DB%8C-%D8%A8%D8%B1-%D8%A7%D9%86%D8%AA%D9%82%D8%A7%D9%84-%D8%A2%D8%A8-%D9%85%DB%8C%D8%A7%D9%86-%D8%AD%D9%88%D8%B6%D9%87-%D8%A7%DB%8C-%D8%AF%D8%B1-%D8%A7%D8%B3%D8%AA%D8%A7%D9%86-%D9%87%D8%A7%DB%8C-%D8%A7%D8%B5%D9%81%D9%87%D8%A7%D9%86-%D9%88-%DA%86%D9%87%D8%A7%D8%B1%D9%85%D8%AD%D8%A7%D9%84-%D9%88-%D8%A8%D8%AE%D8%AA%DB%8C%D8%A7%D8%B1%DB%8C,search_index,0.72,,live_html,ok,صفحه‌ها یا نتایج جست‌وجو با عنوان/اطلاعات منبع تطبیق محتوایی کافی نداشتند.
S543,,رد,طرح بن-بروجن و مناقشه حقابه‌های اصفهان؛ ریشه‌ها، قوانین و پیامدهای اجرایی,جنجال‌های طرح انتقال آب بن-بروجن؛ اصفهان دیگر جان ندارد,خبرآنلاین,https://www.khabaronline.ir/news/1578491/,https://iranwire.com/fa/features/123507-%D8%AC%D9%86%D8%AC%D8%A7%D9%84%D9%87%D8%A7%DB%8C-%D8%B7%D8%B1%D8%AD-%D8%A7%D9%86%D8%AA%D9%82%D8%A7%D9%84-%D8%A2%D8%A8-%D8%A8%D9%86-%D8%A8%D8%B1%D9%88%D8%AC%D9%86-%D8%A7%D8%B5%D9%81%D9%87%D8%A7%D9%86-%D8%AF%DB%8C%DA%AF%D8%B1-%D8%AC%D8%A7%D9%86-%D9%86%D8%AF%D8%A7%D8%B1%D8%AF/,search_index,0.432,,"live_html, http_error",ok,صفحه‌ها یا نتایج جست‌وجو با عنوان/اطلاعات منبع تطبیق محتوایی کافی نداشتند.
S544,,رد,تجمع کشاورزان اصفهان در اعتراض به اجرای طرح انتقال آب بن-بروجن و بارگذاری‌های غیرمجاز,,خبرگزاری مهر,https://www.mehrnews.com/news/5361284/,,,,,"http_error, live_html",اجرا نشد (شاهد مستقیم کافی بود),صفحه‌ها یا نتایج جست‌وجو با عنوان/اطلاعات منبع تطبیق محتوایی کافی نداشتند.
S545,,رد,سد خرسان ۳؛ چالش‌های زیست‌محیطی، جابجایی روستاها و پیامدهای انتقال آب به فلات مرکزی,توجه ویژه مدیریت شهری به امر ورزش - خبرگزاری مهر | اخبار ایران و جهان | Mehr News Agency,خبرگزاری مهر,https://www.mehrnews.com/news/6182104/,https://www.mehrnews.com/news/6182104/%D8%AA%D9%88%D8%AC%D9%87-%D9%88%DB%8C%DA%98%D9%87-%D9%85%D8%AF%DB%8C%D8%B1%DB%8C%D8%AA-%D8%B4%D9%87%D8%B1%DB%8C-%D8%A8%D9%87-%D8%A7%D9%85%D8%B1-%D9%88%D8%B1%D8%B2%D8%B4,live_page,0.184,,"live_html, live_html",اجرا نشد (شاهد مستقیم کافی بود),صفحه‌ها یا نتایج جست‌وجو با عنوان/اطلاعات منبع تطبیق محتوایی کافی نداشتند.
S546,,رد,پیامدهای زیست‌محیطی طرح‌های انتقال آب کارون و دز به فلات مرکزی بر خوزستان,مقاله بررسی طرح پیشنهادی احداث خط لوله انتقال آب از محل تلاقی کارون با ...,خبرگزاری تسنیم,https://www.tasnimnews.com/fa/news/1400/09/06/2615432/,https://civilica.com/doc/403369/,search_index,0.6336,,"network_error, http_error",ok,لینک‌های ارائه‌شده در دسترس نبودند و منبع هم‌عنوان مستقلی پیدا نشد.
S547,,رد,بهره‌برداری از طرح آبرسانی بن-بروجن و مناقشات بین‌استانی در مدیریت منابع آب حوضه زاینده‌رود,بهره‌برداری از بن_ بروجن؛ در آینده‌ای نزدیک - ایسنا,خبرگزاری ایسنا,https://www.isna.ir/news/1402090100412/,https://www.isna.ir/news/1402060100427/%D8%A8%D9%87%D8%B1%D9%87-%D8%A8%D8%B1%D8%AF%D8%A7%D8%B1%DB%8C-%D8%A7%D8%B2-%D8%A8%D9%86-%D8%A8%D8%B1%D9%88%D8%AC%D9%86-%D8%AF%D8%B1-%D8%A2%DB%8C%D9%86%D8%AF%D9%87-%D8%A7%DB%8C-%D9%86%D8%B2%D8%AF%DB%8C%DA%A9,search_index,0.5328,,"challenge, challenge",ok,صفحه‌ها یا نتایج جست‌وجو با عنوان/اطلاعات منبع تطبیق محتوایی کافی نداشتند.
S551,,رد,ارزیابی اقتصادی-اجتماعی طرح‌های انتقال آب بین‌حوضه‌ای از حوضه کارون بزرگ به حوضه زاینده‌رود,سنتزپژوهی اثرات بوم‌شناختی، اقتصادی و اجتماعی طرح‌های انتقال آب,سیویلیکا (CIVILICA),https://civilica.com/doc/1758921/,https://jwsd.um.ac.ir/article_46127.html,search_index,0.5098,,"live_html, http_error",ok,صفحه‌ها یا نتایج جست‌وجو با عنوان/اطلاعات منبع تطبیق محتوایی کافی نداشتند.
S552,,رد,شبیه‌سازی اثرات حفر تونل انتقال آب بهشت‌آباد بر افت آبخوان‌های کارستی و چشمه‌های دشت بیرگان,,نشریه تحقیقات منابع آب ایران (انجمن علوم و مهندسی منابع آب),https://www.ireswr.ir/article_142385.html,,,,not_registered,"http_error, network_error, http_error, network_error",no_results,DOI ارائه‌شده در Crossref ثبت نشده و منبع هم‌عنوان مستقلی پیدا نشد.
S553,,رد,ارزیابی ریسک زیست‌محیطی طرح انتقال آب بهشت‌آباد با استفاده از روش تحلیل سلسله‌مراتبی فازی (FAHP),تحلیل ریسک طرح‌های انتقال آب بین‌حوضه‌ای با روش تحلیل درخت ...,فصلنامه علوم و مهندسی محیط زیست,https://civilica.com/doc/1359482/,https://journals.ut.ac.ir/article_82884.html,search_index,0.5395,,"live_html, http_error",ok,صفحه‌ها یا نتایج جست‌وجو با عنوان/اطلاعات منبع تطبیق محتوایی کافی نداشتند.
S554,,رد,بررسی ابعاد فنی، زیست‌محیطی و حقوقی سناریوهای تونل و لوله در طرح انتقال آب بهشت‌آباد,مقاله بررسی مخاطرات زمین شناسی احداث سد و تونل انتقال آب بهشت آباد در ...,مرکز پژوهش‌های مجلس شورای اسلامی,https://rc.majlis.ir/fa/report/show/1628491,https://civilica.com/doc/267870,search_index,0.5137,,"challenge, http_error, challenge",ok,صفحه‌ها یا نتایج جست‌وجو با عنوان/اطلاعات منبع تطبیق محتوایی کافی نداشتند.
S555,,رد,تحلیل حقوقی تعهدات دولت در جبران خسارت مبدأ در طرح‌های انتقال آب بین‌حوضه‌ای؛ مطالعه موردی بهشت‌آباد,اصل جبران خسارت در مورد اعمال دولت,فصلنامه مطالعات حقوق عمومی دانشگاه تهران,https://jplsq.ut.ac.ir/article_91248.html,https://www.noormags.ir/view/ar/articlepage/1995922/%D8%A7%D8%B5%D9%84-%D8%AC%D8%A8%D8%B1%D8%A7%D9%86-%D8%AE%D8%B3%D8%A7%D8%B1%D8%AA-%D8%AF%D8%B1-%D9%85%D9%88%D8%B1%D8%AF-%D8%A7%D8%B9%D9%85%D8%A7%D9%84-%D8%AF%D9%88%D9%84%D8%AA,search_index,0.4625,not_registered,"http_error, soft_404, challenge, empty",ok,DOI ارائه‌شده در Crossref ثبت نشده و منبع هم‌عنوان مستقلی پیدا نشد.
S556,,رد,مدل‌سازی اندرکنش آب‌های سطحی و زیرزمینی در زون کارستی زاگرس مرکزی تحت تأثیر حفاری تونل بلند بهشت‌آباد,,نشریه زمین‌شناسی مهندسی دانشگاه خوارزمی,https://jeeng.khu.ac.ir/article_88491.html,,,,not_registered,"http_error, network_error, challenge, network_error",search_error,DOI ارائه‌شده در Crossref ثبت نشده و منبع هم‌عنوان مستقلی پیدا نشد.
S557,,رد,تحلیل اقتصادی و اجتماعی پیامدهای طرح انتقال آب بهشت‌آباد بر معیشت کشاورزان چهارمحال و بختیاری,پیامدهای اجتماعی و امنیتی انتقال آب بین حوضه ای (موردمطالعه ...,پایگاه مرکز اطلاعات علمی جهاد دانشگاهی (SID) / فصلنامه اقتصاد فضا و توسعه روستایی,https://www.sid.ir/paper/958312/fa,https://www.sid.ir/paper/524793/fa,search_index,0.513,,"challenge, challenge",ok,صفحه‌ها یا نتایج جست‌وجو با عنوان/اطلاعات منبع تطبیق محتوایی کافی نداشتند.
S558,,رد,روایت آماری از وضعیت ذخیره آب سد زاینده‌رود و ضرورت تسریع در اجرای خط لوله بهشت‌آباد,,خبرگزاری جمهوری اسلامی (ایرنا),https://www.irna.ir/news/85199201/,,,,,"challenge, challenge",search_error,صفحه‌ها یا نتایج جست‌وجو با عنوان/اطلاعات منبع تطبیق محتوایی کافی نداشتند.
S559,,رد,دستور مراجع قضایی و سازمان بازرسی درباره رعایت الزامات زیست‌محیطی پروژه بهشت‌آباد,رعایت نکاتی در خصوص همفکری و همکاری سازمان بازرسی کل کشور و مراجع قضایی ...,خبرگزاری تسنیم,https://www.tasnimnews.com/fa/news/1400/02/29/2506184/,https://davoudabadi.ir/page/96514937,search_index,0.4135,,"network_error, network_error",ok,لینک‌های ارائه‌شده در دسترس نبودند و منبع هم‌عنوان مستقلی پیدا نشد.
S560,,رد,کاربرد مدل پویایی‌شناسی سیستم‌ها (Vensim) در ارزیابی اثرات انتقال آب بهشت‌آباد بر پایداری حوضه کارون بزرگ,مقاله Self-criticism in Quranic models and its impact on building them,سیویلیکا (CIVILICA) / نهمین کنگره ملی مهندسی عمران,https://civilica.com/doc/1548902/,https://civilica.com/doc/1548902/,live_page,0.34,,"live_html, http_error",no_results,صفحه‌ها یا نتایج جست‌وجو با عنوان/اطلاعات منبع تطبیق محتوایی کافی نداشتند.
S561,,رد,ارزیابی هیدرولوژیکی انتقال آب بین‌حوضه‌ای بهشت‌آباد با مدل WEAP تحت سناریوهای تغییر اقلیم,ارزیابی انتقال بین حوضه ای آب وانتقال بین حوضه ای جمعیت در طرح بهشت آباد,دانشگاه صنعتی اصفهان / دانشکده مهندسی عمران,https://ganj.irandoc.ac.ir/dashboard?q=behesht+abad+weap&id=984210,https://en.civilica.com/doc/661693/,search_index,0.4472,,"network_error, network_error",ok,لینک‌های ارائه‌شده در دسترس نبودند و منبع هم‌عنوان مستقلی پیدا نشد.
S562,,رد,چرا گزینه خط لوله در بهشت‌آباد جایگزین حفر تونل عمیق شد؟ بررسی تفاوت‌های هیدروژئولوژیک,,خبرگزاری مهر,https://www.mehrnews.com/news/5558912/,,,,,"http_error, live_html",اجرا نشد (شاهد مستقیم کافی بود),صفحه‌ها یا نتایج جست‌وجو با عنوان/اطلاعات منبع تطبیق محتوایی کافی نداشتند.
S563,,رد,گره کور بهشت‌آباد؛ منازعه بی‌پایان اصفهان و چهارمحال بر سر سرچشمه‌های کارون,روی هم نسازیدمان,روزنامه شرق,https://www.sharghdaily.com/fa/tiny/news-882109,https://www.sharghdaily.com/%D8%A8%D8%AE%D8%B4-%D9%88%DB%8C%DA%98%D9%87-%D9%86%D8%A7%D9%85%D9%87-110/882109-%D8%B1%D9%88%DB%8C-%D9%87%D9%85-%D9%86%D8%B3%D8%A7%D8%B2%DB%8C%D8%AF%D9%85%D8%A7%D9%86,live_page,0.2,,"live_html, http_error",no_results,صفحه‌ها یا نتایج جست‌وجو با عنوان/اطلاعات منبع تطبیق محتوایی کافی نداشتند.
S564,,رد,ارزیابی پایداری اقتصادی و زیست‌محیطی تأمین آب شرب اصفهان بزرگ از طریق خط انتقال بهشت‌آباد,ارزیابی زیست محیطی طرحهای اجرایی - بزرگترین مرجع مهندسی آب ایران,مجله مهندسی عمران مدرس,https://mcej.modares.ac.ir/article_22891.html,https://watereng.ir/%D8%A7%D8%B1%D8%B2%DB%8C%D8%A7%D8%A8%DB%8C-%D8%B2%DB%8C%D8%B3%D8%AA-%D9%85%D8%AD%DB%8C%D8%B7%DB%8C-%D8%B7%D8%B1-%D8%AD%D9%87%D8%A7%DB%8C-%D8%A7%D8%AC%D8%B1%D8%A7%DB%8C%DB%8C/,search_index,0.5033,not_registered,"http_error, soft_404, http_error, empty",ok,DOI ارائه‌شده در Crossref ثبت نشده و منبع هم‌عنوان مستقلی پیدا نشد.
S565,,رد,پیامدهای اجتماعی-بوم‌شناختی انتقال آب بین‌حوضه‌ای: مطالعه موردی پروژه بهشت‌آباد در مرکز ایران,پیامدهای اجتماعی و امنیتی انتقال آب بین حوضه ای (موردمطالعه: بهشت آباد ...,"Springer / Environment, Development and Sustainability",https://link.springer.com/article/10.1007/s10668-021-01684-2,https://www.sid.ir/paper/524793/fa,search_index,0.7625,not_registered,"http_error, live_html, http_error, live_html",ok,DOI ارائه‌شده در Crossref ثبت نشده و منبع هم‌عنوان مستقلی پیدا نشد.
S566,,رد,آسیب‌شناسی تصمیم‌گیری چندمعیاره در پروژه‌های انتقال آب بین‌حوضه‌ای زاگرس مرکزی,ارزیابی روشهای مختلف تصمیم گیری گروهی چندمعیاره در انتخاب طرحهای انتقال ...,اندیشکده آب و محیط زیست دانشگاه صنعتی شریف,https://sharifwaterthinktank.ir/reports/beheshtabad-pathology-1401,https://www.iwrr.ir/article_16062.html,search_index,0.5638,,"network_error, challenge, network_error",ok,صفحه‌ها یا نتایج جست‌وجو با عنوان/اطلاعات منبع تطبیق محتوایی کافی نداشتند.
S567,,رد,بررسی تغییرات فشار هیدرواستاتیک و زون‌های خردشده گسلی در امتداد محور تونل بهشت‌آباد,مقاله شناسایی جمعیتهای برتر فستوکای پابلند (Festuca arundinacea) در شرایط دیم و آبیاری با استفاده از تجزیه گرافیکی GGE بایپلات,نشریه علمی پژوهش‌های ژئوتکنیک,https://civilica.com/doc/1189402/,https://civilica.com/doc/1189402/,live_page,0.2319,,"live_html, http_error",no_results,صفحه‌ها یا نتایج جست‌وجو با عنوان/اطلاعات منبع تطبیق محتوایی کافی نداشتند.
S568,,رد,جزئیات فنی طرح آبرسانی بن-بروجن؛ ظرفیت تأمین شرب نیمی از جمعیت چهارمحال و بختیاری از مخزن زاینده‌رود,,خبرگزاری دانشجویان ایران (ایسنا),https://www.isna.ir/news/1402082921840/,,,,,"challenge, challenge",no_results,صفحه‌ها یا نتایج جست‌وجو با عنوان/اطلاعات منبع تطبیق محتوایی کافی نداشتند.
S569,,رد,بیانیه رسمی صنف کشاورزان استان اصفهان در رد بارگذاری جدید بر مخزن سد زاینده‌رود بدون تأمین منابع جایگزین,پایان تجمع کشاورزان اصفهانی ‌در بستر ‌زاینده‌رود / با استانداری برای ...,خبرگزاری ایلنا / صنف کشاورزان اصفهان,https://www.ilna.ir/fa/tiny/news-1421098,https://www.etemadonline.com/%D8%A8%D8%AE%D8%B4-%D8%A7%D8%AC%D8%AA%D9%85%D8%A7%D8%B9%DB%8C-23/524042-%D9%BE%D8%A7%DB%8C%D8%A7%D9%86-%D8%AA%D8%AC%D9%85%D8%B9-%DA%A9%D8%B4%D8%A7%D9%88%D8%B1%D8%B2%D8%A7%D9%86-%D8%A7%D8%B5%D9%81%D9%87%D8%A7%D9%86%DB%8C,search_index,0.54,,live_html,ok,صفحه‌ها یا نتایج جست‌وجو با عنوان/اطلاعات منبع تطبیق محتوایی کافی نداشتند.
S570,,رد,افتتاح رسمی تصفیه‌خانه و فاز نخست خط لوله بن-بروجن و ابعاد مناقشه حقوقی حقابه طوماری زاینده‌رود,بازار آتی - ۱۴۰۲/۰۸/۳۰,روزنامه دنیای اقتصاد,https://donya-e-eqtesad.com/fa/tiny/news-4021980,https://donya-e-eqtesad.com/%D8%A8%D8%AE%D8%B4-%D8%A8%D9%88%D8%B1%D8%B3-%DA%A9%D8%A7%D9%84%D8%A7-13/4021980-%D8%A8%D8%A7%D8%B2%D8%A7%D8%B1-%D8%A2%D8%AA%DB%8C,live_page,0.1043,,"live_html, http_error",no_results,صفحه‌ها یا نتایج جست‌وجو با عنوان/اطلاعات منبع تطبیق محتوایی کافی نداشتند.
S571,,رد,تعارضات محلی و ژئوپلیتیک آب در فلات مرکزی ایران؛ مطالعه تطبیقی طرح‌های بن-بروجن و کوهرنگ,,فصلنامه ژئوپلیتیک (انجمن ژئوپلیتیک ایران),https://journal.iag.ir/article_148902.html,,,,not_registered,"http_error, soft_404, http_error, empty",no_results,DOI ارائه‌شده در Crossref ثبت نشده و منبع هم‌عنوان مستقلی پیدا نشد.
S572,,رد,چالش‌های حقوقی و سازوکارهای حل اختلاف در برداشت آب شرب بالادست حوضه زاینده‌رود,تأملی بر چالش‌های حقوقی مالکیت آب در حوضـۀ زاینده‌رود از منظر حقوق ...,مرکز پژوهش‌های مجلس شورای اسلامی,https://rc.majlis.ir/fa/report/show/1678120,https://www.noormags.ir/view/ar/articlepage/1400661/%D8%AA%D8%A7%D9%85%D9%84%DB%8C-%D8%A8%D8%B1-%DA%86%D8%A7%D9%84%D8%B4-%D9%87%D8%A7%DB%8C-%D8%AD%D9%82%D9%88%D9%82%DB%8C-%D9%85%D8%A7%D9%84%DA%A9%DB%8C%D8%AA-%D8%A7%D8%A8-%D8%AF%D8%B1-%D8%AD%D9%88%D8%B6%D9%87-%D8%B2%D8%A7%DB%8C%D9%86%D8%AF%D9%87-%D8%B1%D9%88%D8%AF-%D8%A7%D8%B2-%D9%85%D9%86%D8%B8%D8%B1-%D8%AD%D9%82%D9%88%D9%82-%D8%B9%D9%85%D9%88%D9%85%DB%8C,search_index,0.5594,,"challenge, http_error, challenge",ok,صفحه‌ها یا نتایج جست‌وجو با عنوان/اطلاعات منبع تطبیق محتوایی کافی نداشتند.
S573,,رد,تحلیل اثرات هیدرولوژیکی برداشت آب طرح بن-بروجن بر بیلان سالانه سد زاینده‌رود در شرایط خشکسالی,مقاله معنای بایدهای اخلاقی از منظر حکیم متاله آیه الله جوادی آملی,سیویلیکا (CIVILICA) / چهارمین کنفرانس بین‌المللی مهندسی آب و محیط زیست,https://civilica.com/doc/1498120/,https://civilica.com/doc/1498120/,live_page,0.2405,,"live_html, http_error",no_results,صفحه‌ها یا نتایج جست‌وجو با عنوان/اطلاعات منبع تطبیق محتوایی کافی نداشتند.
S574,,رد,تجمع اعتراضی حقابه‌داران شرق اصفهان در خصوص تعرض به حریم خطوط انتقال و عدم اجرای مصوبات ۹ ماده‌ای,ضرورت طرح‌ریزی و فعالیت مشترک اطلاعاتی و عملیاتی برای افزایش امنیت مرزها,خبرگزاری کار ایران (ایلنا),https://www.ilna.ir/fa/tiny/news-1424190,https://www.ilna.ir/%D8%A8%D8%AE%D8%B4-%D8%B3%DB%8C%D8%A7%D8%B3%DB%8C-3/1424190-%D8%B6%D8%B1%D9%88%D8%B1%D8%AA-%D8%B7%D8%B1%D8%AD-%D8%B1%DB%8C%D8%B2%DB%8C-%D9%81%D8%B9%D8%A7%D9%84%DB%8C%D8%AA-%D9%85%D8%B4%D8%AA%D8%B1%DA%A9-%D8%A7%D8%B7%D9%84%D8%A7%D8%B9%D8%A7%D8%AA%DB%8C-%D8%B9%D9%85%D9%84%DB%8C%D8%A7%D8%AA%DB%8C-%D8%A8%D8%B1%D8%A7%DB%8C-%D8%A7%D9%81%D8%B2%D8%A7%DB%8C%D8%B4-%D8%A7%D9%85%D9%86%DB%8C%D8%AA-%D9%85%D8%B1%D8%B2%D9%87%D8%A7,live_page,0.2604,,live_html,search_error,صفحه‌ها یا نتایج جست‌وجو با عنوان/اطلاعات منبع تطبیق محتوایی کافی نداشتند.
S575,,رد,تأمین آب شرب پایدار بن تا بروجن حق مسلم شهروندان است و ارتباطی با مصارف صنعتی ندارد,تأمین آب پایدار و باکیفیت از حقوق مسلم شهروندان است,خبرگزاری فارس,https://www.farsnews.ir/chaharmahal-bakhtiari/news/14020830000492/,https://pishtazanealborz.ir/%D8%AA%D8%A3%D9%85%DB%8C%D9%86-%D8%A2%D8%A8-%D9%BE%D8%A7%DB%8C%D8%AF%D8%A7%D8%B1-%D9%88-%D8%A8%D8%A7%DA%A9%DB%8C%D9%81%DB%8C%D8%AA-%D8%A7%D8%B2-%D8%AD%D9%82%D9%88%D9%82-%D9%85%D8%B3%D9%84%D9%85-%D8%B4/,search_index,0.5821,,"http_error, empty",ok,لینک‌های ارائه‌شده در دسترس نبودند و منبع هم‌عنوان مستقلی پیدا نشد.
S576,,رد,ارزیابی تاب‌آوری منابع آب شرب استان چهارمحال و بختیاری در صورت قطع وابستگی به آبخوان‌های آلوده به نیترات دشت شهرکرد,,نشریه سلامت و محیط زیست (انجمن علمی بهداشت محیط ایران),https://ijhe.tums.ac.ir/article_142981.html,,,,not_registered,"http_error, http_error, http_error, http_error",no_results,DOI ارائه‌شده در Crossref ثبت نشده و منبع هم‌عنوان مستقلی پیدا نشد.
S577,,رد,کالبدشکافی حوادث و آسیب به ایستگاه پمپاژ بن-بروجن؛ بحران اعتماد عمومی در مدیریت بین‌استانی آب,مراسم عزاداری شب شهادت حضرت فاطمه الزهرا(س) در حرم مطهر امام خمینی (س) | جماران | آخرین اخبار ایران و جهان، سیاست، اقتصاد و اندیشه,پایگاه خبری جماران,https://www.jamaran.news/fa/tiny/news-1578901,https://www.jamaran.news/%D8%A8%D8%AE%D8%B4-%D8%A7%D8%AC%D8%AA%D9%85%D8%A7%D8%B9%DB%8C-11/1578901-%D9%85%D8%B1%D8%A7%D8%B3%D9%85-%D8%B9%D8%B2%D8%A7%D8%AF%D8%A7%D8%B1%DB%8C-%D8%B4%D8%A8-%D8%B4%D9%87%D8%A7%D8%AF%D8%AA-%D8%AD%D8%B6%D8%B1%D8%AA-%D9%81%D8%A7%D8%B7%D9%85%D9%87-%D8%A7%D9%84%D8%B2%D9%87%D8%B1%D8%A7-%D8%AF%D8%B1-%D8%AD%D8%B1%D9%85-%D9%85%D8%B7%D9%87%D8%B1-%D8%A7%D9%85%D8%A7%D9%85-%D8%AE%D9%85%DB%8C%D9%86%DB%8C,live_page,0.2723,,"live_html, http_error",search_error,صفحه‌ها یا نتایج جست‌وجو با عنوان/اطلاعات منبع تطبیق محتوایی کافی نداشتند.
S578,,رد,تعارضات تخصیص آب بالادست و پایین‌دست در حوضه‌های رودخانه‌ای مشترک: مطالعه موردی زاینده‌رود و طرح بن-بروجن,,ScienceDirect / Elsevier - Water Policy,https://www.sciencedirect.com/science/article/pii/S136670172300045X,,,,not_registered,"http_error, http_error, http_error",no_results,DOI ارائه‌شده در Crossref ثبت نشده و منبع هم‌عنوان مستقلی پیدا نشد.
S579,,رد,شناسنامه فنی پروژه آبرسانی بن-بروجن؛ طول خط انتقال، دبی طراحی و مخازن ذخیره,,شرکت سهامی آب منطقه‌ای چهارمحال و بختیاری,https://www.chb-wtr.ir/fa/report/ben-borujen-specs-1400,,,,,"network_error, http_error, network_error",no_results,لینک‌های ارائه‌شده در دسترس نبودند و منبع هم‌عنوان مستقلی پیدا نشد.
S580,,رد,بررسی انطباق مصوبه شماره ۹ شورای عالی آب با صدور مجوز تخصیص آب برای طرح بن-بروجن,طرح بن- بروجن مصوبه شورای عالی آب را بی‌اعتبار کرد - ایمنا,پژوهشکده حقوق عمومی و بین‌الملل,https://www.lawresearch.ir/reports/ben-borujen-legal-compliance,https://www.imna.ir/news/333041/%D8%B7%D8%B1%D8%AD-%D8%A8%D9%86-%D8%A8%D8%B1%D9%88%D8%AC%D9%86-%D9%85%D8%B5%D9%88%D8%A8%D9%87-%D8%B4%D9%88%D8%B1%D8%A7%DB%8C-%D8%B9%D8%A7%D9%84%DB%8C-%D8%A2%D8%A8-%D8%B1%D8%A7-%D8%A8%DB%8C-%D8%A7%D8%B9%D8%AA%D8%A8%D8%A7%D8%B1-%DA%A9%D8%B1%D8%AF,search_index,0.4741,,"network_error, http_error, network_error",ok,لینک‌های ارائه‌شده در دسترس نبودند و منبع هم‌عنوان مستقلی پیدا نشد.
S581,,رد,مدل‌سازی اثرات تغذیه و برداشت از سفره‌های آب زیرزمینی دشت سفیددشت-بروجن با سناریوی ورود آب انتقالی بن-بروجن,,دانشگاه شهرکرد / دانشکده کشاورزی و منابع طبیعی,https://ganj.irandoc.ac.ir/dashboard?q=ben+borujen+modflow&id=1024981,,,,,"network_error, network_error",no_results,لینک‌های ارائه‌شده در دسترس نبودند و منبع هم‌عنوان مستقلی پیدا نشد.
S582,,رد,راهکارهای مصالحه هیدرولیکی میان اصفهان و چهارمحال در مدیریت مشترک مخزن زاینده‌رود,شهیدی که از مدیریت یک کارخانه به‌خاطر جبهه گذشت - ایمنا,خبرگزاری ایمنا (خبرگزاری شهر و شهرداری‌های ایران),https://www.imna.ir/news/712984/,https://www.imna.ir/news/712984/%D8%B4%D9%87%DB%8C%D8%AF%DB%8C-%DA%A9%D9%87-%D8%A7%D8%B2-%D9%85%D8%AF%DB%8C%D8%B1%DB%8C%D8%AA-%DB%8C%DA%A9-%DA%A9%D8%A7%D8%B1%D8%AE%D8%A7%D9%86%D9%87-%D8%A8%D9%87-%D8%AE%D8%A7%D8%B7%D8%B1-%D8%AC%D8%A8%D9%87%D9%87-%DA%AF%D8%B0%D8%B4%D8%AA,live_page,0.3134,,live_html,search_error,صفحه‌ها یا نتایج جست‌وجو با عنوان/اطلاعات منبع تطبیق محتوایی کافی نداشتند.
S583,,رد,تحلیل پایداری دیواره و هجوم آب کارستی در زون گسلی تونل شماره سه کوهرنگ,,نشریه مهندسی معدن (دانشگاه تهران),https://ijme.ut.ac.ir/article_81902.html,,,,not_registered,"http_error, network_error, challenge, network_error",no_results,DOI ارائه‌شده در Crossref ثبت نشده و منبع هم‌عنوان مستقلی پیدا نشد.
S584,,رد,فاجعه خاموش در دشت بیرگان؛ خشکیدن چشمه‌های تاریخی و نابودی کشاورزی پس از آغاز حفاری تونل سوم کوهرنگ,دوره تربیت مربی حفظ قرآن کریم در حرم حضرت معصومه(س) به پایان رسید - خبرگزاری مهر | اخبار ایران و جهان | Mehr News Agency,خبرگزاری مهر,https://www.mehrnews.com/news/5289120/,https://www.mehrnews.com/news/5289120/%D8%AF%D9%88%D8%B1%D9%87-%D8%AA%D8%B1%D8%A8%DB%8C%D8%AA-%D9%85%D8%B1%D8%A8%DB%8C-%D8%AD%D9%81%D8%B8-%D9%82%D8%B1%D8%A2%D9%86-%DA%A9%D8%B1%DB%8C%D9%85-%D8%AF%D8%B1-%D8%AD%D8%B1%D9%85-%D8%AD%D8%B6%D8%B1%D8%AA-%D9%85%D8%B9%D8%B5%D9%88%D9%85%D9%87-%D8%B3-%D8%A8%D9%87-%D9%BE%D8%A7%DB%8C%D8%A7%D9%86,live_page,0.2559,,live_html,no_results,صفحه‌ها یا نتایج جست‌وجو با عنوان/اطلاعات منبع تطبیق محتوایی کافی نداشتند.
S585,,رد,بررسی اثرات زیست‌محیطی و هیدروژئولوژیکی احداث سد مخزنی کوهرنگ ۳ بر منابع آب سطحی سرشاخه‌های کارون,,فصلنامه جغرافیا و توسعه ناحیه‌ای (دانشگاه فردوسی مشهد),https://jgrd.um.ac.ir/article_42190.html,,,,not_registered,"http_error, soft_404, challenge, empty",no_results,DOI ارائه‌شده در Crossref ثبت نشده و منبع هم‌عنوان مستقلی پیدا نشد.
S586,,رد,گزارش پیشرفت عملیات لاینینگ و رفع نواقص سازه‌ای سد بتنی دو قوسی کوهرنگ ۳,,شرکت توسعه منابع آب و نیروی ایران (آب‌ونیرو),https://iwpco.ir/projects/kuhrang3-status-1402,,,,,"http_error, http_error, http_error",no_results,لینک‌های ارائه‌شده در دسترس نبودند و منبع هم‌عنوان مستقلی پیدا نشد.
S587,,رد,خسارت‌های وارده به عشایر و ساکنان محلی بیرگان در اثر زهکشی آبخوان کوهرنگ پرداخت نشده است,,خبرگزاری تسنیم,https://www.tasnimnews.com/fa/news/1401/10/20/2834910/,,,,,"network_error, network_error",no_results,لینک‌های ارائه‌شده در دسترس نبودند و منبع هم‌عنوان مستقلی پیدا نشد.
S588,,رد,مدل‌سازی عددی اندرکنش آب زیرزمینی با پوشش بتنی تونل شماره ۲ کوهرنگ در شرایط بارهای لرزه‌ای,مقاله کنترل علف های هرز در مزرعه سیاهدانه(.(Nigellasativa L توسط مالچ های زنده و عملیات بستر کاشت,نشریه تحقیقات کاربردی در مهندسی سازه و مدیریت ساخت,https://civilica.com/doc/1149201/,https://civilica.com/doc/1149201/,live_page,0.2703,,"live_html, http_error",no_results,صفحه‌ها یا نتایج جست‌وجو با عنوان/اطلاعات منبع تطبیق محتوایی کافی نداشتند.
S589,,رد,تاریخچه ۷۰ ساله خطوط انتقال آب کوهرنگ به اصفهان؛ از کلنگ‌زنی تونل اول در ۱۳۳۲ تا وضعیت پمپاژ اضطراری تونل سه,,خبرگزاری جمهوری اسلامی (ایرنا),https://www.irna.ir/news/85261890/,,,,,"challenge, challenge",no_results,صفحه‌ها یا نتایج جست‌وجو با عنوان/اطلاعات منبع تطبیق محتوایی کافی نداشتند.
S590,,رد,ارزیابی تغییرات اقلیمی بر بارش‌های برفی ارتفاعات زردکوه و کاهش دبی خروجی تونل‌های ۱ و ۲ کوهرنگ,مقاله مقایسه مدلهای ظاهر رنگی CIECAM۹۷s و نسخه اصلاح شده آن در توصیف ظاهر رنگی یک منسوج,سیویلیکا (CIVILICA) / ششمین همایش ملی مدیریت حوضه‌های آبریز,https://civilica.com/doc/1449801/,https://civilica.com/doc/1449801/,live_page,0.3094,,"live_html, http_error",no_results,صفحه‌ها یا نتایج جست‌وجو با عنوان/اطلاعات منبع تطبیق محتوایی کافی نداشتند.
S591,,رد,بررسی موانع تأمین اعتبار و مسائل اجتماعی-حقوقی تکمیل سامانه انتقال آب کوهرنگ ۳,تامین اجتماعی من | راهنمای کامل سامانه و سوابق بیمه,مرکز پژوهش‌های مجلس شورای اسلامی,https://rc.majlis.ir/fa/report/show/1710924,https://pishkhanak.com/blog/my-social-security-portal-guide,search_index,0.5039,,"challenge, http_error, challenge",ok,صفحه‌ها یا نتایج جست‌وجو با عنوان/اطلاعات منبع تطبیق محتوایی کافی نداشتند.
S592,,رد,ارزیابی هیدروژئوشیمیایی و ایزوتوپی منابع آب زیرزمینی کارستی در حوضه سرشاخه‌های کوهرنگ و بیرگان,,دانشگاه تبریز / دانشکده علوم طبیعی,https://ganj.irandoc.ac.ir/dashboard?q=kuhrang+isotopes&id=1089240,,,,,"network_error, network_error",search_error,لینک‌های ارائه‌شده در دسترس نبودند و منبع هم‌عنوان مستقلی پیدا نشد.
S593,,رد,نصب سامانه‌های پمپاژ موقت در دهانه تونل ۳ کوهرنگ و انتقال سالانه ۶۰ میلیون مترمکعب آب به زاینده‌رود,نامه سازمان بورس به دادستان کل کشور - تابناک | TABNAK,پایگاه خبری تحلیلی تابناک,https://www.tabnak.ir/fa/news/1182901/,https://www.tabnak.ir/fa/news/1182901/%D9%86%D8%A7%D9%85%D9%87-%D8%B3%D8%A7%D8%B2%D9%85%D8%A7%D9%86-%D8%A8%D9%88%D8%B1%D8%B3-%D8%A8%D9%87-%D8%AF%D8%A7%D8%AF%D8%B3%D8%AA%D8%A7%D9%86-%DA%A9%D9%84-%DA%A9%D8%B4%D9%88%D8%B1,live_page,0.2568,,"live_html, http_error",search_error,صفحه‌ها یا نتایج جست‌وجو با عنوان/اطلاعات منبع تطبیق محتوایی کافی نداشتند.
S594,,رد,پیامدهای هیدروژئولوژیکی حفر تونل‌های عمیق در زمین‌های کارستی چین‌خورده زاگرس: مطالعه موردی کوهرنگ ۳,Client Challenge,Springer / Hydrogeology Journal,https://link.springer.com/article/10.1007/s10040-021-02398-7,https://link.springer.com/article/10.1007/s10040-021-02398-7,live_page,0.0472,not_registered,"http_error, live_html, http_error, live_html",no_results,DOI ارائه‌شده در Crossref ثبت نشده و منبع هم‌عنوان مستقلی پیدا نشد.
S595,,رد,زخم عمیق گسل زردکوه بر پیشانی زاگرس؛ تونل ۳ کوهرنگ چگونه آبخوان‌های کارستی را تخلیه کرد؟,عبـور از دیپلمـاسی نـان,روزنامه هم‌میهن,https://hammihanonline.ir/fa/tiny/news-9182,https://hammihanonline.ir/%D8%A8%D8%AE%D8%B4-%D8%A7%D9%82%D8%AA%D8%B5%D8%A7%D8%AF-5/9182-%D8%A7%D8%B2,live_page,0.1509,,live_html,no_results,صفحه‌ها یا نتایج جست‌وجو با عنوان/اطلاعات منبع تطبیق محتوایی کافی نداشتند.
S596,,رد,آمار مقایسه‌ای آورد سالانه تونل‌های کوهرنگ یک، دو و چشمه‌لنگان در بازه آماری ۲۰ ساله,,شرکت سهامی آب منطقه‌ای اصفهان,https://www.esrw.ir/fa/hydro-stats-20yr-kuhrang,,,,,"network_error, http_error, network_error",no_results,لینک‌های ارائه‌شده در دسترس نبودند و منبع هم‌عنوان مستقلی پیدا نشد.
S597,,رد,مسئولیت مدنی دولت در قبال خشک شدن قنوات و چشمه‌های روستایی ناشی از طرح‌های عمرانی ملی تونل‌سازی,,نشریه حقوق عمومی دانشگاه علامه طباطبایی,https://qjpl.atu.ac.ir/article_15490.html,,,,not_registered,"http_error, soft_404, challenge, empty",search_error,DOI ارائه‌شده در Crossref ثبت نشده و منبع هم‌عنوان مستقلی پیدا نشد.
S598,,رد,بیانیه سرگشاده ده‌ها استاد دانشگاه و کارشناسان محیط زیست کشور: هشدار پیرامون پیامدهای جبران‌ناپذیر احداث سد ماندگان در منطقه حفاظت‌شده دنا,آزمون در بلاتکلیفی؛ آینده نامعلوم مهاجم ایرانی در بایرلورکوزن,پایگاه خبری عصر ایران / جامعه اساتید دانشگاهی محیط زیست,https://www.asriran.com/fa/news/982109/,https://www.asriran.com/fa/news/982109/%D8%A2%D8%B2%D9%85%D9%88%D9%86-%D8%AF%D8%B1-%D8%A8%D9%84%D8%A7%D8%AA%DA%A9%D9%84%DB%8C%D9%81%DB%8C-%D8%A2%DB%8C%D9%86%D8%AF%D9%87-%D9%86%D8%A7%D9%85%D8%B9%D9%84%D9%88%D9%85-%D9%85%D9%87%D8%A7%D8%AC%D9%85-%D8%A7%DB%8C%D8%B1%D8%A7%D9%86%DB%8C-%D8%AF%D8%B1-%D8%A8%D8%A7%DB%8C%D8%B1%D9%84%D9%88%D8%B1%DA%A9%D9%88%D8%B2%D9%86,live_page,0.1421,,"live_html, challenge",no_results,صفحه‌ها یا نتایج جست‌وجو با عنوان/اطلاعات منبع تطبیق محتوایی کافی نداشتند.
S599,,رد,سد ماندگان کجاست و چرا فعالان محیط زیست نسبت به احداث آن در سمیرم و دنا هشدار می‌دهند؟,اعتراض فعالان محیط‌ زیست به ساخت سد ماندگان در اصفهان؛ نابودکننده زیست ...,خبرگزاری دانشجویان ایران (ایسنا),https://www.isna.ir/news/1403053020194/,https://www.independentpersian.com/node/411587/%D8%B3%DB%8C%D8%A7%D8%B3%DB%8C-%D9%88-%D8%A7%D8%AC%D8%AA%D9%85%D8%A7%D8%B9%DB%8C/%D8%A7%D8%B9%D8%AA%D8%B1%D8%A7%D8%B6-%D9%81%D8%B9%D8%A7%D9%84%D8%A7%D9%86-%D9%85%D8%AD%DB%8C%D8%B7%E2%80%8C-%D8%B2%DB%8C%D8%B3%D8%AA-%D8%A8%D9%87-%D8%B3%D8%A7%D8%AE%D8%AA-%D8%B3%D8%AF-%D9%85%D8%A7%D9%86%D8%AF%DA%AF%D8%A7%D9%86-%D8%AF%D8%B1-%D8%A7%D8%B5%D9%81%D9%87%D8%A7%D9%86%D8%9B-%D9%86%D8%A7%D8%A8%D9%88%D8%AF%DA%A9%D9%86%D9%86%D8%AF%D9%87-%D8%B2%DB%8C%D8%B3%D8%AA,search_index,0.5098,,"challenge, challenge",ok,صفحه‌ها یا نتایج جست‌وجو با عنوان/اطلاعات منبع تطبیق محتوایی کافی نداشتند.
S600,,رد,دستور دادستان کل کشور و رئیس سازمان حفاظت محیط زیست مبنی بر توقف عملیات اجرایی سد ماندگان به دلیل فقدان مجوز ارزیابی اثرات زیست‌محیطی (EIA),,خبرگزاری تسنیم,https://www.tasnimnews.com/fa/news/1403/06/12/3151890/,,,,,"network_error, network_error",no_results,لینک‌های ارائه‌شده در دسترس نبودند و منبع هم‌عنوان مستقلی پیدا نشد.
S601,,رد,کشمکش‌های ژئوپلیتیک آب در بالادست رودخانه ماربر؛ ابعاد تقابل منافع استان‌های اصفهان و کهگیلویه و بویراحمد,"مقاله Postpartum Depression in Women with Normal Delivery and Cesarean Section Referring to Sayad Shirazi Hospital of Gorgan , Iran",فصلنامه مطالعات منطقه‌ای و توسعه پایدار,https://civilica.com/doc/1849201/,https://civilica.com/doc/1849201/,live_page,0.3118,,"live_html, http_error",no_results,صفحه‌ها یا نتایج جست‌وجو با عنوان/اطلاعات منبع تطبیق محتوایی کافی نداشتند.
S602,,رد,تفکیک مدیریت زیست‌محیطی دنای شمالی و جنوبی زمینه را برای تخریب اکوسیستم و احداث سد ماندگان هموار می‌کند,وزارت کار فراتر از قانون عمل می کند,خبرگزاری کار ایران (ایلنا),https://www.ilna.ir/fa/tiny/news-1508219,https://www.ilna.ir/%D8%A8%D8%AE%D8%B4-%D8%B3%DB%8C%D8%A7%D8%B3%DB%8C-3/1508219-%D9%88%D8%B2%D8%A7%D8%B1%D8%AA-%DA%A9%D8%A7%D8%B1-%D9%81%D8%B1%D8%A7%D8%AA%D8%B1-%D8%A7%D8%B2-%D9%82%D8%A7%D9%86%D9%88%D9%86-%D8%B9%D9%85%D9%84-%D9%85%DB%8C-%DA%A9%D9%86%D8%AF,live_page,0.2609,,live_html,search_error,صفحه‌ها یا نتایج جست‌وجو با عنوان/اطلاعات منبع تطبیق محتوایی کافی نداشتند.
S603,,رد,ارزیابی بوم‌شناختی اثرات سدسازی بر رودخانه ماربر پادنا بر تنوع زیستی گیاهی و جانوری رشته‌کوه دنا,مقاله The Influence of Carrying Anterior Load on the Sagittal and Frontal Plane Kinematics of Lower Extremities during Stair Ascending,سیویلیکا (CIVILICA) / اولین کنفرانس ملی تنوع زیستی و حفاظت از ذخیره‌گاه‌های زیست‌کره,https://civilica.com/doc/1892104/,https://civilica.com/doc/1892104/,live_page,0.34,,"live_html, http_error",search_error,صفحه‌ها یا نتایج جست‌وجو با عنوان/اطلاعات منبع تطبیق محتوایی کافی نداشتند.
S604,,رد,تراژدی ماندگان؛ وقتی توسعه صنایع فولادی اصفهان ذخیره‌گاه زیست‌کره دنا را نشانه می‌رود,پیام ما؛ رسانه توسعه پایدار ایران | 2610,روزنامه پیام ما (روزنامه توسعه پایدار ایران),https://payamema.ir/payam/issue/2610/78120,https://payamema.ir/payam/pub/88094/,live_page,0.34,,live_html,no_results,صفحه‌ها یا نتایج جست‌وجو با عنوان/اطلاعات منبع تطبیق محتوایی کافی نداشتند.
S605,,رد,تحلیل منافع ذی‌نفعان در پروژه سد و خط انتقال آب ماندگان به صنایع مرکزی استان اصفهان,آخرین وضعیت پروژه‌های انتقال آب به اصفهان/ احیای زاینده‌رود در گرو ...,مرکز بررسی‌های استراتژیک ریاست جمهوری,https://css.ir/fa/report/mandegan-strategic-review-1403,https://www.imna.ir/news/889186/%D8%A2%D8%AE%D8%B1%DB%8C%D9%86-%D9%88%D8%B6%D8%B9%DB%8C%D8%AA-%D9%BE%D8%B1%D9%88%DA%98%D9%87-%D9%87%D8%A7%DB%8C-%D8%A7%D9%86%D8%AA%D9%82%D8%A7%D9%84-%D8%A2%D8%A8-%D8%A8%D9%87-%D8%A7%D8%B5%D9%81%D9%87%D8%A7%D9%86-%D8%A7%D8%B2-%D9%85%D8%A7%D9%86%D8%AF%DA%AF%D8%A7%D9%86-%D8%AA%D8%A7-%DA%A9%D9%88%D9%87%D8%B1%D9%86%DA%AF,search_index,0.4054,,"http_error, http_error, http_error",ok,لینک‌های ارائه‌شده در دسترس نبودند و منبع هم‌عنوان مستقلی پیدا نشد.
S606,,رد,مدل‌سازی کیفیت آب و پتانسیل انتقال رسوب در مخزن پیشنهادی سد ماندگان بر روی شاخه ماربر,,مجله علوم و مهندسی آب ایران (دانشگاه فردوسی مشهد),https://jws.um.ac.ir/article_44120.html,,,,not_registered,"http_error, network_error, challenge, network_error",search_error,DOI ارائه‌شده در Crossref ثبت نشده و منبع هم‌عنوان مستقلی پیدا نشد.
S607,,رد,بازدید نمایندگان مجلس و بازرسی کل کشور از کارگاه عمرانی سد ماندگان در بخش پادنای سمیرم,,خبرگزاری فارس,https://www.farsnews.ir/kohgiluyeh/news/14030607000841/,,,,,"empty, empty",no_results,لینک‌های ارائه‌شده در دسترس نبودند و منبع هم‌عنوان مستقلی پیدا نشد.
S608,,رد,دنا در آستانه تجزیه اکولوژیک؛ آیا مصوبه شورای عالی محیط زیست مجوز سد ماندگان را توجیه می‌کند؟,کلاهبرداری طلایی با وعده قبولی در کنکور,شبکه شرق (Shargh Network),https://www.sharghdaily.com/fa/tiny/news-948120,https://www.sharghdaily.com/%D8%A8%D8%AE%D8%B4-%D8%AC%D8%A7%D9%85%D8%B9%D9%87-220/948120-%DA%A9%D9%84%D8%A7%D9%87%D8%A8%D8%B1%D8%AF%D8%A7%D8%B1%DB%8C-%D8%B7%D9%84%D8%A7%DB%8C%DB%8C-%D8%A8%D8%A7-%D9%88%D8%B9%D8%AF%D9%87-%D9%82%D8%A8%D9%88%D9%84%DB%8C-%D8%AF%D8%B1-%DA%A9%D9%86%DA%A9%D9%88%D8%B1,live_page,0.1538,,live_html,no_results,صفحه‌ها یا نتایج جست‌وجو با عنوان/اطلاعات منبع تطبیق محتوایی کافی نداشتند.
S609,,رد,آسیب‌پذیری بوم‌شناختی و هیدرولوژیکی مناطق حفاظت‌شده در برابر زیرساخت‌های هیدرولیکی: مطالعه موردی ذخیره‌گاه زیست‌کره دنا در ایران,Client Challenge,Springer / Journal of Mountain Science,https://link.springer.com/article/10.1007/s11629-023-8542-1,https://link.springer.com/article/10.1007/s11629-023-8542-1,live_page,0.1053,not_registered,"http_error, live_html, http_error, live_html",search_error,DOI ارائه‌شده در Crossref ثبت نشده و منبع هم‌عنوان مستقلی پیدا نشد.
S610,,رد,اهداف طرح سد ماندگان در مهار سیلاب‌های فصلی رودخانه ماربر و تخصیص آب شرب شهرستان‌های جنوبی اصفهان,رودخانه‌های کارون و خرسان در آستانه خشک شدن؛ هشدار درباره ...,دفتر برنامه‌ریزی کلان آب و آبفای وزارت نیرو,https://moe.gov.ir/reports/mandegan-flood-control-1403,https://www.independentpersian.com/node/416419/%D8%B3%DB%8C%D8%A7%D8%B3%DB%8C-%D9%88-%D8%A7%D8%AC%D8%AA%D9%85%D8%A7%D8%B9%DB%8C/%D8%B1%D9%88%D8%AF%D8%AE%D8%A7%D9%86%D9%87%E2%80%8C%D9%87%D8%A7%DB%8C-%DA%A9%D8%A7%D8%B1%D9%88%D9%86-%D9%88-%D8%AE%D8%B1%D8%B3%D8%A7%D9%86-%D8%AF%D8%B1-%D8%A2%D8%B3%D8%AA%D8%A7%D9%86%D9%87-%D8%AE%D8%B4%DA%A9-%D8%B4%D8%AF%D9%86%D8%9B-%D9%87%D8%B4%D8%AF%D8%A7%D8%B1-%D8%AF%D8%B1%D8%A8%D8%A7%D8%B1%D9%87-%D8%A7%D8%AF%D8%A7%D9%85%D9%87-%D8%B3%D8%A7%D8%AE%D8%AA-%D8%B3%D8%AF,search_index,0.34,,"network_error, http_error, network_error",ok,لینک‌های ارائه‌شده در دسترس نبودند و منبع هم‌عنوان مستقلی پیدا نشد.
S611,,رد,بررسی قوانین حاکم بر مناطق چهارگانه محیط زیست در مواجهه با پروژه‌های سدسازی فاقد مجوز ارزیابی,مقالات مرتبط با مناطق چهارگانه محیط زیست,پژوهشکده حقوقی شهر دانش / مجله پژوهش‌های حقوقی,https://sdil.ac.ir/article_182910.html,https://elmnet.ir/keyword/%D9%85%D9%86%D8%A7%D8%B7%D9%82-%DA%86%D9%87%D8%A7%D8%B1%DA%AF%D8%A7%D9%86%D9%87-%D9%85%D8%AD%DB%8C%D8%B7-%D8%B2%DB%8C%D8%B3%D8%AA,search_index,0.5159,not_registered,"http_error, http_error, http_error, http_error",ok,DOI ارائه‌شده در Crossref ثبت نشده و منبع هم‌عنوان مستقلی پیدا نشد.
S612,,رد,سد خرسان ۳؛ پروژه‌ای که ۲۴ روستا و هزاران هکتار از جنگل‌های بلوط زاگرس را به زیر آب می‌برد,مقامات,روزنامه هم‌میهن,https://hammihanonline.ir/fa/tiny/news-8120,https://hammihanonline.ir/%D8%A8%D8%AE%D8%B4-%D8%B3%DB%8C%D8%A7%D8%B3%D8%AA-18/8120-%D9%85%D9%82%D8%A7%D9%85%D8%A7%D8%AA,live_page,0.0632,,"live_html, http_error",no_results,صفحه‌ها یا نتایج جست‌وجو با عنوان/اطلاعات منبع تطبیق محتوایی کافی نداشتند.
S613,,رد,ارزیابی آثار اجتماعی و جابه‌جایی اجباری جوامع روستایی و عشایری ناشی از آبگیری سد خرسان ۳ بر دهستان سادات محمودی,,فصلنامه مطالعات جامعه‌شناختی (دانشگاه تهران),https://jsr.ut.ac.ir/article_89120.html,,,,not_registered,"http_error, soft_404, challenge, empty",search_error,DOI ارائه‌شده در Crossref ثبت نشده و منبع هم‌عنوان مستقلی پیدا نشد.
S614,,رد,هشدار باستان‌شناسان نسبت به نابودی محوطه‌های باستانی ۵ هزار ساله گورستان باستانی سادات محمودی در حوضه آبگیر سد خرسان ۳,,خبرگزاری مهر,https://www.mehrnews.com/news/5881920/,,,,,"http_error, live_html",اجرا نشد (شاهد مستقیم کافی بود),صفحه‌ها یا نتایج جست‌وجو با عنوان/اطلاعات منبع تطبیق محتوایی کافی نداشتند.
S615,,رد,سد خرسان ۳ هیچ‌گونه مجوز ارزیابی زیست‌محیطی معتبر از سازمان ندارد,,خبرگزاری دانشجویان ایران (ایسنا),https://www.isna.ir/news/1401111612480/,,,,,"challenge, challenge",search_error,صفحه‌ها یا نتایج جست‌وجو با عنوان/اطلاعات منبع تطبیق محتوایی کافی نداشتند.
S616,,رد,تحلیل اقتصادی-فنی طرح سد و نیروگاه برقابی خرسان ۳ و خطوط انتقال آب به فلات مرکزی,اجرای طرح احداث سد و نیروگاه برقابی خرسان (2),مرکز پژوهش‌های مجلس شورای اسلامی,https://rc.majlis.ir/fa/report/show/1654120,https://davoudabadi.ir/page/56439078,search_index,0.5528,,"challenge, http_error, challenge",ok,صفحه‌ها یا نتایج جست‌وجو با عنوان/اطلاعات منبع تطبیق محتوایی کافی نداشتند.
S617,,رد,بررسی ژئومکانیکی و پایداری شیروانی‌های مخزن سد خرسان ۳ در مقابل لغزش‌های دامنه‌ای ناشی از بالا آمدن تراز آب,,نشریه زمین‌شناسی مهندسی (دانشگاه تربیت مدرس),https://jeeng.modares.ac.ir/article_84120.html,,,,not_registered,"http_error, network_error, challenge, network_error",no_results,DOI ارائه‌شده در Crossref ثبت نشده و منبع هم‌عنوان مستقلی پیدا نشد.
S618,,رد,انتقال آب خرسان ۳ به فلات مرکزی؛ راه‌حل پایدار برای بحران بی‌آبی یا بازتولید بحران در زاگرس؟,انتقال آب سد خرسان 3 به فلات مرکزی مجوز ندارد,خبرگزاری تسنیم,https://www.tasnimnews.com/fa/news/1402/08/17/2984120/,https://irannewspaper.ir/8235/22/57961,search_index,0.5333,,"network_error, network_error",ok,لینک‌های ارائه‌شده در دسترس نبودند و منبع هم‌عنوان مستقلی پیدا نشد.
S619,,رد,مدل‌سازی اثرات ساخت سد خرسان ۳ بر رژیم هیدرولوژیکی و دبی پایه رودخانه کارون در مقطع گتوند,,نشریه مهندسی منابع آب ایران (دانشگاه شهید چمران اهواز),https://jwe.scu.ac.ir/article_79812.html,,,,not_registered,"http_error, network_error, challenge, network_error",no_results,DOI ارائه‌شده در Crossref ثبت نشده و منبع هم‌عنوان مستقلی پیدا نشد.
S620,,رد,روایت اهالی روستای لما و رودشتی؛ ماه‌ها بلاتکلیفی و تعلیق پروژه‌های بهسازی روستا به بهانه آبگیری خرسان ۳,گیاهانی که چندین برابر گوشت ارزش غذایی دارند,خبرگزاری کار ایران (ایلنا),https://www.ilna.ir/fa/tiny/news-1368190,https://www.ilna.ir/%D8%A8%D8%AE%D8%B4-%D8%B3%D8%A7%DB%8C%D8%B1-%D8%B1%D8%B3%D8%A7%D9%86%D9%87-%D9%87%D8%A7-10/1368190-%DA%AF%DB%8C%D8%A7%D9%87%D8%A7%D9%86%DB%8C-%DA%A9%D9%87-%DA%86%D9%86%D8%AF%DB%8C%D9%86-%D8%A8%D8%B1%D8%A7%D8%A8%D8%B1-%DA%AF%D9%88%D8%B4%D8%AA-%D8%A7%D8%B1%D8%B2%D8%B4-%D8%BA%D8%B0%D8%A7%DB%8C%DB%8C-%D8%AF%D8%A7%D8%B1%D9%86%D8%AF,live_page,0.1361,,"live_html, http_error",no_results,صفحه‌ها یا نتایج جست‌وجو با عنوان/اطلاعات منبع تطبیق محتوایی کافی نداشتند.
S621,,رد,مخاطرات زیست‌محیطی و میراث فرهنگی ابرسدها در کوه‌های زاگرس: پروژه سد خرسان ۳,,Elsevier / Science of The Total Environment,https://www.sciencedirect.com/science/article/pii/S004896972304128X,,,,registered,"empty, http_error, http_error",no_results,لینک‌های ارائه‌شده در دسترس نبودند و منبع هم‌عنوان مستقلی پیدا نشد.
S622,,رد,بیانیه مجمع نمایندگان استان کهگیلویه و بویراحمد در مجلس شورای اسلامی در مخالفت با انتقال آب از سرشاخه‌های کارون و خرسان,بیانیه شورای ائتلاف نیرو‌های انقلاب استان کهگیلویه و بویراحمد ...,خبرگزاری خانه ملت (خبرگزاری مجلس شورای اسلامی),https://www.icana.ir/Fa/News/524180,https://www.kebnanews.ir/news/470118/%D8%A8%DB%8C%D8%A7%D9%86%DB%8C%D9%87-%D8%B4%D9%88%D8%B1%D8%A7%DB%8C-%D8%A7%D8%A6%D8%AA%D9%84%D8%A7%D9%81-%D9%86%DB%8C%D8%B1%D9%88-%D9%87%D8%A7%DB%8C-%D8%A7%D9%86%D9%82%D9%84%D8%A7%D8%A8-%D8%A7%D8%B3%D8%AA%D8%A7%D9%86-%DA%A9%D9%87%DA%AF%DB%8C%D9%84%D9%88%DB%8C%D9%87-%D8%A8%D9%88%DB%8C%D8%B1%D8%A7%D8%AD%D9%85%D8%AF-%D8%A8%D9%87-%D9%85%D9%86%D8%A7%D8%B3%D8%A8%D8%AA-%D8%B1%D9%88%D8%B2-%D8%AF%D8%A7%D9%86%D8%B4%D8%AC%D9%88,search_index,0.4434,,"http_error, live_html",ok,صفحه‌ها یا نتایج جست‌وجو با عنوان/اطلاعات منبع تطبیق محتوایی کافی نداشتند.
S623,,رد,ارزیابی اثرات احداث سد خرسان ۳ بر پوشش جنگلی حوزه آبخیز و تخریب کریدورهای تنوع زیستی زاگرس,,دانشگاه تربیت مدرس / دانشکده منابع طبیعی و علوم دریایی,https://ganj.irandoc.ac.ir/dashboard?q=khersan+oak+forest&id=1049210,,,,,"network_error, network_error",no_results,لینک‌های ارائه‌شده در دسترس نبودند و منبع هم‌عنوان مستقلی پیدا نشد.
S624,,رد,هزینه‌های گزاف مگاپروژه‌های انتقال آب؛ آیا سد خرسان ۳ با هزینه چند میلیارد دلاری توجیه اقتصادی دارد؟,روزنامه اعتماد :: بودجه اورژانسي,روزنامه اعتماد,https://www.etemadnewspaper.ir/fa/main/detail/210984,https://etemadnewspaper.ir/fa/main/detail/210984,live_page,0.1732,,"live_html, http_error",no_results,صفحه‌ها یا نتایج جست‌وجو با عنوان/اطلاعات منبع تطبیق محتوایی کافی نداشتند.
S625,,رد,بررسی سناریوهای بازتخصیص آب خرسان ۳ میان مصارف شرب، تعادل‌بخشی سفره‌ها و صنایع استان‌های اصفهان و یزد,,پایگاه خبری تخصصی آب ایران (آب‌نیوز),https://www.watrnews.ir/analysis/khersan3-water-reallocation-1402,,,,,"network_error, http_error",no_results,لینک‌های ارائه‌شده در دسترس نبودند و منبع هم‌عنوان مستقلی پیدا نشد.
S626,,رد,ارزیابی پیشروی زبانه آب شور به مصب رودخانه بهمنشیر و کارون تحت سناریوهای کاهش دبی ناشی از طرح‌های انتقال آب بالادست,,نشریه هیدروگرافی و اقیانوس‌شناسی (پژوهشگاه ملی اقیانوس‌شناسی و علوم جوی),https://ijoc.inio.ac.ir/article_142981.html,,,,not_registered,"http_error, network_error, http_error, network_error",no_results,DOI ارائه‌شده در Crossref ثبت نشده و منبع هم‌عنوان مستقلی پیدا نشد.
S627,,رد,خسارت‌های میلیاردی به نخلستان‌های شادگان، آبادان و خرمشهر به دلیل افزایش شوری آب کارون و کمبود حقابه زیست‌محیطی,,خبرگزاری تسنیم,https://www.tasnimnews.com/fa/news/1402/06/27/2958190/,,,,,"network_error, network_error",no_results,لینک‌های ارائه‌شده در دسترس نبودند و منبع هم‌عنوان مستقلی پیدا نشد.
S628,,رد,کارون دیگر رمقی برای انتقال جدید ندارد؛ جلگه خوزستان در آستانه فرونشست و تولید کانون‌های ریزگرد,,خبرگزاری خانه ملت (مجلس شورای اسلامی),https://www.icana.ir/Fa/News/531980,,,,,"http_error, live_html",no_results,صفحه‌ها یا نتایج جست‌وجو با عنوان/اطلاعات منبع تطبیق محتوایی کافی نداشتند.
S629,,رد,مدل‌سازی اثرات کاهش آب ورودی به تالاب بین‌المللی شادگان بر خشکیدگی پوشش گیاهی و افزایش طوفان‌های گردوغبار جنوب‌غرب کشور,,فصلنامه بوم‌شناسی کاربردی (دانشگاه صنعتی اصفهان),https://ijae.iut.ac.ir/article_189210.html,,,,not_registered,"http_error, http_error, challenge, http_error",no_results,DOI ارائه‌شده در Crossref ثبت نشده و منبع هم‌عنوان مستقلی پیدا نشد.
S630,,رد,تغییر کیفیت هیدروشیمیایی آب کارون در اثر زهاب‌های کشاورزی و کاهش آورد شیرین سرشاخه‌ها,,خبرگزاری دانشجویان ایران (ایسنا),https://www.isna.ir/news/1402010501290/,,,,,"challenge, challenge",search_error,صفحه‌ها یا نتایج جست‌وجو با عنوان/اطلاعات منبع تطبیق محتوایی کافی نداشتند.
S631,,رد,تحلیل ارزش اقتصادی کارکردهای زیست‌محیطی رودخانه کارون بزرگ در مقایسه با منافع انتقال آب به حوضه زاینده‌رود,مقاله ارزشگذاری زیست محیطی رودخانه کارون مقایسه الگوهای لاجیت ...,مجله پژوهش‌های اقتصاد کشاورزی (دانشگاه شیراز),https://jaea.shirazu.ac.ir/article_62190.html,https://civilica.com/doc/191085/,search_index,0.5749,not_registered,"http_error, network_error, challenge, network_error",ok,DOI ارائه‌شده در Crossref ثبت نشده و منبع هم‌عنوان مستقلی پیدا نشد.
S632,,رد,راهبردهای صیانت از پایداری زیست‌بوم جلگه خوزستان و تنظیم روابط حوضه کارون-دز با حوضه فلات مرکزی,,مرکز پژوهش‌های مجلس شورای اسلامی,https://rc.majlis.ir/fa/report/show/1749120,,,,,"challenge, http_error, challenge",no_results,صفحه‌ها یا نتایج جست‌وجو با عنوان/اطلاعات منبع تطبیق محتوایی کافی نداشتند.
S633,,رد,تحلیل بازی‌های همکارانه و غیرهمکارانه در تسهیم آب میان استان‌های حوضه آبریز کارون و زاینده‌رود با رویکرد تعادل نش,مقاله معماری تغییر فرم پذیر، گامی در راستای همنوایی میان سازه و معماری,سیویلیکا (CIVILICA) / دهمین کنگره ملی مهندسی عمران,https://civilica.com/doc/1612980/,https://civilica.com/doc/1612980/,live_page,0.2857,,live_html,no_results,صفحه‌ها یا نتایج جست‌وجو با عنوان/اطلاعات منبع تطبیق محتوایی کافی نداشتند.
S634,,رد,زنجیره سدها و تونل‌های سرشاخه‌های کارون؛ از گتوند تا کوهرنگ و بهشت‌آباد؛ کالبدشکافی یک حوضه بحران‌زده,۱۰ شهربازی در تهران پلمپ شد,روزنامه شرق,https://www.sharghdaily.com/fa/tiny/news-892140,https://www.sharghdaily.com/%D8%A8%D8%AE%D8%B4-%D8%AC%D8%A7%D9%85%D8%B9%D9%87-220/892140-%D8%B4%D9%87%D8%B1%D8%A8%D8%A7%D8%B2%DB%8C-%D8%AF%D8%B1-%D8%AA%D9%87%D8%B1%D8%A7%D9%86-%D9%BE%D9%84%D9%85%D9%BE-%D8%B4%D8%AF,live_page,0.1746,,"live_html, http_error",no_results,صفحه‌ها یا نتایج جست‌وجو با عنوان/اطلاعات منبع تطبیق محتوایی کافی نداشتند.
S635,,رد,پیامدهای پایین‌دست انتقال آب بین‌حوضه‌ای بالادست بر شوری مصب و کشاورزی دلتا: حوضه رودخانه کارون در ایران,Client Challenge,Springer / Environmental Earth Sciences,https://link.springer.com/article/10.1007/s12665-022-10482-1,https://link.springer.com/article/10.1007/s12665-022-10482-1,live_page,0.1111,not_registered,"http_error, live_html, http_error, live_html",no_results,DOI ارائه‌شده در Crossref ثبت نشده و منبع هم‌عنوان مستقلی پیدا نشد.
S636,,رد,بیانیه انجمن اعضای هیئت علمی دانشگاه شهید چمران اهواز در نقد رویکرد انتقال آب سازه‌ای و تأکید بر مدیریت مصرف و بازچرخانی,سامانه مدیریت نشریات علمی دانشگاه شهید چمران اهواز,خبرگزاری ایسنا / دانشگاه شهید چمران اهواز,https://www.isna.ir/news/1400091410892/,https://journals.scu.ac.ir/?lang=fa,search_index,0.6146,,"challenge, challenge",ok,صفحه‌ها یا نتایج جست‌وجو با عنوان/اطلاعات منبع تطبیق محتوایی کافی نداشتند.
S637,,رد,پایش فصلی غلظت فلزات سنگین، هدایت الکتریکی (EC) و شوری در پایین‌دست رودخانه کارون,تاثیر فلزات سنگین در هدایت الکتریکی (EC) خاک های آبیاری شده با پساب ...,اداره‌کل حفاظت محیط زیست استان خوزستان,https://khz.doe.ir/reports/karun-water-quality-monitoring-1401,https://isnac.ir/XHHA-KFBGE,search_index,0.5734,,"network_error, http_error, network_error",ok,لینک‌های ارائه‌شده در دسترس نبودند و منبع هم‌عنوان مستقلی پیدا نشد.
S638,,رد,پیامدهای امنیتی-اجتماعی بحران آب در خوزستان و تأثیر آن بر مهاجرت‌های اقلیمی از دشت‌های جنوبی به فلات مرکزی,مقاله پیامدهای اجتماعی تامین بحران آب و تاثیر آن بر مهاجرت های داخلی و ...,خبرگزاری کار ایران (ایلنا),https://www.ilna.ir/fa/tiny/news-1389120,https://civilica.com/doc/2586027/,search_index,0.6364,,live_html,ok,صفحه‌ها یا نتایج جست‌وجو با عنوان/اطلاعات منبع تطبیق محتوایی کافی نداشتند.
S639,,رد,آغاز فاز دوم لوله‌گذاری پروژه انتقال آب دریای عمان به استان اصفهان با هدف قطع کامل وابستگی صنایع به زاینده‌رود,عملیات اجرایی فاز دوم طرح انتقال آب دریای عُمان به اصفهان آغاز شد,خبرگزاری جمهوری اسلامی (ایرنا),https://www.irna.ir/news/85250124/,https://www.irna.ir/news/85242261/%D8%B9%D9%85%D9%84%DB%8C%D8%A7%D8%AA-%D8%A7%D8%AC%D8%B1%D8%A7%DB%8C%DB%8C-%D9%81%D8%A7%D8%B2-%D8%AF%D9%88%D9%85-%D8%B7%D8%B1%D8%AD-%D8%A7%D9%86%D8%AA%D9%82%D8%A7%D9%84-%D8%A2%D8%A8-%D8%AF%D8%B1%DB%8C%D8%A7%DB%8C-%D8%B9%D9%85%D8%A7%D9%86-%D8%A8%D9%87-%D8%A7%D8%B5%D9%81%D9%87%D8%A7%D9%86-%D8%A2%D8%BA%D8%A7%D8%B2,search_index,0.6232,,"challenge, challenge",ok,صفحه‌ها یا نتایج جست‌وجو با عنوان/اطلاعات منبع تطبیق محتوایی کافی نداشتند.
S640,,رد,سهم‌آوری شرکت‌های بزرگ فولادی و پتروشیمی در تأمین مالی خط انتقال آب دریا به اصفهان؛ مدل مالی و بازگشت سرمایه,سهم بزرگ پتروشیمی و فولاد در بدهی به شرکت گاز - آهن اینفو,خبرگزاری تسنیم,https://www.tasnimnews.com/fa/news/1402/08/21/2989120/,https://www.ahaninfo.ir/news/petrochemical-and-steel-sectors-account-for-major-share-of-debt-to-gas-company,search_index,0.3951,,"network_error, network_error",ok,لینک‌های ارائه‌شده در دسترس نبودند و منبع هم‌عنوان مستقلی پیدا نشد.
S641,,رد,ارزیابی چرخه حیات (LCA) و ردپای کربن شیرین‌سازی و انتقال آب از دریای عمان به فلات مرکزی ایران,,نشریه مهندسی شیمی و محیط زیست (دانشگاه تهران),https://jcee.ut.ac.ir/article_89410.html,,,,not_registered,"http_error, network_error, challenge, network_error",no_results,DOI ارائه‌شده در Crossref ثبت نشده و منبع هم‌عنوان مستقلی پیدا نشد.
S642,,رد,آیا انتقال آب دریا مشکل فرونشست زمین و کمبود آب شرب اصفهان را حل می‌کند؟ گفت‌وگو با کارشناسان هیدرولوژی,انتقال آب خلیج فارس از فرونشست زمین در اصفهان جلوگیری می‌کند,خبرگزاری دانشجویان ایران (ایسنا),https://www.isna.ir/news/1402100100412/,https://www.irna.ir/news/84262699/%D8%A7%D9%86%D8%AA%D9%82%D8%A7%D9%84-%D8%A2%D8%A8-%D8%AE%D9%84%DB%8C%D8%AC-%D9%81%D8%A7%D8%B1%D8%B3-%D8%A7%D8%B2-%D9%81%D8%B1%D9%88%D9%86%D8%B4%D8%B3%D8%AA-%D8%B2%D9%85%DB%8C%D9%86-%D8%AF%D8%B1-%D8%A7%D8%B5%D9%81%D9%87%D8%A7%D9%86-%D8%AC%D9%84%D9%88%DA%AF%DB%8C%D8%B1%DB%8C-%D9%85%DB%8C-%DA%A9%D9%86%D8%AF,search_index,0.5432,,"challenge, challenge",ok,صفحه‌ها یا نتایج جست‌وجو با عنوان/اطلاعات منبع تطبیق محتوایی کافی نداشتند.
S643,,رد,بررسی اثرات زیست‌محیطی تخلیه پساب آب‌شیرین‌کن‌ها (Brine Discharge) در سواحل مکران ناشی از نمک‌زدایی آب برای انتقال به مرکز ایران,مقاله بهینه سازی و امکان سنجی شرایط حاکم بر جریان روی پره های توربین جریان اقیانوسی,سیویلیکا (CIVILICA) / هشتمین کنفرانس بین‌المللی سواحل، بنادر و سازه‌های دریایی (ICOPMAS),https://civilica.com/doc/1689120/,https://civilica.com/doc/1689120/,live_page,0.2105,,"live_html, http_error",no_results,صفحه‌ها یا نتایج جست‌وجو با عنوان/اطلاعات منبع تطبیق محتوایی کافی نداشتند.
S644,,رد,قیمت تمام‌شده هر مترمکعب آب انتقالی از دریای عمان به اصفهان؛ چالش‌های اقتصادی تعرفه‌گذاری برای مصارف صنعتی و کشاورزی,دستگیری ۲ تن از خطرناکترین سرکرده‌های داعش,روزنامه دنیای اقتصاد,https://donya-e-eqtesad.com/fa/tiny/news-4048910,https://donya-e-eqtesad.com/%D8%A8%D8%AE%D8%B4-%D8%B3%D8%A7%DB%8C%D8%AA-%D8%AE%D9%88%D8%A7%D9%86-62/4048910-%D8%AF%D8%B3%D8%AA%DA%AF%DB%8C%D8%B1%DB%8C-%D8%AA%D9%86-%D8%A7%D8%B2-%D8%AE%D8%B7%D8%B1%D9%86%D8%A7%DA%A9%D8%AA%D8%B1%DB%8C%D9%86-%D8%B3%D8%B1%DA%A9%D8%B1%D8%AF%D9%87-%D9%87%D8%A7%DB%8C-%D8%AF%D8%A7%D8%B9%D8%B4,live_page,0.3165,,"live_html, http_error",no_results,صفحه‌ها یا نتایج جست‌وجو با عنوان/اطلاعات منبع تطبیق محتوایی کافی نداشتند.
S645,,رد,پیشرفت فیزیکی خط انتقال سیرجان-اصفهان و جزئیات احداث مخازن تعادلی و ایستگاه‌های پمپاژ,زورگیر مسافربر نما، دستگیر شد - خبرگزاری مهر | اخبار ایران و جهان | Mehr News Agency,خبرگزاری مهر,https://www.mehrnews.com/news/6048120/,https://www.mehrnews.com/news/6048120/%D8%B2%D9%88%D8%B1%DA%AF%DB%8C%D8%B1-%D9%85%D8%B3%D8%A7%D9%81%D8%B1%D8%A8%D8%B1-%D9%86%D9%85%D8%A7-%D8%AF%D8%B3%D8%AA%DA%AF%DB%8C%D8%B1-%D8%B4%D8%AF,live_page,0.284,,"live_html, live_html",اجرا نشد (شاهد مستقیم کافی بود),صفحه‌ها یا نتایج جست‌وجو با عنوان/اطلاعات منبع تطبیق محتوایی کافی نداشتند.
S646,,رد,ارزیابی ریسک‌های پدافند غیرعامل و قابلیت اطمینان خطوط لوله طویل انتقال آب نمک‌زدایی‌شده دریای عمان به استان اصفهان,,دانشگاه تهران / دانشکده مهندسی عمران,https://ganj.irandoc.ac.ir/dashboard?q=oman+sea+isfahan+passive+defense&id=1078912,,,,,"network_error, network_error",search_error,لینک‌های ارائه‌شده در دسترس نبودند و منبع هم‌عنوان مستقلی پیدا نشد.
S647,,رد,تحلیل فنی-اقتصادی جایگزینی پساب تصفیه‌شده شهری و آب دریا با منابع آب زیرزمینی در صنایع بزرگ مستقر در دشت سگزی و لنجانات,,نشریه آب و فاضلاب (انجمن آب و فاضلاب ایران),https://www.wwjournal.ir/article_171290.html,,,,not_registered,"http_error, soft_404, http_error, empty",no_results,DOI ارائه‌شده در Crossref ثبت نشده و منبع هم‌عنوان مستقلی پیدا نشد.
S648,,رد,تحلیل راهبردی طرح‌های کلان نمک‌زدایی و انتقال آب دریا به فلات مرکزی؛ فرصت‌ها، تهدیدها و الزامات پایداری,,مرکز پژوهش‌های مجلس شورای اسلامی,https://rc.majlis.ir/fa/report/show/1728910,,,,,"challenge, http_error, challenge",search_error,صفحه‌ها یا نتایج جست‌وجو با عنوان/اطلاعات منبع تطبیق محتوایی کافی نداشتند.
S649,,رد,نصب پمپ‌های فشارقوی در ایستگاه‌های آب‌رسانی فاز نخست پروژه خط دریای عمان به اصفهان,راهنمای نصب و دمونتاژ پمپ‌های فشارقوی,خبرگزاری ایمنا,https://www.imna.ir/news/749120/,https://www.abravanpump.com/blog/installation-dismantling-wkl-pump/,search_index,0.4449,,live_html,ok,صفحه‌ها یا نتایج جست‌وجو با عنوان/اطلاعات منبع تطبیق محتوایی کافی نداشتند.
S650,,رد,مصرف انرژی، انتشار کربن و ارزیابی فنی-اقتصادی نمک‌زدایی مقیاس کلان آب دریا برای انتقال به مرکز ایران,بررسی فنی، محیط‌زیستی و اقتصادی نمک‎زدایی آب شور و تحلیل شرایط برای ایران,Elsevier / Desalination,https://www.sciencedirect.com/science/article/pii/S001191642300482X,https://www.jwwse.ir/article_177224.html,search_index,0.5029,registered,"empty, http_error, http_error",ok,لینک‌های ارائه‌شده در دسترس نبودند و منبع هم‌عنوان مستقلی پیدا نشد.
S651,,رد,عملیات لوله‌گذاری در محور یزد-نایین-اصفهان؛ پیشرفت فاز نخست انتقال آب برای واحدهای فولاد مبارکه و ذوب‌آهن,,خبرگزاری فارس,https://www.farsnews.ir/isfahan/news/14030117000214/,,,,,"http_error, empty",search_error,لینک‌های ارائه‌شده در دسترس نبودند و منبع هم‌عنوان مستقلی پیدا نشد.
S652,,رد,شبیه‌سازی اثرات توقف برداشت صنعتی از حوضه زاینده‌رود پس از اتصال به آب شیرین‌سازی‌شده دریا بر رژیم جریان زیست‌محیطی رودخانه,شبیه سازی اثرات هیدرولوژیکی مدیریت منابع آب در حوزه زاینده ...,فصلنامه تحقیقات مهندسی آب (دانشگاه تبریز),https://water.tabrizu.ac.ir/article_17490.html,https://civilica.com/doc/143735/,search_index,0.4267,not_registered,"http_error, network_error, challenge, network_error",ok,DOI ارائه‌شده در Crossref ثبت نشده و منبع هم‌عنوان مستقلی پیدا نشد.
S653,,رد,بررسی الزامات رگولاتوری بازار آب صنعتی و انتقال بازتخصیص آب دریا به حقابه‌داران قانونی کشاورزی اصفهان,,اندیشکده حکمرانی شریف / دانشگاه صنعتی شریف,https://sharifgovernance.ir/reports/industrial-water-market-isfahan-1403,,,,,"network_error, challenge, network_error",no_results,صفحه‌ها یا نتایج جست‌وجو با عنوان/اطلاعات منبع تطبیق محتوایی کافی نداشتند.
S654,,رد,تست هیدرواستاتیک قطعه نایین-اصفهان و پمپاژ آزمایشی آب نمک‌زدایی‌شده دریای عمان به مخازن تعادلی شرق اصفهان در تیرماه ۱۴۰۵,,خبرگزاری جمهوری اسلامی (ایرنا),https://www.irna.ir/news/85549012/,,,,,"challenge, challenge",no_results,صفحه‌ها یا نتایج جست‌وجو با عنوان/اطلاعات منبع تطبیق محتوایی کافی نداشتند.
S655,,رد,قطع دائمی اولین انشعاب صنعتی برداشت مستقیم از زاینده‌رود و جایگزینی کامل با آب شیرین‌سازی‌شده دریا در مرداد ۱۴۰۵,,خبرگزاری مهر,https://www.mehrnews.com/news/6182901/,,,,,"http_error, live_html",اجرا نشد (شاهد مستقیم کافی بود),صفحه‌ها یا نتایج جست‌وجو با عنوان/اطلاعات منبع تطبیق محتوایی کافی نداشتند.
S656,,رد,تحلیل اگزرژی و ردپای کربن زنجیره نمک‌زدایی غشایی سیریک و خط پمپاژ آب دریای عمان به فلات مرکزی ایران در سال ۲۰۲۶,,Desalination and Water Treatment / Elsevier,https://doi.org/10.1016/j.dwt.2026.100412,,,,not_registered,"http_error, http_error",search_error,DOI ارائه‌شده در Crossref ثبت نشده و منبع هم‌عنوان مستقلی پیدا نشد.
S657,,رد,تعرفه تمام‌شده آب انتقالی دریای عمان و اثرات آن بر بهره‌وری زنجیره فولاد و سیمان اصفهان در بودجه ۱۴۰۵,72 نفر به ظن ارتباط با داعش بازداشت شدند,روزنامه دنیای اقتصاد,https://donya-e-eqtesad.com/fa/tiny/news-4089201,https://donya-e-eqtesad.com/%D8%A8%D8%AE%D8%B4-%D8%B3%D8%A7%DB%8C%D8%AA-%D8%AE%D9%88%D8%A7%D9%86-62/4089201-%D9%86%D9%81%D8%B1-%D8%A8%D9%87-%D8%B8%D9%86-%D8%A7%D8%B1%D8%AA%D8%A8%D8%A7%D8%B7-%D8%A8%D8%A7-%D8%AF%D8%A7%D8%B9%D8%B4-%D8%A8%D8%A7%D8%B2%D8%AF%D8%A7%D8%B4%D8%AA-%D8%B4%D8%AF%D9%86%D8%AF,live_page,0.227,,"live_html, http_error",search_error,صفحه‌ها یا نتایج جست‌وجو با عنوان/اطلاعات منبع تطبیق محتوایی کافی نداشتند.
S658,,رد,تصویب طرح بازتخصیص پساب تصفیه‌شده و پس‌زدگی آب دریا برای تغذیه مصنوعی سفره‌های آب زیرزمینی دشت برخوار در تیر ۱۴۰۵,,پرتال استانداری اصفهان,https://ostan-es.ir/news/water-borkhar-recharge-1405/,,,,,"http_error, challenge, http_error",no_results,صفحه‌ها یا نتایج جست‌وجو با عنوان/اطلاعات منبع تطبیق محتوایی کافی نداشتند.
S659,,رد,ابلاغیه الزام صنایع سنگین، فولادی و معدنی استان‌های اصفهان و یزد به انعقاد قرارداد و برداشت سهمیه آب نمک‌زدایی‌شده دریای عمان از تابستان ۱۴۰۵,مشخص شدن رقبای حسن یزدانی در مجارستان,خبرگزاری کار ایران (ایلنا),https://www.ilna.ir/fa/tiny/news-1490218,https://www.ilna.ir/%D8%A8%D8%AE%D8%B4-%D9%88%D8%B1%D8%B2%D8%B4%DB%8C-7/1490218-%D9%85%D8%B4%D8%AE%D8%B5-%D8%B4%D8%AF%D9%86-%D8%B1%D9%82%D8%A8%D8%A7%DB%8C-%D8%AD%D8%B3%D9%86-%DB%8C%D8%B2%D8%AF%D8%A7%D9%86%DB%8C-%D8%AF%D8%B1-%D9%85%D8%AC%D8%A7%D8%B1%D8%B3%D8%AA%D8%A7%D9%86,live_page,0.1808,,live_html,search_error,صفحه‌ها یا نتایج جست‌وجو با عنوان/اطلاعات منبع تطبیق محتوایی کافی نداشتند.
S660,,رد,رأی قطعی شعبه اول دیوان عدالت اداری مبنی بر ابطال مصوبه کارگروه سازگاری با کم‌آبی پیرامون سد ماندگان در مرداد ۱۴۰۵,,پایگاه ملی قوانین و مقررات / دادگستری کل کشور,https://divan-edalat.ir/judgments/1405-mandegan-verdict/,,,,,"http_error, http_error, http_error",no_results,لینک‌های ارائه‌شده در دسترس نبودند و منبع هم‌عنوان مستقلی پیدا نشد.
S661,,رد,ارزیابی چندمعیاره اثرات بوم‌شناختی و هیدروپلیتیکی انحراف سرشاخه‌های ماربر (سد ماندگان) بر جریان زیست‌محیطی حوضه خرسان و کارون بزرگ در سال ۲۰۲۶,,Journal of Environmental Management / Elsevier,https://doi.org/10.1016/j.jenvman.2026.119854,,,,not_registered,"http_error, http_error",search_error,DOI ارائه‌شده در Crossref ثبت نشده و منبع هم‌عنوان مستقلی پیدا نشد.
S662,,رد,دستور دادستان عمومی و انقلاب سمیرم مبنی بر پلمپ و توقف کامل تجهیز کارگاه سد ماندگان پیرامون ذخیره‌گاه زیست‌کره دنا در خرداد ۱۴۰۵,عدم دسترسی به انواع شیرخشک وجود ندارد,خبرگزاری ایلنا (ایلنا اصفهان و زاگرس),https://www.ilna.ir/fa/tiny/news-1488102,https://www.ilna.ir/%D8%A8%D8%AE%D8%B4-%D8%A7%D8%AC%D8%AA%D9%85%D8%A7%D8%B9%DB%8C-5/1488102-%D8%B9%D8%AF%D9%85-%D8%AF%D8%B3%D8%AA%D8%B1%D8%B3%DB%8C-%D8%A8%D9%87-%D8%A7%D9%86%D9%88%D8%A7%D8%B9-%D8%B4%DB%8C%D8%B1%D8%AE%D8%B4%DA%A9-%D9%88%D8%AC%D9%88%D8%AF-%D9%86%D8%AF%D8%A7%D8%B1%D8%AF,live_page,0.2424,,live_html,search_error,صفحه‌ها یا نتایج جست‌وجو با عنوان/اطلاعات منبع تطبیق محتوایی کافی نداشتند.
S663,,رد,گزارش کارشناسی مرکز پژوهش‌های مجلس درباره ارزیابی گزینه‌های جایگزین سد ماندگان برای تأمین آب شرب پایدار استان اصفهان در تیر ۱۴۰۵,گزارش های کارشناسی مرکز پژوهش های مجلس شورای اسلامی,مرکز پژوهش‌های مجلس شورای اسلامی,https://rc.majlis.ir/fa/report/show/18920418,https://sid.ir/journal/39878/fa,search_index,0.5067,,"challenge, http_error, challenge",ok,صفحه‌ها یا نتایج جست‌وجو با عنوان/اطلاعات منبع تطبیق محتوایی کافی نداشتند.
S664,,رد,ارزیابی پیامدهای بوم‌شناختی انحراف آب سرشاخه‌های ماربر بر یکپارچگی زیستگاه‌های حفاظت‌شده دنا با مدل‌سازی زنجیره اکوهیدرولوژیک در بهار ۱۴۰۵,,نشریه اکوهیدرولوژی (دانشگاه تهران),https://ecohyd.ut.ac.ir/article_98450.html,,,,not_registered,"http_error, network_error, challenge, network_error",no_results,DOI ارائه‌شده در Crossref ثبت نشده و منبع هم‌عنوان مستقلی پیدا نشد.
S665,,رد,تذکر کتبی مجمع نمایندگان کهگیلویه و بویراحمد به وزیر نیرو پیرامون توقف فوری عملیات اجرایی سد ماندگان در محدوده پادنا و دنا در تیر ۱۴۰۵,,خبرگزاری تسنیم,https://www.tasnimnews.com/fa/news/1405/04/05/3105481/,,,,,"network_error, challenge",no_results,صفحه‌ها یا نتایج جست‌وجو با عنوان/اطلاعات منبع تطبیق محتوایی کافی نداشتند.
S666,,رد,بیانیه رسمی پژوهشکده باستان‌شناسی کشور پیرامون غرقاب شدن ۲۶ محوطه عصر مفرغ و ایلامی در حوضه آبگیری سد خرسان ۳ در اردیبهشت ۱۴۰۵,,پژوهشگاه میراث فرهنگی و گردشگری کشور,https://richt.ir/news/khersan3-archaeological-warning-1405/,,,,,"network_error, http_error, network_error",no_results,لینک‌های ارائه‌شده در دسترس نبودند و منبع هم‌عنوان مستقلی پیدا نشد.
S667,,رد,تحلیل هیدروپلیتیک جابجایی اجباری جوامع محلی زاگرس جنوبی و ناپایداری معیشت ناشی از ساخت ابرپروژه سد خرسان ۳ در سال ۲۰۲۶,,فصلنامه مطالعات هیدروپلیتیک و جغرافیای سیاسی (دانشگاه علامه طباطبائی),https://qjhp.atu.ac.ir/article_18210.html,,,,not_registered,"http_error, http_error, challenge, http_error",no_results,DOI ارائه‌شده در Crossref ثبت نشده و منبع هم‌عنوان مستقلی پیدا نشد.
S668,,رد,گزارش کمیسیون اصل ۹۰ مجلس پیرامون تخلفات اداری در توقف فاینانس خارجی سد خرسان ۳ و بازنگری در خطوط انتقال وابسته در تیر ۱۴۰۵,رسیدگی کمیسیون اصل ۹۰ مجلس به گزارش تخلفات انتخاباتی,خبرگزاری خانه ملت,https://www.icana.ir/Fa/News/512940/,https://www.alef.ir/news/4000328101.html,search_index,0.4917,,"http_error, live_html",ok,صفحه‌ها یا نتایج جست‌وجو با عنوان/اطلاعات منبع تطبیق محتوایی کافی نداشتند.
S669,,رد,شبیه‌سازی اثر آبگیری سد خرسان ۳ بر تراز شوری و هیدرودینامیک رسوب در مخزن سد کارون ۳ و کارون ۴ با مدل Delft3D در سال ۲۰۲۶,,Water Resources Management / Springer,https://doi.org/10.1007/s11269-026-03891-2,,,,not_registered,"http_error, http_error",no_results,DOI ارائه‌شده در Crossref ثبت نشده و منبع هم‌عنوان مستقلی پیدا نشد.
S670,,رد,ابلاغیه رسمی سازمان حفاظت محیط زیست به شرکت مدیریت منابع آب ایران مبنی بر عدم تأیید گزارش بازنگری ارزیابی زیست‌محیطی سد ماندگان در تیر ۱۴۰۵,ابلاغیه سازمان حفاظت محیط زیست,خبرگزاری دانشجویان ایران (ایسنا),https://www.isna.ir/news/1405042216503/,https://www.scribd.com/document/862967898/%D8%A7%D8%A8%D9%84%D8%A7%D8%BA%DB%8C%D9%87-%D8%B3%D8%A7%D8%B2%D9%85%D8%A7%D9%86-%D8%AD%D9%81%D8%A7%D8%B8%D8%AA-%D9%85%D8%AD%DB%8C%D8%B7-%D8%B2%DB%8C%D8%B3%D8%AA,search_index,0.72,,"challenge, challenge",ok,صفحه‌ها یا نتایج جست‌وجو با عنوان/اطلاعات منبع تطبیق محتوایی کافی نداشتند.
S671,,رد,گزارش رسمی شرکت آب منطقه‌ای اصفهان از پمپاژ ۶۸ میلیون مترمکعب آب از حوضچه بیرگان به زاینده‌رود در بهار ۱۴۰۵,,روابط عمومی شرکت آب منطقه‌ای اصفهان,https://esrw.ir/news/kuhrang3-pumping-spring-1405/,,,,,"network_error, challenge, network_error",no_results,صفحه‌ها یا نتایج جست‌وجو با عنوان/اطلاعات منبع تطبیق محتوایی کافی نداشتند.
S672,,رد,بازدید میدانی وزیر نیرو از عملیات علاج‌بخشی و تزریق سیمان در درزه‌های گسلی تونل کوهرنگ ۳ در تیرماه ۱۴۰۵,,پایگاه اطلاع‌رسانی وزارت نیرو (پاون),https://moe.gov.ir/news/energy-minister-kuhrang3-visit-1405/,,,,,"network_error, challenge",search_error,صفحه‌ها یا نتایج جست‌وجو با عنوان/اطلاعات منبع تطبیق محتوایی کافی نداشتند.
S673,,رد,مدل‌سازی هیدروژئولوژیکی تخلیه کارستی و افت چشمه‌های طبیعی دشت بیرگان بر اثر حفاری عمیق تونل سوم کوهرنگ در سال ۲۰۲۶,,Hydrogeology Journal / Springer,https://doi.org/10.1007/s10040-026-02781-w,,,,not_registered,"http_error, http_error",no_results,DOI ارائه‌شده در Crossref ثبت نشده و منبع هم‌عنوان مستقلی پیدا نشد.
S674,,رد,تجمع اعتراضی نمایندگان نظام صنفی کشاورزی اصفهان و مطالبه آغاز آبگیری رسمی سد کوهرنگ ۳ در مرداد ۱۴۰۵,,خبرگزاری فارس اصفهان,https://www.farsnews.ir/isfahan/news/14050528000412/,,,,,"http_error, empty",search_error,لینک‌های ارائه‌شده در دسترس نبودند و منبع هم‌عنوان مستقلی پیدا نشد.
S675,,رد,بازدید نظارتی هیئت رئیسه کمیسیون انرژی مجلس از کارگاه سد کوهرنگ ۳ و بررسی تخصیص بودجه ۲.۵ هزار میلیارد تومانی تکمیل بدنه سد در سال ۱۴۰۵,,خبرگزاری خانه ملت (پایگاه خبری مجلس شورای اسلامی),https://www.icana.ir/Fa/News/512390/,,,,,"http_error, live_html",search_error,صفحه‌ها یا نتایج جست‌وجو با عنوان/اطلاعات منبع تطبیق محتوایی کافی نداشتند.
S676,,رد,استقرار کنتورهای هوشمند التراسونیک در مأخذ آبگیر طرح بن-بروجن و آغاز تبادل برخط داده‌ها با مرکز پایش زاینده‌رود در اردیبهشت ۱۴۰۵,,شرکت مدیریت منابع آب ایران,https://wrm.ir/news/ben-borujen-ultrasonic-monitoring-1405/,,,,,"http_error, http_error, http_error",search_error,لینک‌های ارائه‌شده در دسترس نبودند و منبع هم‌عنوان مستقلی پیدا نشد.
S677,,رد,گزارش هم‌میهن از تداوم مناقشه حقوقی حق‌آبه‌داران زاینده‌رود پیرامون مصرف آب طرح بن-بروجن در بخش صنعت در تیرماه ۱۴۰۵,اروپا برای تغییر آماده نیست,روزنامه هم‌میهن,https://hammihanonline.ir/fa/tiny/news-18920,https://hammihanonline.ir/%D8%A8%D8%AE%D8%B4-%D8%A8%DB%8C%D9%86-%D8%A7%D9%84%D9%85%D9%84%D9%84-20/18920-%D8%A7%D8%B1%D9%88%D9%BE%D8%A7-%D8%A8%D8%B1%D8%A7%DB%8C-%D8%AA%D8%BA%DB%8C%DB%8C%D8%B1-%D8%A2%D9%85%D8%A7%D8%AF%D9%87-%D9%86%DB%8C%D8%B3%D8%AA,live_page,0.2113,,live_html,no_results,صفحه‌ها یا نتایج جست‌وجو با عنوان/اطلاعات منبع تطبیق محتوایی کافی نداشتند.
S678,,رد,طراحی مدل جبران خسارت اقتصادی ناشی از کاهش آورد رودخانه در حوضه‌های آبریز مشترک؛ مطالعه موردی طرح بن-بروجن در سال ۲۰۲۶,,فصلنامه تحقیقات اقتصاد کشاورزی (دانشگاه آزاد اسلامی شیراز),https://jae.marvdasht.iau.ir/article_6190.html,,,,not_registered,"http_error, http_error, challenge, http_error",search_error,DOI ارائه‌شده در Crossref ثبت نشده و منبع هم‌عنوان مستقلی پیدا نشد.
S679,,رد,بهره‌برداری کامل از سامانه آبرسانی بن-بروجن با استقرار تجهیزات سنجش برخط دبی در تصفیه‌خانه گرداب و ایستگاه‌های چهارگانه پمپاژ در خرداد ۱۴۰۵,,خبرگزاری جمهوری اسلامی (ایرنا),https://www.irna.ir/news/85532109/,,,,,"challenge, challenge",no_results,صفحه‌ها یا نتایج جست‌وجو با عنوان/اطلاعات منبع تطبیق محتوایی کافی نداشتند.
S680,,رد,گزارش نهایی بازطراحی فنی خط انتقال لوله‌ای بهشت‌آباد با ظرفیت ۱۵۰ میلیون مترمکعب و حذف کامل سناریوی تونل بلند در مرداد ۱۴۰۵,طرح تحقیقاتی بررسی اثرات فنی، اقتصادی- اجتماعی و محیط زیستی ...,شرکت مهندسی آب و فاضلاب کشور / مهاب قدس,https://nww.ir/reports/beheshtabad-redesign-final-1405/,https://civilica.com/doc/1279258/,search_index,0.4263,,"http_error, http_error, http_error",ok,لینک‌های ارائه‌شده در دسترس نبودند و منبع هم‌عنوان مستقلی پیدا نشد.
S681,,رد,ارزیابی حکمروایی سازگار و بن‌بست‌های نهادی در اجرای پروژه‌های انتقال آب بین‌حوضه‌ای؛ درس‌آموخته‌های دو دهه مناقشه بهشت‌آباد در سال ۲۰۲۶,,Environmental Science & Policy / Elsevier,https://doi.org/10.1016/j.envsci.2026.103780,,,,not_registered,"http_error, http_error",search_error,DOI ارائه‌شده در Crossref ثبت نشده و منبع هم‌عنوان مستقلی پیدا نشد.
S682,,رد,بیانات وزیر نیرو در نشست مشترک استانداران زاگرس و فلات مرکزی پیرامون تشکیل صندوق ملی سازگاری و حق بیمه اکولوژیک زاگرس در شهریور ۱۴۰۵,اعلان جنگ ایلان ماسک با اپل و OpenAI,خبرگزاری ایلنا,https://www.ilna.ir/fa/tiny/news-1492305,https://www.ilna.ir/%D8%A8%D8%AE%D8%B4-%D8%B3%D8%A7%DB%8C%D8%B1-%D8%B1%D8%B3%D8%A7%D9%86%D9%87-%D9%87%D8%A7-10/1492305-%D8%A7%D8%B9%D9%84%D8%A7%D9%86-%D8%AC%D9%86%DA%AF-%D8%A7%DB%8C%D9%84%D8%A7%D9%86-%D9%85%D8%A7%D8%B3%DA%A9-%D8%A8%D8%A7-%D8%A7%D9%BE%D9%84,live_page,0.1409,,live_html,search_error,صفحه‌ها یا نتایج جست‌وجو با عنوان/اطلاعات منبع تطبیق محتوایی کافی نداشتند.
S683,,رد,موقف رسمی استانداری چهارمحال و بختیاری: هرگونه عملیات اجرایی خط لوله بهشت‌آباد بدون تضمین حق‌آبه‌های محلی و تعیین تکلیف خسارات ممنوع است در مرداد ۱۴۰۵,ببینید | تذکر جدی عضو شورای شهر تهران به زاکانی درباره یک قول فراموش‌شده به تهرانی‌ها! - خبرآنلاین,خبرآنلاین چهارمحال و بختیاری,https://www.khabaronline.ir/news/1944812/,https://www.khabaronline.ir/news/1944812/%D8%A8%D8%A8%DB%8C%D9%86%DB%8C%D8%AF-%D8%AA%D8%B0%DA%A9%D8%B1-%D8%AC%D8%AF%DB%8C-%D8%B9%D8%B6%D9%88-%D8%B4%D9%88%D8%B1%D8%A7%DB%8C-%D8%B4%D9%87%D8%B1-%D8%AA%D9%87%D8%B1%D8%A7%D9%86-%D8%A8%D9%87-%D8%B2%D8%A7%DA%A9%D8%A7%D9%86%DB%8C-%D8%AF%D8%B1%D8%A8%D8%A7%D8%B1%D9%87-%DB%8C%DA%A9-%D9%82%D9%88%D9%84,live_page,0.2397,,live_html,no_results,صفحه‌ها یا نتایج جست‌وجو با عنوان/اطلاعات منبع تطبیق محتوایی کافی نداشتند.
S684,,رد,اطلس مخاطرات ژئوتکنیکی، فرونشست و حفرات کارستی در امتداد کریدور پیشنهادی خط لوله بهشت‌آباد به فلات مرکزی (ویرایش ۱۴۰۵),,سازمان زمین‌شناسی و اکتشافات معدنی کشور,https://gsi.ir/fa/reports/beheshtabad-pipeline-geohazards-1405.html,,,,,"network_error, http_error, network_error",search_error,لینک‌های ارائه‌شده در دسترس نبودند و منبع هم‌عنوان مستقلی پیدا نشد.
S685,,رد,گزارش پایش کیفیت آب کارون در تابستان ۱۴۰۵؛ ثبت شوری ۴۵۰۰ میکروموس در مقطع دارخوین و پیشروی آب شور دریا در دهانه اروندرود,,دانشگاه شهید چمران اهواز (دانشکده مهندسی علوم آب),https://scu.ac.ir/reports/karun-salinity-darkhoveyn-summer-1405.html,,,,,"challenge, http_error, challenge",no_results,صفحه‌ها یا نتایج جست‌وجو با عنوان/اطلاعات منبع تطبیق محتوایی کافی نداشتند.
S686,,رد,شبیه‌سازی اثرات توامان طرح‌های انتقال آب و پساب‌های نیشکر بر فرسایش بادی و فعال‌سازی کانون‌های غبار در پایاب حوضه کارون و زاینده‌رود در سال ۲۰۲۶,,نشریه پژوهش‌های حفاظت آب و خاک (دانشگاه علوم کشاورزی و منابع طبیعی گرگان),https://jwsc.gau.ac.ir/article_19412.html,,,,not_registered,"http_error, soft_404, challenge, http_error",no_results,DOI ارائه‌شده در Crossref ثبت نشده و منبع هم‌عنوان مستقلی پیدا نشد.
S687,,رد,ارزیابی تغییرات شوری و دما ناشی از تخلیه پساب آب‌شیرین‌کن‌های مگاپروژه دریای عمان بر تنوع زیستی بنتیک در آب‌های ساحلی سیریک در اردیبهشت ۱۴۰۵,,مجله علمی شیلات ایران (مؤسسه تحقیقات علوم شیلاتی کشور),https://isfj.ir/article-1-3189-fa.html,,,,not_registered,"http_error, http_error, network_error, http_error",no_results,DOI ارائه‌شده در Crossref ثبت نشده و منبع هم‌عنوان مستقلی پیدا نشد.
S688,,رد,بولتن فصلی پایش شوری و آورد رودخانه کارون در بهار ۱۴۰۵؛ ثبت شوری ۴۱۰۰ میکروموس در ایستگاه مارد همزمان با کاهش دبی پایه,,سازمان آب و برق خوزستان (پرتال رسمی),https://kwpa.ir/reports/karun-salinity-bulletin-spring-1405.html,,,,,"network_error, http_error, network_error",search_error,لینک‌های ارائه‌شده در دسترس نبودند و منبع هم‌عنوان مستقلی پیدا نشد.
S689,,رد,واکاوی رژیم حقوقی حاکم بر تخصیص آب‌های مشترک بین‌استانی در پرتو مصوبه ۹ ماده‌ای شورای عالی آب و آرای دیوان عدالت اداری در تیر ۱۴۰۵,,فصلنامه مطالعات حقوق عمومی (دانشگاه تهران),https://jplsq.ut.ac.ir/article_89104.html,,,,not_registered,"http_error, soft_404, challenge, empty",search_error,DOI ارائه‌شده در Crossref ثبت نشده و منبع هم‌عنوان مستقلی پیدا نشد.
S690,,رد,تحلیل اقتصادی-مالی استفاده از آب انتقالی دریا در مجتمع‌های گلخانه‌ای مدرن حوضه زاینده‌رود با الگوی سوبسید تقاطعی صنعتی در تیر ۱۴۰۵,,نشریه اقتصاد و توسعه کشاورزی (دانشگاه فردوسی مشهد),https://ajed.um.ac.ir/article_46210.html,,,,not_registered,"http_error, network_error, challenge, network_error",no_results,DOI ارائه‌شده در Crossref ثبت نشده و منبع هم‌عنوان مستقلی پیدا نشد.
S691,,رد,تحلیل ژئوهیدرولوژیکی زون‌های گسلی و نشت کارستی در قطعه آب‌بندی‌شده تونل انتقال آب کوهرنگ ۳ با بهره‌گیری از ردیاب‌های ایزوتوپی در فروردین ۱۴۰۵,,نشریه علوم زمین خوارزمی (دانشگاه خوارزمی),https://jgs.khu.ac.ir/article-1-3984-fa.html,,,,not_registered,"http_error, http_error, challenge, http_error",search_error,DOI ارائه‌شده در Crossref ثبت نشده و منبع هم‌عنوان مستقلی پیدا نشد.
S692,,رد,به‌روزرسانی نقشه نرخ فرونشست دشت مهیار و کلان‌شهر اصفهان با داده‌های تداخل‌سنجی راداری سنتینل-۱ در فروردین ۱۴۰۵,,مرکز تحقیقات راه، مسکن و شهرسازی,https://bhrc.ac.ir/reports/isfahan-subsidence-insar-update-1405.html,,,,,"network_error, http_error, network_error",no_results,لینک‌های ارائه‌شده در دسترس نبودند و منبع هم‌عنوان مستقلی پیدا نشد.
S693,,رد,طراحی مکانیزم چانه‌زنی تعاملی بر پایه نظریه بازی‌ها برای تخصیص منصفانه منابع آب بین حوضه‌های زاینده‌رود و کارون در شرایط تغییر اقلیم در مرداد ۱۴۰۵,,نشریه مدیریت آب و آبیاری (پردیس ابوریحان دانشگاه تهران),https://jwim.ut.ac.ir/article_95321.html,,,,not_registered,"http_error, soft_404, challenge, empty",no_results,DOI ارائه‌شده در Crossref ثبت نشده و منبع هم‌عنوان مستقلی پیدا نشد.
S694,,رد,آسیب‌شناسی حکمرانی آب و پیامدهای توسعه‌نیافتگی طرح‌های انتقال آب بین‌حوضه‌ای کارون و زاینده‌رود؛ تحلیل مناقشات چهار استان زاگرس و فلات مرکزی,,مرکز پژوهش‌های مجلس شورای اسلامی,https://rc.majlis.ir/fa/report/show/1789421,,,,,"challenge, http_error, challenge",search_error,صفحه‌ها یا نتایج جست‌وجو با عنوان/اطلاعات منبع تطبیق محتوایی کافی نداشتند.
S695,,رد,ارزیابی فنی، اقتصادی و اثرات محیط زیستی سناریوهای بازطراحی سامانه انتقال آب بهشت‌آباد با رویکرد پایداری حوضه کارون,,مرکز پژوهش‌های مجلس شورای اسلامی,https://rc.majlis.ir/fa/report/show/1842019,,,,,"challenge, http_error, challenge",search_error,صفحه‌ها یا نتایج جست‌وجو با عنوان/اطلاعات منبع تطبیق محتوایی کافی نداشتند.
S696,,رد,گزارش حسابرسی زیست‌محیطی و تفریغ بودجه طرح‌های تملک دارایی سرمایه‌ای سد و تونل سوم کوهرنگ در دیوان محاسبات کشور,,دیوان محاسبات کشور,https://dmk.ir/reports/kuhrang3-audit-summary-1402/,,,,,"http_error, challenge, http_error",search_error,صفحه‌ها یا نتایج جست‌وجو با عنوان/اطلاعات منبع تطبیق محتوایی کافی نداشتند.
S697,,رد,بررسی ابعاد فنی، اجتماعی و محیط زیستی ابرپروژه سد خرسان ۳ بر سکونتگاه‌های بومی کهگیلویه و بویراحمد و امنیت آبی حوضه کارون,,مرکز پژوهش‌های مجلس شورای اسلامی,https://rc.majlis.ir/fa/report/show/1865910,,,,,"challenge, http_error, challenge",no_results,صفحه‌ها یا نتایج جست‌وجو با عنوان/اطلاعات منبع تطبیق محتوایی کافی نداشتند.
S698,,رد,بررسی حقوقی و هیدرولوژیکی طرح انتقال آب بن-بروجن در چارچوب مصوبات شورای عالی آب و حقوق حق‌آبه‌داران حوضه زاینده‌رود,,مرکز پژوهش‌های مجلس شورای اسلامی,https://rc.majlis.ir/fa/report/show/1812040,,,,,"challenge, http_error, challenge",no_results,صفحه‌ها یا نتایج جست‌وجو با عنوان/اطلاعات منبع تطبیق محتوایی کافی نداشتند.
S699,,رد,تحلیل کارشناسی طرح سد ماندگان بر رودخانه ماربر در دامنه‌های دنا و عدم انطباق با ضوابط ثبت جهانی ذخیره‌گاه زیست‌کره یونسکو,,مرکز پژوهش‌های مجلس شورای اسلامی,https://rc.majlis.ir/fa/report/show/1910245,,,,,"challenge, http_error, challenge",search_error,صفحه‌ها یا نتایج جست‌وجو با عنوان/اطلاعات منبع تطبیق محتوایی کافی نداشتند.
S700,,رد,گزارش کمیسیون کشاورزی، آب و منابع طبیعی مجلس پیرامون ارزیابی بیلان آب و حق‌آبه‌های کشاورزی استان‌های خوزستان، چهارمحال و بختیاری و اصفهان در سرشاخه‌های کارون,گزارش کمیسیون کشاورزی درباره عملکرد وزارت جهاد کشاورزی در ...,مجلس شورای اسلامی (کمیسیون کشاورزی، آب و منابع طبیعی),https://www.icana.ir/Fa/News/498120/,https://www.mizanonline.ir/fa/news/4825202/%DA%AF%D8%B2%D8%A7%D8%B1%D8%B4-%DA%A9%D9%85%DB%8C%D8%B3%DB%8C%D9%88%D9%86-%DA%A9%D8%B4%D8%A7%D9%88%D8%B1%D8%B2%DB%8C-%D8%AF%D8%B1%D8%A8%D8%A7%D8%B1%D9%87-%D8%B9%D9%85%D9%84%DA%A9%D8%B1%D8%AF-%D9%88%D8%B2%D8%A7%D8%B1%D8%AA-%D8%AC%D9%87%D8%A7%D8%AF-%DA%A9%D8%B4%D8%A7%D9%88%D8%B1%D8%B2%DB%8C-%D8%AF%D8%B1-%D8%B1%D8%A7%D8%B3%D8%AA%D8%A7%DB%8C-%D8%AA%D9%86%D8%B8%DB%8C%D9%85-%D8%A8%D8%A7%D8%B2%D8%A7%D8%B1%D8%B6%D8%B1%D9%88%D8%B1%D8%AA-%D8%AA%D8%B3%D8%B1%DB%8C%D8%B9-%D8%B1%D9%88%D9%86%D8%AF-%D8%A7%D8%AC%D8%B1%D8%A7%DB%8C-%D9%82%D8%A7%D9%86%D9%88%D9%86-%D8%A7%D9%81%D8%B2%D8%A7%DB%8C%D8%B4-%D8%A8%D9%87%D8%B1%D9%87%E2%80%8C%D9%88%D8%B1%DB%8C-%D8%A8%D8%AE%D8%B4-%DA%A9%D8%B4%D8%A7%D9%88%D8%B1%D8%B2%DB%8C,search_index,0.5158,,"http_error, challenge",ok,صفحه‌ها یا نتایج جست‌وجو با عنوان/اطلاعات منبع تطبیق محتوایی کافی نداشتند.
S701,,رد,گزارش تفریغ تبصره‌های ماده واحده قوانین بودجه در تخصیص اعتبارات طرح‌های آبرسانی بین‌حوضه‌ای فلات مرکزی در دیوان محاسبات کشور,,دیوان محاسبات کشور,https://dmk.ir/reports/water-infrastructure-outturn-1403/,,,,,"http_error, challenge, http_error",search_error,صفحه‌ها یا نتایج جست‌وجو با عنوان/اطلاعات منبع تطبیق محتوایی کافی نداشتند.
S702,,رد,ارزیابی اثرات تجمعی پروژه‌های انتقال آب بالادست کارون بر تشدید پیشروی شوری در دهانه اروندرود و کانال‌های آبیاری آبادان و خرمشهر,,نشریه علوم آب و خاک (دانشگاه شهید چمران اهواز),https://sws.scu.ac.ir/article_17842.html,,,,not_registered,"http_error, network_error, challenge, network_error",search_error,DOI ارائه‌شده در Crossref ثبت نشده و منبع هم‌عنوان مستقلی پیدا نشد.
S703,,رد,گزارش جامع مطالعات بیلان هیدرولوژیک و آسیب‌شناسی اثرات انتقال آب بین‌حوضه‌ای بر آورد سالانه و راندمان نیروگاه‌های برق‌آبی حوضه کارون بزرگ,,سازمان آب و برق خوزستان (KWPA),https://kwpa.ir/studies/karun-water-balance-impact-1402.html,,,,,"network_error, http_error, network_error",no_results,لینک‌های ارائه‌شده در دسترس نبودند و منبع هم‌عنوان مستقلی پیدا نشد.
S704,,رد,شبیه‌سازی هیدروپلیتیک تعارضات منابع آب مشترک میان استان‌های خوزستان، چهارمحال و بختیاری و اصفهان با استفاده از رویکرد تحلیل عاملی و پویایی سیستم‌ها,,مجله مهندسی منابع آب (دانشگاه آزاد اسلامی مرودشت / شهید چمران),https://jwe.marvdasht.iau.ir/article_5981.html,,,,not_registered,"http_error, network_error, challenge, network_error",search_error,DOI ارائه‌شده در Crossref ثبت نشده و منبع هم‌عنوان مستقلی پیدا نشد.
S705,,رد,ارزیابی اثرات زیست‌محیطی مهار آب سرشاخه‌های دز و کارون بر فعال‌سازی کانون‌های داخلی گرد و غبار در استان خوزستان,,نشریه پژوهش‌های ژئومورفولوژی کمّی (انجمن ژئومورفولوژی ایران / دانشگاه چمران),https://geomorphologyjournal.ir/article-1-1824-fa.html,,,,not_registered,"http_error, http_error, challenge, http_error",search_error,DOI ارائه‌شده در Crossref ثبت نشده و منبع هم‌عنوان مستقلی پیدا نشد.
S706,,رد,مطالعه ژئوترمال و کیفیت هیدروشیمیایی آب کارون پس از احداث سد گتوند و برهم‌کنش آن با طرح‌های انتقال آب از سرشاخه‌های شیرین,,نشریه مهندسی هیدرولیک و محیط زیست (دانشگاه شهید چمران اهواز),https://jhe.scu.ac.ir/article_18451.html,,,,not_registered,"http_error, network_error, challenge, network_error",no_results,DOI ارائه‌شده در Crossref ثبت نشده و منبع هم‌عنوان مستقلی پیدا نشد.
S707,,رد,ارزیابی راهبردی اثرات توسعه کشت نیشکر در خوزستان در تعامل با کسری آب انتقالی سرشاخه‌ها به فلات مرکزی,,فصلنامه اقتصاد کشاورزی و توسعه (مؤسسه پژوهش‌های برنامه‌ریزی کشاورزی),https://aed.agri-peri.ac.ir/article_162104.html,,,,not_registered,"http_error, network_error, http_error, network_error",no_results,DOI ارائه‌شده در Crossref ثبت نشده و منبع هم‌عنوان مستقلی پیدا نشد.
S708,,رد,تحلیل اکولوژیک رژیم جریان زیست‌محیطی تالاب بین‌المللی شادگان با روش‌های تنانت، تسمن و اکوهیدرولیک دوبعدی در شرایط انتقال آب کارون,,مجله علوم زیست‌محیطی و مهندسی آب (دانشگاه خوزستان / دانشگاه چمران),https://jwee.scu.ac.ir/article_19012.html,,,,not_registered,"http_error, network_error, challenge, network_error",no_results,DOI ارائه‌شده در Crossref ثبت نشده و منبع هم‌عنوان مستقلی پیدا نشد.
S709,,رد,بیانیه مشترک اساتید دانشکده علوم آب دانشگاه شهید چمران اهواز به شورای عالی آب پیرامون خطرات جبران‌ناپذیر آغاز خطوط انتقال آب جدید از کارون به فلات مرکزی,دانشکده کشاورزی و علوم آب دانشگاه شهید چمران اهواز | Facebook,دانشگاه شهید چمران اهواز (پرتال رسمی دانشگاه),https://scu.ac.ir/statements/water-sciences-declaration-karun-1401/,https://www.facebook.com/groups/SCU.AgriculturalCollege/,search_index,0.5446,,"challenge, challenge, challenge",ok,صفحه‌ها یا نتایج جست‌وجو با عنوان/اطلاعات منبع تطبیق محتوایی کافی نداشتند.
S710,,رد,تحلیل هیدروژئولوژیکی اثرات حفاری تونل انتقال آب کوهرنگ ۳ بر افت سطح ایستابی و ایجاد فروچاله‌ها در دشت شهرکرد و حوضه بیرگان,,نشریه پژوهش‌های کارست (دانشگاه شهرکرد / دانشگاه شیراز),https://jkr.sku.ac.ir/article_14201.html,,,,not_registered,"http_error, network_error, challenge, network_error",search_error,DOI ارائه‌شده در Crossref ثبت نشده و منبع هم‌عنوان مستقلی پیدا نشد.
S711,,رد,گزارش وضعیت بیلان آبخوان‌های ممنوعه و فوق‌بحرانی استان چهارمحال و بختیاری در ارتباط با طرح‌های انتقال آب بین‌حوضه‌ای,,شرکت آب منطقه‌ای چهارمحال و بختیاری,https://cbrw.ir/reports/groundwater-balance-critical-plains-1402.html,,,,,"http_error, challenge, http_error",search_error,صفحه‌ها یا نتایج جست‌وجو با عنوان/اطلاعات منبع تطبیق محتوایی کافی نداشتند.
S712,,رد,آسیب‌پذیری اقتصادی-اجتماعی معیشت جوامع عشایری بختیاری در اثر اجرای پروژه‌های سدسازی و انتقال آب در حوضه سرشاخه‌های کارون,,فصلنامه روستا و توسعه (مؤسسه پژوهش‌های برنامه‌ریزی کشاورزی / دانشگاه شهرکرد),https://rvd.agri-peri.ac.ir/article_174201.html,,,,not_registered,"http_error, network_error, challenge, network_error",search_error,DOI ارائه‌شده در Crossref ثبت نشده و منبع هم‌عنوان مستقلی پیدا نشد.
S713,,رد,شبیه‌سازی عددی بیلان آب و اثرات برداشت آب در طرح بن-بروجن بر جریان برگشتی حوضه زاینده‌رود با مدل WEAP,,نشریه حفاظت منابع آب و خاک (دانشگاه شهرکرد),https://jwsc.sku.ac.ir/article_13982.html,,,,not_registered,"http_error, network_error, challenge, network_error",no_results,DOI ارائه‌شده در Crossref ثبت نشده و منبع هم‌عنوان مستقلی پیدا نشد.
S714,,رد,مصوبه شورای برنامه‌ریزی و توسعه استان چهارمحال و بختیاری پیرامون اولویت مطلق تأمین آب شرب و ممنوعیت واگذاری هرگونه انشعاب صنعتی از طرح بن-بروجن,در شورای برنامه ریزی و توسعه چهارمحال و بختیاری چه گذشت؟,دبیرخانه شورای برنامه‌ریزی و توسعه استان چهارمحال و بختیاری,https://mporg-chb.ir/resolutions/ben-borujen-drinking-priority-1402/,https://www.khabaronline.ir/news/1763198/%D8%AF%D8%B1-%D8%B4%D9%88%D8%B1%D8%A7%DB%8C-%D8%A8%D8%B1%D9%86%D8%A7%D9%85%D9%87-%D8%B1%DB%8C%D8%B2%DB%8C-%D9%88-%D8%AA%D9%88%D8%B3%D8%B9%D9%87-%DA%86%D9%87%D8%A7%D8%B1%D9%85%D8%AD%D8%A7%D9%84-%D9%88-%D8%A8%D8%AE%D8%AA%DB%8C%D8%A7%D8%B1%DB%8C-%DA%86%D9%87-%DA%AF%D8%B0%D8%B4%D8%AA,search_index,0.6,,"network_error, challenge, network_error",ok,صفحه‌ها یا نتایج جست‌وجو با عنوان/اطلاعات منبع تطبیق محتوایی کافی نداشتند.
S715,,رد,ارزیابی پیامدهای محیط زیستی تغییر کاربری اراضی و افت تغذیه آبخوان در دشت اردل و تنگه بهشت‌آباد با تصاویر ماهواره‌ای لندست و سنتینل,,نشریه سنجش از دور و GIS در علوم محیطی (دانشگاه شهید بهشتی / دانشگاه شهرکرد),https://gisj.sbu.ac.ir/article_103412.html,,,,not_registered,"http_error, soft_404, challenge, empty",no_results,DOI ارائه‌شده در Crossref ثبت نشده و منبع هم‌عنوان مستقلی پیدا نشد.
S716,,رد,تحلیل هیدروپلیتیک منازعات آب در سرشاخه‌های کارون بر پایه چارچوب نظری تعارض منافع بالادست و پایین‌دست؛ رساله دکتری علوم سیاسی دانشگاه شهرکرد,,دانشگاه شهرکرد (دانشکده ادبیات و علوم انسانی),https://library.sku.ac.ir/thesis/show/18490/,,,,,"network_error, network_error",search_error,لینک‌های ارائه‌شده در دسترس نبودند و منبع هم‌عنوان مستقلی پیدا نشد.
S717,,رد,ارزیابی اکوهیدرولوژیکی پیامدهای سد انحرافی ماندگان بر رودخانه ماربر و یکپارچگی زیست‌بوم منطقه حفاظت‌شده و پارک ملی دنا,,نشریه محیط‌زیست طبیعی (دانشگاه تهران / دانشگاه یاسوج),https://jne.ut.ac.ir/article_97410.html,,,,not_registered,"http_error, soft_404, challenge, empty",no_results,DOI ارائه‌شده در Crossref ثبت نشده و منبع هم‌عنوان مستقلی پیدا نشد.
S718,,رد,هیدروژئولوژی و الگوی چرخش آب‌های زیرزمینی در سازندهای کارستی طاقدیس دنا و نقش چشمه‌های ماربر و بشار در تغذیه حوضه کارون,,نشریه علوم زمین (سازمان زمین‌شناسی / دانشگاه شیراز),https://esrj.gsi.ir/article_169820.html,,,,not_registered,"http_error, network_error, challenge, network_error",no_results,DOI ارائه‌شده در Crossref ثبت نشده و منبع هم‌عنوان مستقلی پیدا نشد.
S719,,رد,پیامدهای جامعه‌شناختی و ترومای فرهنگی ناشی از کوچ اجباری ۲۴ روستای دهستان سادات محمودی در پروژه سد خرسان ۳,,فصلنامه مطالعات جامعه‌شناختی (دانشگاه تهران / دانشگاه یاسوج),https://jsr.ut.ac.ir/article_95104.html,,,,not_registered,"http_error, soft_404, challenge, empty",no_results,DOI ارائه‌شده در Crossref ثبت نشده و منبع هم‌عنوان مستقلی پیدا نشد.
S720,,رد,گزارش فنی و حقوقی اداره کل حفاظت محیط زیست استان کهگیلویه و بویراحمد پیرامون عدم امکان صدور مجوز زیست‌محیطی برای سد ماندگان,نقض حکم محکومیت ۱۱۹ میلیاردی محیط‌زیست کهگیلویه و بویراحمد در یک پرونده ...,اداره کل حفاظت محیط زیست استان کهگیلویه و بویراحمد,https://kb.doe.ir/reports/mandegan-dam-rejection-1403/,https://www.irna.ir/news/86219197/%D9%86%D9%82%D8%B6-%D8%AD%DA%A9%D9%85-%D9%85%D8%AD%DA%A9%D9%88%D9%85%DB%8C%D8%AA-%DB%B1%DB%B1%DB%B9-%D9%85%DB%8C%D9%84%DB%8C%D8%A7%D8%B1%D8%AF%DB%8C-%D9%85%D8%AD%DB%8C%D8%B7-%D8%B2%DB%8C%D8%B3%D8%AA-%DA%A9%D9%87%DA%AF%DB%8C%D9%84%D9%88%DB%8C%D9%87-%D9%88-%D8%A8%D9%88%DB%8C%D8%B1%D8%A7%D8%AD%D9%85%D8%AF-%D8%AF%D8%B1,search_index,0.5311,,"network_error, http_error, network_error",ok,لینک‌های ارائه‌شده در دسترس نبودند و منبع هم‌عنوان مستقلی پیدا نشد.
S721,,رد,شبیه‌سازی غلظت و پخش آلاینده‌های نیتراته و فسفاته در امتداد حوضه رودخانه بشار و ماربر و اثرات کاهش دبی بر کیفیت آب شرب یاسوج,"The Effectiveness of Dialectical Behavior Therapy on Fear of Compassion, Emotion Efficacy, and Self-Concealment in Female Adolescents with Suicidal Ideation",مجله بهداشت و توسعه (دانشگاه علوم پزشکی کرمان / دانشگاه یاسوج),https://jhad.kmu.ac.ir/article_92810.html,https://jhad.kmu.ac.ir/article_92810.html,live_page,0.2071,not_registered,"http_error, live_html, challenge, http_error",search_error,DOI ارائه‌شده در Crossref ثبت نشده و منبع هم‌عنوان مستقلی پیدا نشد.
S722,,رد,پهنه بندی خطر لرزه‌زمین‌ساختی و تحلیل پایداری شیب‌های ساختگاه سد ماندگان در مجاورت گسل فعال دنا و زاگرس مرتفع,,نشریه مهندسی زمین و ژئوتکنیک (دانشگاه شیراز / دانشگاه فردوسی),https://jgt.um.ac.ir/article_45180.html,,,,lookup_error,"http_error, network_error, challenge, network_error",no_results,صفحه‌ها یا نتایج جست‌وجو با عنوان/اطلاعات منبع تطبیق محتوایی کافی نداشتند.
S723,,رد,ارزش‌گذاری اقتصادی خدمات بوم‌سازگان جنگل‌های بلوط کهگیلویه و بویراحمد در معرض تهدید طرح‌های خطوط لوله و پروژه‌های انتقال آب,,فصلنامه جنگل و فرآورده‌های چوب (دانشگاه تهران / دانشگاه یاسوج),https://jwfp.ut.ac.ir/article_94512.html,,,,not_registered,"http_error, network_error, challenge, network_error",no_results,DOI ارائه‌شده در Crossref ثبت نشده و منبع هم‌عنوان مستقلی پیدا نشد.
S724,,رد,سند راهبردی مدیریت جامع حوضه آبریز رودخانه‌های بشار و ماربر و تثبیت حق‌آبه‌های کشاورزی و صنعتی استان کهگیلویه و بویراحمد,,شرکت آب منطقه‌ای کهگیلویه و بویراحمد,https://kbrw.ir/strategy/beshar-marbar-masterplan-1402/,,,,,"http_error, challenge, http_error",no_results,صفحه‌ها یا نتایج جست‌وجو با عنوان/اطلاعات منبع تطبیق محتوایی کافی نداشتند.
S725,,رد,مدل‌سازی جامع هیدرولوژیکی حوضه آبریز زاینده‌رود با مدل WEAP؛ تحلیل سناریوهای کسری آب تحت فرضیات بهره‌برداری از تونل‌های کوهرنگ ۳ و بهشت‌آباد,,نشریه پژوهش‌های آب ایران (دانشگاه صنعتی اصفهان / دانشگاه شهرکرد),https://iwrj.sku.ac.ir/article_14520.html,,,,not_registered,"http_error, soft_404, challenge, empty",search_error,DOI ارائه‌شده در Crossref ثبت نشده و منبع هم‌عنوان مستقلی پیدا نشد.
S726,,رد,شبیه‌سازی سه‌بعدی اجزای محدود پدیده فرونشست زمین در دشت مهیار و شمال اصفهان بر اثر نوسانات پیزومتریک آبخوان و قطع جریان زاینده‌رود,,نشریه مهندسی عمران شریف (دانشگاه صنعتی شریف / صنعتی اصفهان),https://sjce.sharif.edu/article_23102.html,,,,not_registered,"http_error, network_error, challenge, network_error",no_results,DOI ارائه‌شده در Crossref ثبت نشده و منبع هم‌عنوان مستقلی پیدا نشد.
S727,,رد,ارزیابی اقتصادی-مالی بازتخصیص آب کشاورزی به صنعت و تحلیل هزینه‌های حاشیه‌ای پروژه‌های انتقال آب بین‌حوضه‌ای در استان اصفهان با مدل CGE,,فصلنامه پژوهش‌های اقتصادی ایران (دانشگاه علامه طباطبائی / دانشگاه اصفهان),https://ijer.atu.ac.ir/article_16840.html,,,,not_registered,"http_error, soft_404, challenge, empty",no_results,DOI ارائه‌شده در Crossref ثبت نشده و منبع هم‌عنوان مستقلی پیدا نشد.
S728,,رد,پایش سری زمانی تداخل‌سنجی راداری InSAR نرخ فرونشست تفاضلی در پیرامون بناهای تاریخی شاخص شهر اصفهان (میدان نقش جهان و پل‌های تاریخی),,نشریه علوم و فنون نقشه‌برداری (دانشگاه صنعتی خواجه نصیر / صنعتی اصفهان),https://gistech.kntu.ac.ir/article_162040.html,,,,not_registered,"http_error, network_error, challenge, network_error",no_results,DOI ارائه‌شده در Crossref ثبت نشده و منبع هم‌عنوان مستقلی پیدا نشد.
S729,,رد,واکاوی تطبیقی فقهی و حقوقی نظام سهمیه‌بندی آب در طومار شیخ بهایی و تعارض آن با قانون توزیع عادلانه آب و اختیارات حاکمیت در انتقال آب بین‌حوضه‌ای,,فصلنامه مطالعات حقوق اسلامی (دانشگاه اصفهان),https://jil.ui.ac.ir/article_27891.html,,,,not_registered,"http_error, network_error, challenge, network_error",no_results,DOI ارائه‌شده در Crossref ثبت نشده و منبع هم‌عنوان مستقلی پیدا نشد.
S730,,رد,محاسبه ردپای آب و تجارت آب مجازی در محصولات زراعی و صنعتی شاخص استان اصفهان و راهکارهای تعدیل واردات آب بین‌حوضه‌ای,,نشریه علوم آب و خاک (دانشگاه صنعتی اصفهان),https://jstnar.iut.ac.ir/article_14092.html,,,,not_registered,"http_error, http_error, challenge, http_error",search_error,DOI ارائه‌شده در Crossref ثبت نشده و منبع هم‌عنوان مستقلی پیدا نشد.
S731,,رد,تغییرات ژئومورفولوژیکی و تخریب اکولوژیک بستر رودخانه زاینده‌رود در اثر خشکیدگی‌های دوره‌ای و فرسایش خاک در حوضه پایاب,,نشریه پژوهش‌های جغرافیای طبیعی (دانشگاه تهران / دانشگاه اصفهان),https://jphgr.ut.ac.ir/article_95412.html,,,,not_registered,"http_error, soft_404, challenge, empty",no_results,DOI ارائه‌شده در Crossref ثبت نشده و منبع هم‌عنوان مستقلی پیدا نشد.
S732,,رد,ارزیابی محیط زیستی استراتژیک (SEA) پروژه‌های کلان انتقال آب بین‌حوضه‌ای در زاگرس مرکزی با رویکرد پایداری توسعه سرزمینی,,نشریه محیط زیست‌شناسی (دانشکده محیط زیست دانشگاه تهران),https://jes.ut.ac.ir/article_95812.html,,,,not_registered,"http_error, soft_404, challenge, empty",no_results,DOI ارائه‌شده در Crossref ثبت نشده و منبع هم‌عنوان مستقلی پیدا نشد.
S733,,رد,طراحی مدل حل تعارض و چانه‌زنی چندذی‌نفعی تخصیص آب میان استان‌های بالادست و پایاب حوضه کارون و زاینده‌رود بر مبنای نظریه بازی‌های همکارانه,,مجله تحقیقات منابع آب ایران (انجمن علوم و مهندسی منابع آب / دانشگاه تربیت مدرس),https://www.iwrr.ir/article_172040.html,,,,not_registered,"http_error, soft_404, challenge, empty",search_error,DOI ارائه‌شده در Crossref ثبت نشده و منبع هم‌عنوان مستقلی پیدا نشد.
S734,,رد,رژیم حقوقی آب‌های مشترک داخلی در قانون اساسی و حقوق اداری ایران؛ مطالعه صلاحیت‌های سرزمینی استانداری‌ها و وزارت نیرو در طرح‌های انتقال آب,قانون اساسی جمهوری اسلامی ایران — متن کامل و مواد قانونی,فصلنامه مطالعات حقوق عمومی (دانشکده حقوق دانشگاه تهران),https://jplsq.ut.ac.ir/article_87102.html,https://hoghogh.ai/laws/%D9%82%D8%A7%D9%86%D9%88%D9%86-%D8%A7%D8%B3%D8%A7%D8%B3%DB%8C-%D8%AC%D9%85%D9%87%D9%88%D8%B1%DB%8C-%D8%A7%D8%B3%D9%84%D8%A7%D9%85%DB%8C-%D8%A7%DB%8C%D8%B1%D8%A7%D9%86,search_index,0.3684,not_registered,"http_error, live_html, live_pdf",ok,DOI ارائه‌شده در Crossref ثبت نشده و منبع هم‌عنوان مستقلی پیدا نشد.
S735,,رد,شبیه‌سازی هیدرولوژیکی روان‌آب و فرسایش خاک در حوضه بالادست سد کارون ۴ و خرسان تحت سناریوهای تغییر اقلیم و اقدامات آبخیزداری با مدل SWAT,,نشریه مهندسی و مدیریت آبخیز (پژوهشکده حفاظت خاک و آبخیزداری / دانشگاه تربیت مدرس),https://jwme.areeo.ac.ir/article_129840.html,,,,not_registered,"http_error, network_error, challenge, network_error",no_results,DOI ارائه‌شده در Crossref ثبت نشده و منبع هم‌عنوان مستقلی پیدا نشد.
S736,,رد,تحلیل مقایسه‌ای هزینه-اثربخشی پروژه‌های انتقال آب بین‌حوضه‌ای در برابر ارتقای بهره‌وری فیزیکی و اقتصادی آب در شبکه آبیاری زاینده‌رود,مروری بر طرح‏‌های انتقال آب بین حوضه‌‏ای در جهان و تأثیر آن بر عوامل ...,نشریه آبیاری و زهکشی ایران (دانشگاه تهران / دانشگاه تربیت مدرس),https://ijoce.areeo.ac.ir/article_142010.html,https://jwsd.um.ac.ir/article_42969.html,search_index,0.4867,not_registered,"http_error, network_error, challenge, network_error",ok,DOI ارائه‌شده در Crossref ثبت نشده و منبع هم‌عنوان مستقلی پیدا نشد.
S737,,رد,تحلیل جامعه‌شناختی قطبی‌شدن هویت‌های قومی و محلی در مناقشات آب استان‌های اصفهان، چهارمحال و بختیاری و خوزستان؛ بررسی داده‌های پویش شبکه‌های اجتماعی,,فصلنامه نامه‌ علوم اجتماعی (دانشکده علوم اجتماعی دانشگاه تهران),https://nass.ut.ac.ir/article_93410.html,,,,not_registered,"http_error, network_error, challenge, network_error",no_results,DOI ارائه‌شده در Crossref ثبت نشده و منبع هم‌عنوان مستقلی پیدا نشد.
S738,,رد,اطلس جامع هیدرولوژیکی بیلان آب حوضه‌های آبریز درجه دو کارون بزرگ و فلات مرکزی (دوره آماری ۳۰ ساله)؛ مؤسسه تحقیقات آب وزارت نیرو,,مؤسسه تحقیقات آب وزارت نیرو (WRI),https://wri.ac.ir/atlas/karun-zayandehrud-hydrological-atlas-1402/,,,,,"http_error, challenge, network_error",search_error,صفحه‌ها یا نتایج جست‌وجو با عنوان/اطلاعات منبع تطبیق محتوایی کافی نداشتند.
S739,,رد,دستورالعمل ملی تعیین نیاز آبی زیست‌محیطی رودخانه‌ها و تالاب‌های کشور با تأکید بر حق‌آبه تالاب گاوخونی، هورالعظیم و شادگان؛ سازمان حفاظت محیط زیست,,سازمان حفاظت محیط زیست کشور,https://doe.ir/guidelines/wetland-environmental-flows-1402/,,,,,"network_error, challenge, network_error",no_results,صفحه‌ها یا نتایج جست‌وجو با عنوان/اطلاعات منبع تطبیق محتوایی کافی نداشتند.
S740,,رد,گزارش طرح گفتگوی ملی آب پیرامون حل تعارضات بین‌استانی انتقال آب در حوضه زاگرس و فلات مرکزی؛ مرکز بررسی‌های استراتژیک ریاست جمهوری,,مرکز بررسی‌های استراتژیک ریاست جمهوری (CSS),https://css.ir/reports/national-water-dialogue-1401/,,,,,"http_error, http_error, http_error",search_error,لینک‌های ارائه‌شده در دسترس نبودند و منبع هم‌عنوان مستقلی پیدا نشد.
S741,,رد,اطلس مهندسی حفرات کارستی، فرونشست زمین و خطرات زمین‌ساختی در گذرگاه‌های انتقال آب بین‌حوضه‌ای زاگرس به فلات مرکزی ایران,,سازمان زمین‌شناسی و اکتشافات معدنی کشور (GSI),https://gsi.ir/fa/reports/geohazards-water-corridors-atlas-1402.html,,,,,"network_error, http_error, network_error",search_error,لینک‌های ارائه‌شده در دسترس نبودند و منبع هم‌عنوان مستقلی پیدا نشد.
S742,,رد,بیانیه موضع گروه علوم مهندسی فرهنگستان علوم پیرامون توقف پروژه‌های انتقال آب بین‌حوضه‌ای پرمناقشه و لزوم بازمهندسی ساختار حکمرانی آب کشور,,فرهنگستان علوم جمهوری اسلامی ایران,https://ias.ac.ir/statements/water-governance-interbasin-transfer-1401/,,,,,"http_error, challenge, http_error",no_results,صفحه‌ها یا نتایج جست‌وجو با عنوان/اطلاعات منبع تطبیق محتوایی کافی نداشتند.
S743,,رد,مجموعه مصوبات و تفاسیر حقوقی شورای عالی آب پیرامون احیای حوضه زاینده‌رود و تثبیت تعهدات زیست‌محیطی حوضه کارون (جلسات ۱۰ تا ۲۵),,دبیرخانه شورای عالی آب (وزارت نیرو),https://moe.gov.ir/high-water-council/resolutions-compendium-1403/,,,,,"network_error, challenge, network_error",search_error,صفحه‌ها یا نتایج جست‌وجو با عنوان/اطلاعات منبع تطبیق محتوایی کافی نداشتند.
S744,,رد,ارزیابی هیدرولوژیکی و اقتصادی طرح انتقال آب چشمه لنگان و خدنگستان از سرشاخه‌های دز به حوضه زاینده‌رود و اثرات آن بر حق‌آبه‌های کشاورزی الیگودرز و خوزستان,,مرکز پژوهش‌های مجلس شورای اسلامی,https://rc.majlis.ir/fa/report/show/1835012,,,,,"challenge, http_error, challenge",no_results,صفحه‌ها یا نتایج جست‌وجو با عنوان/اطلاعات منبع تطبیق محتوایی کافی نداشتند.
S745,,رد,بررسی پیامدهای اقتصادی-اجتماعی انتقال آب ونک-سولگان از سرشاخه‌های کارون در چهارمحال و بختیاری و تحلیل دلایل توقف طرح,,مرکز پژوهش‌های مجلس شورای اسلامی,https://rc.majlis.ir/fa/report/show/1861045,,,,,"challenge, http_error, challenge",no_results,صفحه‌ها یا نتایج جست‌وجو با عنوان/اطلاعات منبع تطبیق محتوایی کافی نداشتند.
S746,,رد,نقد ساختار تخصیص منابع آب در احکام قانون برنامه هفتم پیشرفت کشور با تأکید بر بازتوزیع بین‌حوضه‌ای حوضه‌های کارون و زاینده‌رود,,مرکز پژوهش‌های مجلس شورای اسلامی,https://rc.majlis.ir/fa/report/show/1898120,,,,,"challenge, http_error, challenge",no_results,صفحه‌ها یا نتایج جست‌وجو با عنوان/اطلاعات منبع تطبیق محتوایی کافی نداشتند.
S747,,رد,بررسی عملکرد صندوق خسارت نکاشت کشاورزان حوضه زاینده‌رود و اعتبارات تملک اراضی سدهای سرشاخه زاگرس در قوانین بودجه سنواتی,,مرکز پژوهش‌های مجلس شورای اسلامی,https://rc.majlis.ir/fa/report/show/1874025,,,,,"challenge, http_error, challenge",search_error,صفحه‌ها یا نتایج جست‌وجو با عنوان/اطلاعات منبع تطبیق محتوایی کافی نداشتند.
S748,,رد,ارزیابی کارشناسی راهکارهای کاهش تلفات فیزیکی آب شرب و شبکه‌های توزیع در کلان‌شهرهای اصفهان، اهواز و شهرکرد به عنوان اولویت جایگزین پروژه‌های سازه‌ای انتقال آب,بررسی راهکارهای کاهش تلفات آب در شبکه های آبیاری دز,مرکز پژوهش‌های مجلس شورای اسلامی,https://rc.majlis.ir/fa/report/show/1891040,https://civilica.com/doc/111861,search_index,0.5973,,"challenge, http_error, challenge",ok,صفحه‌ها یا نتایج جست‌وجو با عنوان/اطلاعات منبع تطبیق محتوایی کافی نداشتند.
S749,,رد,آسیب‌شناسی حقوقی مصوبات کمیته تخصیص آب وزارت نیرو در خصوص خطوط انتقال آب صنعت به فلات مرکزی از منظر صلاحیت و حقوق مکتسبه حوضه مبدأ,,مرکز پژوهش‌های مجلس شورای اسلامی,https://rc.majlis.ir/fa/report/show/1839080,,,,,"challenge, http_error, challenge",search_error,صفحه‌ها یا نتایج جست‌وجو با عنوان/اطلاعات منبع تطبیق محتوایی کافی نداشتند.
S750,,رد,ارزیابی پدافند غیرعامل و آسیب‌پذیری زیرساخت‌های خطوط انتقال آب بین‌حوضه‌ای، ایستگاه‌های پمپاژ و مخازن استراتژیک در فلات مرکزی ایران,,مرکز پژوهش‌های مجلس شورای اسلامی,https://rc.majlis.ir/fa/report/show/1871020,,,,,"challenge, http_error, challenge",search_error,صفحه‌ها یا نتایج جست‌وجو با عنوان/اطلاعات منبع تطبیق محتوایی کافی نداشتند.
S751,,رد,سند بازنگری مدل ریاضی تخصیص بهینه منابع آب حوضه آبریز زاینده‌رود (MODSIM) در شرایط اضافه شدن خطوط انتقال اضطراری و تونل کوهرنگ ۳,,شرکت مدیریت منابع آب ایران (دفتر تخصیص آب),https://wrm.ir/reports/zayandehrud-modsim-update-1402/,,,,,"http_error, http_error, http_error",search_error,لینک‌های ارائه‌شده در دسترس نبودند و منبع هم‌عنوان مستقلی پیدا نشد.
S752,,رد,گزارش ملی تدوین حسابداری آب حوضه آبریز کارون بزرگ بر پایه چارچوب سیستم یکپارچه اقتصادی-محیط زیستی آب (SEEA-Water),,وزارت نیرو (دفتر برنامه‌ریزی کلان آب),https://moe.gov.ir/water-accounting/karun-seea-report-1402/,,,,,"network_error, challenge, network_error",no_results,صفحه‌ها یا نتایج جست‌وجو با عنوان/اطلاعات منبع تطبیق محتوایی کافی نداشتند.
S753,,رد,بیلان تخصیص آب‌های سطحی و زیرزمینی سد تنظیمی زاینده‌رود، سد چم‌آسمان و ایستگاه‌های پمپاژ مجاز و غیرمجاز بالادست تا سال ۱۴۰۳,,شرکت مدیریت منابع آب ایران,https://wrm.ir/reports/zayandehrud-upstream-pumping-audit-1403/,,,,,"http_error, http_error, http_error",search_error,لینک‌های ارائه‌شده در دسترس نبودند و منبع هم‌عنوان مستقلی پیدا نشد.
S754,,رد,پایش هیدروشیمیایی و سنجش فلزات سنگین در آب انتقالی تونل‌های کوهرنگ ۱، ۲ و چشمه لنگان به دریاچه سد زاینده‌رود,,مؤسسه تحقیقات آب وزارت نیرو (WRI),https://wri.ac.ir/reports/kuhrang-water-quality-monitoring-1402/,,,,,"http_error, http_error, http_error",no_results,لینک‌های ارائه‌شده در دسترس نبودند و منبع هم‌عنوان مستقلی پیدا نشد.
S755,,رد,گزارش فنی پایش عملکرد کنتورهای هوشمند حجمی الکترومغناطیسی بر روی ایستگاه‌های پمپاژ آب کشاورزی و صنعتی حوضه زاینده‌رود و کارون,,وزارت نیرو (معاونت آب و آبفا),https://moe.gov.ir/reports/smart-flowmeters-monitoring-1402/,,,,,"network_error, challenge, network_error",search_error,صفحه‌ها یا نتایج جست‌وجو با عنوان/اطلاعات منبع تطبیق محتوایی کافی نداشتند.
S756,,رد,دستورالعمل یکپارچه‌سازی مدیریت بهره‌برداری از سدهای مخزنی زنجیره‌ای کارون و دز در مواجهه با خشکسالی‌های متوالی اقلیمی,,شرکت مدیریت منابع آب ایران,https://wrm.ir/guidelines/cascade-dams-operation-karun-1402/,,,,,"http_error, challenge, http_error",search_error,صفحه‌ها یا نتایج جست‌وجو با عنوان/اطلاعات منبع تطبیق محتوایی کافی نداشتند.
S757,,رد,مدل‌سازی بارش-روان‌آب و پیش‌بینی جریانات ورودی به سد زاینده‌رود تحت سناریوهای تغییر اقلیم گزارش ششم IPCC با مدل HEC-HMS,,نشریه تحقیقات منابع آب ایران (مؤسسه تحقیقات آب / انجمن هیدرولیک),https://www.iwrr.ir/article_178940.html,,,,not_registered,"http_error, soft_404, http_error, empty",no_results,DOI ارائه‌شده در Crossref ثبت نشده و منبع هم‌عنوان مستقلی پیدا نشد.
S758,,رد,تحلیل ارزش اقتصادی آب کشاورزی و ارزیابی خسارات عدم‌النفع کشاورزان شرق اصفهان در خشکسالی‌های زاینده‌رود با مدل برنامه‌ریزی ریاضی مثبت (PMP),,مؤسسه پژوهش‌های برنامه‌ریزی اقتصادی و توسعه کشاورزی (جهاد کشاورزی),https://agri-peri.ac.ir/reports/eastern-isfahan-farmers-pmp-1402/,,,,,"http_error, http_error, http_error",no_results,لینک‌های ارائه‌شده در دسترس نبودند و منبع هم‌عنوان مستقلی پیدا نشد.
S759,,رد,ارزیابی اثربخشی الگوی کشت اصلاح‌شده و جایگزینی گیاهان کم‌آب‌بر و شورپسند (گلرنگ، سورگوم و کینوا) در حوضه زاینده‌رود,,نشریه به‌زراعی کشاورزی (پردیس ابوریحان دانشگاه تهران / سازمان تحقیقات کشاورزی),https://jaen.ut.ac.ir/article_95120.html,,,,not_registered,"http_error, network_error, challenge, network_error",no_results,DOI ارائه‌شده در Crossref ثبت نشده و منبع هم‌عنوان مستقلی پیدا نشد.
S760,,رد,اثرات افت کیفیت آب آبیاری و شوری کارون بر عملکرد خرمای استعمران و اقتصاد نخلستان‌های شادگان، آبادان و بهمنشیر,,مجله تولید و فرآوری محصولات زراعی و باغی (دانشگاه صنعتی اصفهان / مرکز تحقیقات خوزستان),https://jcpp.iut.ac.ir/article_14290.html,,,,not_registered,"http_error, http_error, challenge, http_error",no_results,DOI ارائه‌شده در Crossref ثبت نشده و منبع هم‌عنوان مستقلی پیدا نشد.
S761,,رد,مطالعه راندمان مصرف آب و اقتصاد تولید باغات بادام مامایی شهرستان سامان در حاشیه زاینده‌رود بالادست,,نشریه اقتصاد و توسعه کشاورزی (دانشگاه فردوسی مشهد / مرکز تحقیقات چهارمحال),https://ajed.um.ac.ir/article_45910.html,,,,not_registered,"http_error, network_error, challenge, network_error",no_results,DOI ارائه‌شده در Crossref ثبت نشده و منبع هم‌عنوان مستقلی پیدا نشد.
S762,,رد,گزارش ملی ارزیابی توسعه سامانه‌های آبیاری تحت فشار و کم‌فشار در چهار استان اصفهان، چهارمحال و بختیاری، خوزستان و کهگیلویه و بویراحمد,راهنمای ارزیابی عملکرد سامانه‌های انتقال و توزیع آبیاری تحت فشار و کم فشار,معاونت آب و خاک وزارت جهاد کشاورزی,https://maj.ir/reports/modern-irrigation-systems-assessment-1402/,https://www.waterstandard.wrm.ir/cs/WRMResearch/278/379,search_index,0.4902,,"http_error, challenge, http_error",ok,صفحه‌ها یا نتایج جست‌وجو با عنوان/اطلاعات منبع تطبیق محتوایی کافی نداشتند.
S763,,رد,بررسی اثرات احداث سدهای انحرافی و کاهش دبی پایه بر پایداری کشاورزی سنتی و باغات سیب منطقه پادنا و سمیرم,,نشریه اقتصاد و توسعه کشاورزی (دانشگاه صنعتی اصفهان / مرکز تحقیقات کهگیلویه),https://jae.iut.ac.ir/article_14412.html,,,,not_registered,"http_error, network_error, challenge, network_error",search_error,DOI ارائه‌شده در Crossref ثبت نشده و منبع هم‌عنوان مستقلی پیدا نشد.
S764,,رد,طراحی سازوکار بیمه ریسک درآمدی کشاورزان حق‌آبه‌دار در حوضه‌های رودخانه‌ای با رقابت فزاینده صنعتی؛ مطالعه موردی حوضه زاینده‌رود,,مؤسسه پژوهش‌های برنامه‌ریزی اقتصادی و توسعه کشاورزی (جهاد کشاورزی),https://agri-peri.ac.ir/reports/agricultural-revenue-insurance-1402/,,,,,"http_error, http_error, http_error",no_results,لینک‌های ارائه‌شده در دسترس نبودند و منبع هم‌عنوان مستقلی پیدا نشد.
S765,,رد,ارزیابی اثرات زیست‌محیطی (EIA) طرح سد ماندگان بر تنوع زیستی، زون‌بندی و اکوسیستم منطقه حفاظت‌شده و پارک ملی دنا,,سازمان حفاظت محیط زیست (دفتر ارزیابی زیست‌محیطی),https://doe.ir/reports/mandegan-dena-environmental-assessment-1403/,,,,,"network_error, challenge, network_error",no_results,صفحه‌ها یا نتایج جست‌وجو با عنوان/اطلاعات منبع تطبیق محتوایی کافی نداشتند.
S766,,رد,مدل‌سازی هیدرودینامیک و کیفی اثرات کاهش جریان آب شیرین سرشاخه‌های کارون بر شوری و پهنه آبی تالاب بین‌المللی شادگان,,پژوهشکده محیط زیست و توسعه پایدار (سازمان محیط زیست),https://ier.ir/research/shadegan-salinity-karun-transfer-1402/,,,,,"network_error, http_error, network_error",search_error,لینک‌های ارائه‌شده در دسترس نبودند و منبع هم‌عنوان مستقلی پیدا نشد.
S767,,رد,تعیین و تخصیص نیاز آبی زیست‌محیطی تالاب بین‌المللی گاوخونی و بستر زاینده‌رود با رویکرد هیدرولوژیکی-اکولوژیکی BBM,تعیین نیاز آبی زیست محیطی تالاب امیرکلایه براساس رویکرد جامع ...,سازمان حفاظت محیط زیست (دفتر حفاظت و احیای تالاب‌ها),https://doe.ir/wetlands/gavkhouni-environmental-flow-bbm-1402/,https://www.iwrr.ir/article_119653.html,search_index,0.5581,,"network_error, challenge, network_error",ok,صفحه‌ها یا نتایج جست‌وجو با عنوان/اطلاعات منبع تطبیق محتوایی کافی نداشتند.
S768,,رد,گزارش پایش اثرات حفر تونل‌های انتقال آب بهشت‌آباد و کوهرنگ بر رژیم آبدهی چشمه‌ها، پوشش جنگلی و فرونشست دشت‌های چهارمحال و بختیاری,,اداره کل حفاظت محیط زیست استان چهارمحال و بختیاری,https://chb.doe.ir/reports/tunnel-karst-impacts-monitoring-1402/,,,,,"network_error, http_error, network_error",no_results,لینک‌های ارائه‌شده در دسترس نبودند و منبع هم‌عنوان مستقلی پیدا نشد.
S769,,رد,تحلیل پیوند بین کاهش دبی رودخانه‌های خوزستان ناشی از طرح‌های بالادست انتقال آب و تشدید کانون‌های ریزگرد داخلی و توفان‌های غبار,,اداره کل حفاظت محیط زیست استان خوزستان,https://khz.doe.ir/reports/dust-storms-karun-transfer-nexus-1402/,,,,,"network_error, http_error, network_error",search_error,لینک‌های ارائه‌شده در دسترس نبودند و منبع هم‌عنوان مستقلی پیدا نشد.
S770,,رد,بررسی انطباق طرح سد و انتقال آب خرسان ۳ و ماندگان با قوانین بالادستی، معاهدات بین‌المللی و حریم اکولوژیک منطقه دنا,,اداره کل حفاظت محیط زیست استان کهگیلویه و بویراحمد,https://kb.doe.ir/reports/khersan3-mandegan-dena-legal-review-1403/,,,,,"network_error, http_error, network_error",search_error,لینک‌های ارائه‌شده در دسترس نبودند و منبع هم‌عنوان مستقلی پیدا نشد.
S771,,رد,بیلان هیدرولوژیکی حوضه کارون بزرگ و ارزیابی تأثیر افت دبی سرشاخه‌ها بر ظرفیت تولید برق‌آبی سدهای زنجیره‌ای کارون,,سازمان آب و برق خوزستان (معاونت سد و نیروگاه),https://kwpa.ir/reports/karun-cascade-dams-hydropower-loss-1402/,,,,,"network_error, http_error, network_error",no_results,لینک‌های ارائه‌شده در دسترس نبودند و منبع هم‌عنوان مستقلی پیدا نشد.
S772,,رد,بررسی هیدرودینامیک نفوذ شوری جزرومدی در مصب کارون و اروندرود در سناریوهای مختلف کاهش دبی رودخانه کارون,,سازمان آب و برق خوزستان (معاونت مطالعات پایه آب),https://kwpa.ir/reports/salinity-intrusion-arvand-karun-1402/,,,,,"network_error, http_error, network_error",search_error,لینک‌های ارائه‌شده در دسترس نبودند و منبع هم‌عنوان مستقلی پیدا نشد.
S773,,رد,گزارش جامع پایش نرخ و پهنه‌بندی فرونشست زمین در آبخوان‌های مهیار، نجف‌آباد، برخوار و دشت اصفهان و راهکارهای اضطراری تغذیه با جریان زاینده‌رود,,شرکت آب منطقه‌ای اصفهان,https://esrw.ir/reports/land-subsidence-zayandehrud-aquifer-1402/,,,,,"network_error, challenge, network_error",search_error,صفحه‌ها یا نتایج جست‌وجو با عنوان/اطلاعات منبع تطبیق محتوایی کافی نداشتند.
S774,,رد,گزارش کارشناسی موانع فنی، ژئوتکنیکی و تملک اراضی سد مخزنی کوهرنگ ۳ و راهکارهای تسریع آبگیری اضطراری,,شرکت آب منطقه‌ای اصفهان (مجری طرح تونل و سد کوهرنگ ۳),https://esrw.ir/reports/kuhrang3-dam-geotechnical-status-1402/,,,,,"network_error, challenge, network_error",search_error,صفحه‌ها یا نتایج جست‌وجو با عنوان/اطلاعات منبع تطبیق محتوایی کافی نداشتند.
S775,,رد,بیلان هیدروژئولوژیکی و ارزیابی کسری مخزن ۱۱ دشت ممنوعه استان چهارمحال و بختیاری تحت تأثیر زه‌کشی تونل‌های انتقال آب,,شرکت آب منطقه‌ای چهارمحال و بختیاری,https://cbrw.ir/reports/groundwater-deficit-11plains-1403/,,,,,"http_error, challenge, http_error",search_error,صفحه‌ها یا نتایج جست‌وجو با عنوان/اطلاعات منبع تطبیق محتوایی کافی نداشتند.
S776,,رد,مطالعات بازنگری طرح جامع تخصیص و تأمین آب شرب و کشاورزی کهگیلویه و بویراحمد از سرشاخه‌های مارون، خیرآباد و کارون,,شرکت آب منطقه‌ای کهگیلویه و بویراحمد,https://kbrw.ir/reports/water-allocation-masterplan-1402/,,,,,"http_error, challenge, http_error",no_results,صفحه‌ها یا نتایج جست‌وجو با عنوان/اطلاعات منبع تطبیق محتوایی کافی نداشتند.
S777,,رد,برنامه راهبردی بازچرخانی پساب شهری و صنعتی در استان اصفهان و جایگزینی آن با آب خام در صنایع بزرگ فولاد و نیروگاه‌ها,,شرکت آب منطقه‌ای اصفهان با همکاری شرکت آب و فاضلاب استان اصفهان,https://abfa-esfahan.ir/reports/wastewater-reuse-steel-industry-1403/,,,,,"network_error, challenge, network_error",search_error,صفحه‌ها یا نتایج جست‌وجو با عنوان/اطلاعات منبع تطبیق محتوایی کافی نداشتند.
S778,,رد,بهینه‌سازی چندهدفه تخصیص منابع آب بین‌حوضه‌ای کارون و زاینده‌رود تحت رویکرد هیدرواکونومیک و بازی‌های تعاملی نش,,دانشگاه تهران (نشریه تحقیقات منابع آب ایران),https://jrw.ir/article_142388.html,,,,not_registered,"http_error, http_error, challenge, http_error",search_error,DOI ارائه‌شده در Crossref ثبت نشده و منبع هم‌عنوان مستقلی پیدا نشد.
S779,,رد,ارزیابی تاب‌آوری هیدرولوژیکی حوضه کارون در برابر سناریوهای تغییر اقلیم (CMIP6) و اثر آن بر ظرفیت پایدار طرح‌های انتقال آب,,دانشگاه تهران (دانشکده منابع طبیعی - پردیس کشاورزی کرج),https://thesis.ut.ac.ir/dissertations/hydrological-resilience-karun-cmip6/,,,,,"network_error, network_error, network_error",search_error,لینک‌های ارائه‌شده در دسترس نبودند و منبع هم‌عنوان مستقلی پیدا نشد.
S780,,رد,تحلیل جغرافیای سیاسی و هیدروپلیتیک محلی تعارضات آب میان استان‌های بالادست و پایین‌دست در حوضه زاگرس مرکزی و فلات ایران,,دانشگاه تهران (فصلنامه پژوهش‌های جغرافیای انسانی),https://jhgr.ut.ac.ir/article_92144.html,,,,not_registered,"http_error, soft_404, challenge, empty",search_error,DOI ارائه‌شده در Crossref ثبت نشده و منبع هم‌عنوان مستقلی پیدا نشد.
S781,,رد,ارزیابی اقتصادی-زیست‌محیطی هزینه-فایده (CBA) طرح انتقال آب بهشت‌آباد با احتساب ارزش خدمات اکوسیستمی تخریب‌شده در زاگرس,,دانشگاه تهران (مجله تحقیقات اقتصاد کشاورزی و محیط زیست),https://jaere.ut.ac.ir/article_89112.html,,,,not_registered,"http_error, network_error, challenge, network_error",search_error,DOI ارائه‌شده در Crossref ثبت نشده و منبع هم‌عنوان مستقلی پیدا نشد.
S782,,رد,شبیه‌سازی دینامیک جریان و اندرکنش آب سطحی و زیرزمینی دشت اصفهان-برخوار در شرایط رژیم جریان متناوب زاینده‌رود با مدل MODFLOW,,دانشگاه تربیت مدرس (نشریه مهندسی آب و آبیاری),https://jwim.modares.ac.ir/article_13994.html,,,,not_registered,"http_error, network_error, challenge, network_error",no_results,DOI ارائه‌شده در Crossref ثبت نشده و منبع هم‌عنوان مستقلی پیدا نشد.
S783,,رد,منشأیابی و بررسی هیدروژئوشیمیایی و ایزوتوپی هدررفت آب‌های کارستی در مسیر حفاری تونل سوم کوهرنگ و اثر آن بر چشمه‌های بیرگان,,دانشگاه تربیت مدرس (فصلنامه زمین‌شناسی ایران),https://geology.modares.ac.ir/article_12882.html,,,,not_registered,"http_error, network_error, challenge, network_error",search_error,DOI ارائه‌شده در Crossref ثبت نشده و منبع هم‌عنوان مستقلی پیدا نشد.
S784,,رد,واکاوی حقوقی حق بر آب، حقوق مکتسبه و حق‌آبه‌های تاریخی در حوضه‌های رودخانه‌ای مشترک؛ مطالعه تطبیقی حقوق ایران و قواعد هلسینکی و برلین,,دانشگاه تربیت مدرس (فصلنامه حقوقی بین‌المللی),https://lawreview.modares.ac.ir/article_11905.html,,,,not_registered,"http_error, network_error, challenge, network_error",search_error,DOI ارائه‌شده در Crossref ثبت نشده و منبع هم‌عنوان مستقلی پیدا نشد.
S785,,رد,برآورد و مقایسه ردپای آب و انتقال آب مجازی ناشی از صنایع فلزی و نیروگاه‌های فلات مرکزی در مقایسه با هزینه‌های انتقال فیزیکی آب از زاگرس,,دانشگاه تربیت مدرس (نشریه علوم و مهندسی محیط زیست),https://jese.modares.ac.ir/article_14801.html,,,,not_registered,"http_error, network_error, challenge, network_error",search_error,DOI ارائه‌شده در Crossref ثبت نشده و منبع هم‌عنوان مستقلی پیدا نشد.
S786,,رد,مدل‌سازی دینامیک سیستم‌ها (System Dynamics) برای ارزیابی جامع سناریوهای تخصیص آب، رشد تقاضای شرب و تاب‌آوری حوضه آبریز زاینده‌رود,,دانشگاه صنعتی اصفهان (نشریه علوم آب و خاک),https://jstnar.iut.ac.ir/article_15022.html,,,,not_registered,"http_error, http_error, challenge, http_error",search_error,DOI ارائه‌شده در Crossref ثبت نشده و منبع هم‌عنوان مستقلی پیدا نشد.
S787,,رد,پایش ماهواره‌ای چندزمانه تداخل‌سنجی راداری (PS-InSAR) فرونشست زمین در آبخوان اصفهان-برخوار و همبستگی آن با نوسانات جریان زاینده‌رود,,دانشگاه صنعتی اصفهان (پژوهشکده آب و محیط زیست),https://riwe.iut.ac.ir/research/insar-subsidence-zayandehrud-1403/,,,,not_registered,"http_error, network_error, challenge, network_error",search_error,DOI ارائه‌شده در Crossref ثبت نشده و منبع هم‌عنوان مستقلی پیدا نشد.
S788,,رد,بهینه‌سازی الگوی کشت و ارزیابی بهره‌وری اقتصادی آب مصرفی در اراضی شبکه آبیاری نکوآباد و آبشار با رویکرد مدیریت تقاضا,,دانشگاه صنعتی اصفهان (دانشکده مهندسی کشاورزی),https://jae.iut.ac.ir/article_14890.html,,,,not_registered,"http_error, network_error, challenge, network_error",no_results,DOI ارائه‌شده در Crossref ثبت نشده و منبع هم‌عنوان مستقلی پیدا نشد.
S789,,رد,مدل‌سازی حل مناقشه و چانه‌زنی بر سر تخصیص آب کارون و زاینده‌رود با بهره‌گیری از نظریه بازی‌های تعاملی و سیستم‌های پشتیبان تصمیم (DSS),,دانشگاه صنعتی اصفهان (دانشکده مهندسی صنایع و سیستم‌ها),https://jiee.iut.ac.ir/article_14920.html,,,,not_registered,"http_error, network_error, challenge, network_error",search_error,DOI ارائه‌شده در Crossref ثبت نشده و منبع هم‌عنوان مستقلی پیدا نشد.
S790,,رد,پیامدهای جامعه‌شناختی و فضایی خشکیدگی زاینده‌رود بر بحران هویت، گسست نسلی و تغییرات معیشتی کشاورزان شرق اصفهان,,دانشگاه اصفهان (فصلنامه جامعه‌شناسی کاربردی),https://jas.ui.ac.ir/article_27914.html,,,,not_registered,"http_error, soft_404, challenge, http_error",search_error,DOI ارائه‌شده در Crossref ثبت نشده و منبع هم‌عنوان مستقلی پیدا نشد.
S791,,رد,اقتصاد سیاسی مدیریت منابع آب در حوضه زاینده‌رود: نقد سیاست‌های توسعه نامتوازن صنعتی و شهرنشینی در اقلیم خشک,,دانشگاه اصفهان (پژوهش‌های اقتصادی ایران),https://ier.ui.ac.ir/article_28105.html,,,,not_registered,"http_error, network_error, challenge, network_error",search_error,DOI ارائه‌شده در Crossref ثبت نشده و منبع هم‌عنوان مستقلی پیدا نشد.
S792,,رد,مطالعه تطبیقی حقوق تاریخی مکتسبه و حق‌آبه‌های شرعی طومار شیخ بهایی با موازین حقوق آب مدرن و تحلیل مسئولیت مدنی دولت,,دانشگاه اصفهان (نشریه حقوقی و مطالعات قضایی),https://law.ui.ac.ir/article_26890.html,,,,not_registered,"http_error, network_error, challenge, network_error",search_error,DOI ارائه‌شده در Crossref ثبت نشده و منبع هم‌عنوان مستقلی پیدا نشد.
S793,,رد,ارزیابی ریسک آسیب‌های ساختاری فرونشست زمین بر میراث جهانی و ابنیه تاریخی اصفهان (میدان نقش جهان، سی‌وسه‌پل و پل خواجو) ناشی از تهی‌شدن سفره‌های آب زیرزمینی,,دانشگاه اصفهان (نشریه پژوهش‌های زمین‌شناسی مهندسی),https://geology.ui.ac.ir/article_29108.html,,,,not_registered,"http_error, network_error, challenge, network_error",no_results,DOI ارائه‌شده در Crossref ثبت نشده و منبع هم‌عنوان مستقلی پیدا نشد.
S794,,رد,مدل‌سازی هیدرولیکی و رسوب‌شناختی اثر تجمعی پروژه‌های انحراف آب بالادست بر کاهش عمق کشتیرانی و تغییرات مورفولوژی کارون در مقطع کلان‌شهر اهواز,,دانشگاه شهید چمران اهواز (مجله علوم و مهندسی آبیاری),https://jise.scu.ac.ir/article_14502.html,,,,not_registered,"http_error, challenge, challenge, challenge",search_error,DOI ارائه‌شده در Crossref ثبت نشده و منبع هم‌عنوان مستقلی پیدا نشد.
S795,,رد,ارزیابی اقتصادی خسارات ناشی از افزایش شوری آب آبیاری بر افت عملکرد نخیلات و بحران معیشتی جوامع محلی در پایاب حوضه کارون (آبادان و خرمشهر),,دانشگاه شهید چمران اهواز (نشریه اقتصاد و توسعه کشاورزی),https://jaed.scu.ac.ir/article_14611.html,,,,not_registered,"http_error, network_error, challenge, network_error",search_error,DOI ارائه‌شده در Crossref ثبت نشده و منبع هم‌عنوان مستقلی پیدا نشد.
S796,,رد,بررسی تغییرات کیفی و غلظت فلزات سنگین و سموم آلاینده در مخازن سدها و بستر کارون بزرگ تحت تأثیر سناریوهای برداشت آب بین‌حوضه‌ای,,دانشگاه شهید چمران اهواز (مجله سلامت و محیط زیست),https://jeh.scu.ac.ir/article_14955.html,,,,not_registered,"http_error, network_error, challenge, network_error",search_error,DOI ارائه‌شده در Crossref ثبت نشده و منبع هم‌عنوان مستقلی پیدا نشد.
S797,,رد,ارزیابی هیدرواکولوژیکی اثرات احداث تونل سوم کوهرنگ بر رژیم آبدهی چشمه‌های طبیعی و فرسایش خاک در حوضه آبخیز بیرگان,,دانشگاه شهرکرد (نشریه حفاظت منابع آب و خاک),https://swr.sku.ac.ir/article_13420.html,,,,not_registered,"http_error, network_error, challenge, network_error",search_error,DOI ارائه‌شده در Crossref ثبت نشده و منبع هم‌عنوان مستقلی پیدا نشد.
S798,,رد,مدل‌سازی هیدروژئولوژیکی زه‌کشی آبخوان‌های آهکی و پیش‌بینی خطرات فرونشست کارستی ناشی از اجرای تونل انتقال آب بهشت‌آباد,,دانشگاه شهرکرد (پژوهش‌های آبخیزداری و علوم آب),https://wme.sku.ac.ir/article_13880.html,,,,not_registered,"http_error, network_error, challenge, network_error",no_results,DOI ارائه‌شده در Crossref ثبت نشده و منبع هم‌عنوان مستقلی پیدا نشد.
S799,,رد,ارزیابی اکولوژیکی و تنوع زیستی حوضه رودخانه خرسان و تحلیل اثرات سد مخزنی خرسان ۳ بر زیستگاه‌های رودخانه‌ای و گونه‌های آبزی آندمیک,,دانشگاه یاسوج (نشریه تنوع زیستی و منابع محیط زیست),https://jbep.yu.ac.ir/article_11090.html,,,,not_registered,"http_error, network_error, challenge, network_error",search_error,DOI ارائه‌شده در Crossref ثبت نشده و منبع هم‌عنوان مستقلی پیدا نشد.
S800,,رد,ارزیابی لرزه‌زمین‌ساختی و خطر وقوع زمین‌لرزه‌های القایی (RIS) ناشی از آبگیری سدهای مرتفع در زون‌های گسلی فعال زاگرس؛ مطالعه موردی سدهای خرسان ۳ و ماندگان,,دانشگاه یاسوج با همکاری پژوهشگاه بین‌المللی زلزله‌شناسی,https://jce.yu.ac.ir/article_11240.html,,,,not_registered,"http_error, network_error, challenge, network_error",search_error,DOI ارائه‌شده در Crossref ثبت نشده و منبع هم‌عنوان مستقلی پیدا نشد.
S801,,رد,گزارش بازرسی فوق‌العاده بازرسی کل استان کهگیلویه و بویراحمد درباره تخلفات ساختاری و شروع غیرقانونی عملیات کارگاهی سد ماندگان بدون مجوز ارزیابی زیست‌محیطی,بازرس کل استان کهگیلویه و بویراحمد: مبنا و معیار نظارتی ...,سازمان بازرسی کل کشور (بازرسی کل استان کهگیلویه و بویراحمد),https://kb.bazresi.ir/reports/mandegan-dam-illegal-commencement-1403/,https://bazresi.ir/%D8%A7%D8%AE%D8%A8%D8%A7%D8%B1-%D8%A7%D8%B3%D8%AA%D8%A7%D9%86-%D9%87%D8%A7/%D8%A8%D8%A7%D8%B2%D8%B1%D8%B3-%DA%A9%D9%84-%D8%A7%D8%B3%D8%AA%D8%A7%D9%86-%DA%A9%D9%87%DA%AF%DB%8C%D9%84%D9%88%DB%8C%D9%87-%D9%88-%D8%A8%D9%88%DB%8C%D8%B1%D8%A7%D8%AD%D9%85%D8%AF:-%D9%85%D8%A8%D9%86%D8%A7-%D9%88-%D9%85%D8%B9%DB%8C%D8%A7%D8%B1-%D9%86%D8%B8%D8%A7%D8%B1%D8%AA%DB%8C-%D8%B3%D8%A7%D8%B2%D9%85%D8%A7%D9%86-%D8%A8%D8%A7%D8%B2%D8%B1%D8%B3%DB%8C%D8%8C-%D8%AD%D8%A7%DA%A9%D9%85%DB%8C%D8%AA-%D9%82%D8%A7%D9%86%D9%88%D9%86-%D8%A7%D8%B3%D8%AA/8215,search_index,0.4541,,"network_error, challenge, network_error",ok,صفحه‌ها یا نتایج جست‌وجو با عنوان/اطلاعات منبع تطبیق محتوایی کافی نداشتند.
S802,,رد,دستور قضایی دادستان عمومی و انقلاب سمیرم مبنی بر توقف موقت عملیات اجرایی و انحراف آب سد ماندگان تا زمان تعیین تکلیف نهایی در مراجع ملی,,دادگستری کل استان اصفهان (دادسرای عمومی و انقلاب سمیرم),https://dadgostari-es.eadl.ir/news/semirom-prosecutor-mandegan-halt-1403/,,,,,"network_error, live_html, network_error",search_error,صفحه‌ها یا نتایج جست‌وجو با عنوان/اطلاعات منبع تطبیق محتوایی کافی نداشتند.
S803,,رد,گزارش کارشناسی دبیرخانه شورای عالی حفاظت محیط زیست پیرامون تعارض سد ماندگان با زون امن ذخیره‌گاه زیست‌کره دنا و مصوبه ثبت جهانی یونسکو,,دبیرخانه شورای عالی حفاظت محیط زیست (سازمان حفاظت محیط زیست),https://doe.ir/unesco-mab/dena-mandegan-threat-report-1403/,,,,,"network_error, challenge, network_error",search_error,صفحه‌ها یا نتایج جست‌وجو با عنوان/اطلاعات منبع تطبیق محتوایی کافی نداشتند.
S804,,رد,بیانیه فنی و مستندات میدانی شبکه تشکل‌های محیط‌زیستی زاگرس در رد ادعای تأمین شرب از سد ماندگان و اثبات هدف‌گذاری صنعتی طرح,,شبکه تشکل‌های محیط‌زیست و منابع طبیعی زاگرس (زاگرس‌بان),https://zagrosban.ir/statements/mandegan-dam-reality-1403/,,,,,"network_error, http_error, network_error",no_results,لینک‌های ارائه‌شده در دسترس نبودند و منبع هم‌عنوان مستقلی پیدا نشد.
S805,,رد,بررسی اثرات بوم‌شناختی حفر ترانشه‌ها و جاده‌های دسترسی سد ماندگان بر تکه‌تکه‌شدن زیستگاه خرس قهوه‌ای و کل و بز در پارک ملی دنا,,دانشگاه یاسوج (فصلنامه بوم‌شناسی و حفاظت حیات وحش),https://jwe.yu.ac.ir/article_11450.html,,,,not_registered,"http_error, network_error, challenge, network_error",no_results,DOI ارائه‌شده در Crossref ثبت نشده و منبع هم‌عنوان مستقلی پیدا نشد.
S806,,رد,ارزیابی فلوریستیک و خطر انقراض گونه‌های گیاهی نادر و آندمیک زون کوهستانی دنا در محدوده دریاچه و مخزن سد انحرافی ماندگان,,مؤسسه تحقیقات جنگل‌ها و مراتع کشور (سازمان تحقیقات، آموزش و ترویج کشاورزی),https://rifr-ac.ir/research/dena-mandegan-flora-extinction-1403/,,,,,"http_error, http_error, http_error",search_error,لینک‌های ارائه‌شده در دسترس نبودند و منبع هم‌عنوان مستقلی پیدا نشد.
S807,,رد,مدل‌سازی هیدرودینامیکی افت تراز آبخوان دشت سمیرم-پادنا و ارزیابی خسارت به چاه‌ها و قنوات در پی انحراف آب سرشاخه ماربر,,دانشگاه شیراز (نشریه مهندسی هیدرولیک و آب),https://jhe.shirazu.ac.ir/article_12390.html,,,,not_registered,"http_error, network_error, challenge, network_error",search_error,DOI ارائه‌شده در Crossref ثبت نشده و منبع هم‌عنوان مستقلی پیدا نشد.
S808,,رد,تذکر کتبی و نامه سرگشاده فراکسیون محیط زیست مجلس شورای اسلامی به وزرای نیرو و کشور در خصوص توقف تخریب منطقه حفاظت‌شده دنا توسط پروژه سد ماندگان,,مجلس شورای اسلامی (فراکسیون محیط زیست),https://majlis.ir/news/environment-caucus-mandegan-protest-1403/,,,,,"challenge, challenge, challenge",search_error,صفحه‌ها یا نتایج جست‌وجو با عنوان/اطلاعات منبع تطبیق محتوایی کافی نداشتند.
S809,,رد,گزارش نجات‌بخشی و ارزیابی باستان‌شناختی محوطه‌های تاریخی در معرض غرقاب کامل ناشی از آبگیری سد مخزنی خرسان ۳ در دره سادات محمودی,,پژوهشگاه میراث فرهنگی و گردشگری (پژوهشکده باستان‌شناسی کشور),https://richt.ir/reports/khersan3-archaeological-rescue-1402/,,,,,"network_error, http_error, network_error",search_error,لینک‌های ارائه‌شده در دسترس نبودند و منبع هم‌عنوان مستقلی پیدا نشد.
S810,,رد,پیامدهای جامعه‌شناختی، اسکان اجباری و اضمحلال معیشتی ساکنان ۲۴ روستای دهستان سادات محمودی در پی احداث سد خرسان ۳,,دانشگاه شیراز (مجله مطالعات اجتماعی ایران),https://jss.shirazu.ac.ir/article_13110.html,,,,not_registered,"http_error, network_error, challenge, network_error",no_results,DOI ارائه‌شده در Crossref ثبت نشده و منبع هم‌عنوان مستقلی پیدا نشد.
S811,,رد,مشخصات فنی، طراحی هیدرولیکی بدنه بتنی دو قوسی و نیروگاه برق‌آبی ۴۰۰ مگاواتی سد مخزنی خرسان ۳,,شرکت توسعه منابع آب و نیروی ایران (آب و نیرو),https://iwpco.ir/projects/khersan3-technical-specs-1402/,,,,,"http_error, http_error, http_error",search_error,لینک‌های ارائه‌شده در دسترس نبودند و منبع هم‌عنوان مستقلی پیدا نشد.
S812,,رد,نقد هیدرولوژیکی و اکولوژیکی سد خرسان ۳ از منظر مبانی سدسازی پایدار و قطع شریان اکوسیستم‌های رودخانه‌ای زاگرس,,کمیته ملی سدهای بزرگ ایران (IRCOLD),https://ircold.ir/articles/khersan3-ecological-critique-1402/,,,,,"http_error, http_error, http_error",search_error,لینک‌های ارائه‌شده در دسترس نبودند و منبع هم‌عنوان مستقلی پیدا نشد.
S813,,رد,پایش و مدل‌سازی پایداری دامنه‌های پرشیب پیرامون دریاچه سد خرسان ۳ و تحلیل ریسک وقوع زمین‌لغزش‌های عظیم و امواج مهلک ناشی از آبگیری,,دانشگاه فردوسی مشهد (نشریه زمین‌شناسی مهندسی),https://jeg.um.ac.ir/article_14312.html,,,,not_registered,"http_error, network_error, challenge, network_error",search_error,DOI ارائه‌شده در Crossref ثبت نشده و منبع هم‌عنوان مستقلی پیدا نشد.
S814,,رد,بررسی اثرات ریزاقلیمی (Microclimate) تشکیل پهنه آبی عظیم دریاچه سد خرسان ۳ بر تغییر الگوی رطوبت، زوال جنگل‌های بلوط و باغات زاگرس مرکزی,,دانشگاه بوعلی سینا همدان (پژوهش‌های اقلیم‌شناسی و محیط),https://jcr.basu.ac.ir/article_12890.html,,,,not_registered,"http_error, http_error, challenge, http_error",search_error,DOI ارائه‌شده در Crossref ثبت نشده و منبع هم‌عنوان مستقلی پیدا نشد.
S815,,رد,بیانیه علمی-تحلیلی ۱۲۰ نفر از اعضای هیئت علمی دانشگاه‌های استان‌های چهارمحال و بختیاری و کهگیلویه و بویراحمد در رد اهداف انتقال آب سدهای ماندگان و خرسان ۳,دانشگاه شهرکرد,دانشگاه شهرکرد و دانشگاه یاسوج,https://sku.ac.ir/news/faculty-statement-mandegan-khersan-1403/,https://sku.ac.ir/NotFoundPage.aspx,live_page,0.318,,"live_html, http_error",search_error,صفحه‌ها یا نتایج جست‌وجو با عنوان/اطلاعات منبع تطبیق محتوایی کافی نداشتند.
S816,,رد,گزارش کمیسیون حقوق بشر کانون وکلای دادگستری فارس و کهگیلویه و بویراحمد درباره نقض حقوق بنیادین سکونت و مالکیت روستاییان در حوضه آبگیری خرسان ۳,,کانون وکلای دادگستری منطقه فارس، کهگیلویه و بویراحمد,https://farsbar.org/reports/khersan3-property-rights-violation-1403/,,,,,"http_error, live_html, http_error",no_results,صفحه‌ها یا نتایج جست‌وجو با عنوان/اطلاعات منبع تطبیق محتوایی کافی نداشتند.
S817,,رد,گزارش نظارتی سازمان بازرسی کل کشور پیرامون عدم تخصیص اعتبارات تملک اراضی و بلاتکلیفی معیشتی اهالی دهستان سادات محمودی در پروژه خرسان ۳,,سازمان بازرسی کل کشور (دفتر نظارت و بازرسی استان چهارمحال و بختیاری),https://bazresi.ir/reports/khersan3-villagers-uncertainty-1402/,,,,,"network_error, challenge, network_error",search_error,صفحه‌ها یا نتایج جست‌وجو با عنوان/اطلاعات منبع تطبیق محتوایی کافی نداشتند.
S818,,رد,بررسی هیدروژئوشیمیایی و پتانسیل انحلال سازندهای تبخیری گچساران در محدوده دریاچه سد خرسان ۳ و خطر شور شدن آب کارون,,دانشگاه اصفهان (نشریه پژوهش‌های چه‌چینه و رسوب‌شناسی),https://jssr.ui.ac.ir/article_28410.html,,,,not_registered,"http_error, soft_404, challenge, http_error",search_error,DOI ارائه‌شده در Crossref ثبت نشده و منبع هم‌عنوان مستقلی پیدا نشد.
S819,,رد,مستندات نشست اضطراری مجمع نمایندگان استان‌های زاگرس (خوزستان، کهگیلویه، چهارمحال و لرستان) در خصوص خطرات امنیتی و اجتماعی سدهای ماندگان و خرسان ۳,,مجلس شورای اسلامی (مجمع نمایندگان استان‌های زاگرس),https://icana.ir/news/zagros-parliament-bloc-mandegan-1403/,,,,,"http_error, challenge, http_error",no_results,صفحه‌ها یا نتایج جست‌وجو با عنوان/اطلاعات منبع تطبیق محتوایی کافی نداشتند.
S820,,رد,گزارش بازرسی ویژه ریاست جمهوری پیرامون بررسی شکایات مردمی، ارزیابی میدانی تعارضات دنا و توصیه به بازنگری بنیادین در ساختگاه سد ماندگان,,نهاد ریاست جمهوری (دفتر بازرسی ویژه رئیس جمهور),https://president.ir/special-inspection/mandegan-dena-review-1403/,,,,,"http_error, http_error, http_error",search_error,لینک‌های ارائه‌شده در دسترس نبودند و منبع هم‌عنوان مستقلی پیدا نشد.
S821,,رد,متن کامل و رسمی مصوبه ۹ ماده‌ای شورای عالی آب برای احیای حوضه آبریز زاینده‌رود و ساماندهی پایدار توزیع آب (جلسه سیزدهم - دی‌ماه ۱۳۹۲),,نهاد ریاست جمهوری (شورای عالی آب),https://moe.ir/supreme-water-council/resolution-13-zayandehrud/,,,,,"network_error, challenge, network_error",search_error,صفحه‌ها یا نتایج جست‌وجو با عنوان/اطلاعات منبع تطبیق محتوایی کافی نداشتند.
S822,,رد,گزارش آسیب‌شناسی علل عدم تحقق مصوبه ۹ ماده‌ای احیای زاینده‌رود و موانع استقرار مدیریت یکپارچه حوضه‌ای در دهه گذشته,,مرکز بررسی‌های استراتژیک ریاست جمهوری,https://css.ir/reports/zayandehrud-9clauses-pathology-1402/,,,,,"http_error, http_error, http_error",search_error,لینک‌های ارائه‌شده در دسترس نبودند و منبع هم‌عنوان مستقلی پیدا نشد.
S823,,رد,مصوبه جلسه بیست و ششم شورای عالی آب در خصوص تشکیل ستاد ملی احیای زاینده‌رود و نقشه راه سازگاری با کم‌آبی در فلات مرکزی,,نهاد ریاست جمهوری (دبیرخانه شورای عالی آب),https://moe.ir/supreme-water-council/session-26-resolutions/,,,,,"network_error, challenge, network_error",search_error,صفحه‌ها یا نتایج جست‌وجو با عنوان/اطلاعات منبع تطبیق محتوایی کافی نداشتند.
S824,,رد,دستورالعمل امنیتی و انتظامی شورای امنیت کشور (شاک) پیرامون صیانت از خطوط لوله و تأسیسات انتقال آب شرب و پیشگیری از تعارضات اجتماعی بین‌استانی,,وزارت کشور (دبیرخانه شورای امنیت کشور - شاک),https://moi.ir/shak/water-infrastructure-security-directive-1402/,,,,,"http_error, challenge, http_error",no_results,صفحه‌ها یا نتایج جست‌وجو با عنوان/اطلاعات منبع تطبیق محتوایی کافی نداشتند.
S825,,رد,گزارش تحلیلی دبیرخانه شورای عالی امنیت ملی (شعام) پیرامون پایش متغیرهای هیدروپلیتیک داخلی، گسل‌های قومیتی و سناریوهای تهدید امنیت ملی ناشی از بحران آب,,دبیرخانه شورای عالی امنیت ملی (مرکز بررسی‌های امنیت ملی),https://snsc.ir/strategic-studies/water-crisis-national-security-1402/,,,,,"network_error, http_error, network_error",search_error,لینک‌های ارائه‌شده در دسترس نبودند و منبع هم‌عنوان مستقلی پیدا نشد.
S826,,رد,رأی هیئت عمومی دیوان عدالت اداری مبنی بر ابطال بخشنامه‌های وزارت نیرو در خصوص بازتخصیص آب‌های سطحی دارای پروانه رسمی و طوماری بدون اذن مالکان,,دیوان عدالت اداری (قوه قضائیه),https://divan-edalat.ir/judgments/board-verdict-water-rights-1402/,,,,,"http_error, http_error, http_error",search_error,لینک‌های ارائه‌شده در دسترس نبودند و منبع هم‌عنوان مستقلی پیدا نشد.
S827,,رد,دادنامه شعبه اول تجدیدنظر دیوان عدالت اداری در خصوص محکومیت وزارت نیرو به پرداخت خسارت عدم‌النفع و خسارت نکاشت به کشاورزان شرق اصفهان,,دیوان عدالت اداری (شعبه اول تجدیدنظر),https://divan-edalat.ir/judgments/appellate-ruling-crop-loss-1402/,,,,,"http_error, http_error, http_error",search_error,لینک‌های ارائه‌شده در دسترس نبودند و منبع هم‌عنوان مستقلی پیدا نشد.
S828,,رد,قرار جلب به دادرسی و تفهیم اتهام به مدیران سابق شرکت‌های آب منطقه‌ای در پرونده انتقال غیرقانونی مازاد آب از حوضه زاینده‌رود به صنایع فلات مرکزی,,دادسرای عمومی و انقلاب ویژه رسیدگی به جرایم کارکنان دولت (تهران),https://dadiran.ir/judiciary-news/water-executives-indictment-1402/,,,,,"network_error, http_error, network_error",search_error,لینک‌های ارائه‌شده در دسترس نبودند و منبع هم‌عنوان مستقلی پیدا نشد.
S829,,رد,گزارش تفصیلی سازمان بازرسی کل کشور پیرامون ترک‌فعل وزارتخانه‌های نیرو و جهاد کشاورزی در عدم انسداد چاه‌های غیرمجاز و عدم نصب کنتورهای هوشمند,,سازمان بازرسی کل کشور (دفتر نظارت و بازرسی امور کشاورزی و محیط زیست),https://bazresi.ir/reports/smart-meters-well-dereliction-1403/,,,,,"network_error, challenge, network_error",search_error,صفحه‌ها یا نتایج جست‌وجو با عنوان/اطلاعات منبع تطبیق محتوایی کافی نداشتند.
S830,,رد,فتواهای فقهی مراجع عظام تقلید (آیات عظام مکارم شیرازی، نوری همدانی و مظاهری) در خصوص حرمت شرعی تصرف و غصب حق‌آبه‌های کشاورزان بدون رضایت,,دفاتر آیات عظام مکارم شیرازی، نوری همدانی و مظاهری (اصفهان و قم),https://mazaheri.ir/fatwa/water-rights-usurpation-1400/,,,,,"network_error, challenge, network_error",search_error,صفحه‌ها یا نتایج جست‌وجو با عنوان/اطلاعات منبع تطبیق محتوایی کافی نداشتند.
S831,,رد,استفتائات فقهی پایگاه اطلاع‌رسانی دفتر مقام معظم رهبری پیرامون احکام فقهی آب انتقالی، وضو، غسل و عبادات در حوضه‌های مقصد انتقال آب,پایگاه اطلاع رسانی دفتر مقام معظم رهبری :: Leader.ir,پایگاه اطلاع‌رسانی دفتر حفظ و نشر آثار حضرت آیت‌الله‌العظمی خامنه‌ای,https://leader.ir/fa/book/37/sharia-rulings-water-transfer/,https://www.leader.ir/docs/leader-fatwa-water.pdf,live_page,0.6804,,"http_error, challenge, live_html",اجرا نشد (شاهد مستقیم کافی بود),صفحه‌ها یا نتایج جست‌وجو با عنوان/اطلاعات منبع تطبیق محتوایی کافی نداشتند.
S832,,رد,گزارش معاونت حقوق عامه دادستانی کل کشور درباره رصد طرح‌های انتقال آب و صیانت از پایداری زیست‌محیطی حوضه‌های مبدأ در زاگرس,,دادستانی کل کشور (معاونت پیگیری حقوق عامه و پیشگیری از وقوع جرم),https://dadsetani.ir/public-rights/zagros-water-transfer-monitoring-1402/,,,,,"network_error, live_html, network_error",search_error,صفحه‌ها یا نتایج جست‌وجو با عنوان/اطلاعات منبع تطبیق محتوایی کافی نداشتند.
S833,,رد,دستور قضایی رئیس کل دادگستری استان چهارمحال و بختیاری مبنی بر توقف حفر تونل بهشت‌آباد به دلیل عدم اخذ مجوزهای پدافند غیرعامل و ارزیابی اثرات زیست‌محیطی,,دادگستری کل استان چهارمحال و بختیاری,https://dadgostari-chb.eadl.ir/news/beheshtabad-tunnel-halt-order-1402/,,,,,"network_error, live_html, network_error",search_error,صفحه‌ها یا نتایج جست‌وجو با عنوان/اطلاعات منبع تطبیق محتوایی کافی نداشتند.
S834,,رد,لایحه و سند راهبردی نظام جامع جبران خسارت‌های تغییر اقلیم و بازتخصیص آب و تعیین سازوکار غرامت به حوضه‌های مبدأ در حقوق ایران,,معاونت حقوقی ریاست جمهوری با همکاری وزارت دادگستری,https://iranalaw.ir/bills/water-compensation-comprehensive-system-1402/,,,,,"network_error, challenge, network_error",search_error,صفحه‌ها یا نتایج جست‌وجو با عنوان/اطلاعات منبع تطبیق محتوایی کافی نداشتند.
S835,,رد,گزارش تفریغ بودجه دیوان محاسبات کشور پیرامون انحراف اعتبارات طرح‌های سدسازی و انتقال آب فاقد مجوز ماده ۲۳ قانون الحاق موادی به قانون تنظیم بخشی از مقررات مالی دولت,,دیوان محاسبات کشور (معاونت فنی و حسابرسی امور زیربنایی),https://dmk.ir/reports/budget-audit-water-projects-1402/,,,,,"http_error, challenge, http_error",search_error,صفحه‌ها یا نتایج جست‌وجو با عنوان/اطلاعات منبع تطبیق محتوایی کافی نداشتند.
S836,,رد,الزامات پدافند غیرعامل و سند آسیب‌پذیری زیرساخت‌های خطوط انتقال آب بین‌حوضه‌ای کشور در برابر تهدیدات کالبدی، سایبری و خرابکاری,راهبردهای جامع پدافند غیرعامل برای کاهش آسیب‌پذیری در زیرساخت‌های حیاتی ...,سازمان پدافند غیرعامل کشور (قرارگاه پدافند آب),https://paydandefence.ir/reports/water-pipeline-passive-defense-1402/,https://www.shana.ir/news/648245/%D8%B1%D8%A7%D9%87%D8%A8%D8%B1%D8%AF%D9%87%D8%A7%DB%8C-%D8%AC%D8%A7%D9%85%D8%B9-%D9%BE%D8%AF%D8%A7%D9%81%D9%86%D8%AF-%D8%BA%DB%8C%D8%B1%D8%B9%D8%A7%D9%85%D9%84-%D8%A8%D8%B1%D8%A7%DB%8C-%DA%A9%D8%A7%D9%87%D8%B4-%D8%A2%D8%B3%DB%8C%D8%A8-%D9%BE%D8%B0%DB%8C%D8%B1%DB%8C-%D8%AF%D8%B1-%D8%B2%DB%8C%D8%B1%D8%B3%D8%A7%D8%AE%D8%AA-%D9%87%D8%A7%DB%8C,search_index,0.4939,,"network_error, challenge, network_error",ok,صفحه‌ها یا نتایج جست‌وجو با عنوان/اطلاعات منبع تطبیق محتوایی کافی نداشتند.
S837,,رد,گزارش ارزیابی راهبردی کمیسیون زیربنایی و تولیدی مجمع تشخیص مصلحت نظام در خصوص آسیب‌شناسی سیاست‌های کلی نظام در بخش منابع آب,,دبیرخانه مجمع تشخیص مصلحت نظام (کمیسیون زیربنایی),https://maslahat.ir/reports/general-water-policies-revision-1402/,,,,,"http_error, http_error, http_error",search_error,لینک‌های ارائه‌شده در دسترس نبودند و منبع هم‌عنوان مستقلی پیدا نشد.
S838,,رد,تفاهم‌نامه چهارجانبه استانداران اصفهان، چهارمحال و بختیاری، خوزستان و یزد تحت نظارت وزارت کشور جهت هماهنگی و توزیع منصفانه آب در خشکسالی‌های حاد,,وزارت کشور (معاونت هماهنگی امور اقتصادی و توسعه منطقه‌ای),https://moi.ir/regional-development/4provinces-water-accord-1402/,,,,,"http_error, challenge, http_error",search_error,صفحه‌ها یا نتایج جست‌وجو با عنوان/اطلاعات منبع تطبیق محتوایی کافی نداشتند.
S839,,رد,گزارش تحلیلی سازمان قضایی نیروهای مسلح پیرامون آسیب‌شناسی مدیریت بحران‌های اجتماعی آبان و آذر ۱۴۰۰ در اصفهان و ضرورت تمایز میان مطالبات صنفی و امنیتی,,سازمان قضایی نیروهای مسلح جمهوری اسلامی ایران,https://imj.eadl.ir/reports/zayandehrud-protests-pathology-1400/,,,,,"network_error, http_error, network_error",search_error,لینک‌های ارائه‌شده در دسترس نبودند و منبع هم‌عنوان مستقلی پیدا نشد.
S840,,رد,منشور صلح و عدالت آبی ایران؛ طرح جامع بازنگری در ساختار حقوقی آب و اصلاح قانون توزیع عادلانه آب مصوب ۱۳۶۱ بر مبنای پایداری سرزمینی,,اندیشکده تدبیر آب ایران با همکاری مرکز پژوهش‌های مجلس,https://iranwatertadbir.ir/charter-of-water-peace-1402/,,,,,"network_error, challenge, network_error",search_error,صفحه‌ها یا نتایج جست‌وجو با عنوان/اطلاعات منبع تطبیق محتوایی کافی نداشتند.
S841,,رد,گزارش پایش آنلاین ایستگاه‌های هیدرومتری و کیفیت‌سنجی کارون سفلی و ثبت هدایت الکتریکی بالای ۱۲۰۰۰ میکروزیمنس در مقطع دارخوین، خرمشهر و مارد,,سازمان آب و برق خوزستان (دفتر پایش و کنترل کیفی منابع آب),https://kwpa.ir/reports/karun-salinity-extreme-darkhovin-1403/,,,,,"network_error, http_error, network_error",no_results,لینک‌های ارائه‌شده در دسترس نبودند و منبع هم‌عنوان مستقلی پیدا نشد.
S842,,رد,مدل‌سازی هیدرودینامیکی سه‌بعدی پیشروی جزرومدی زبانه شوری آب خلیج فارس در خورها و رودخانه بهمنشیر و ارزیابی اثربخشی احداث سدهای سلولی,,دانشگاه شهید چمران اهواز (نشریه علوم مهندسی آبیاری),https://jise.scu.ac.ir/article_14890.html,,,,not_registered,"http_error, challenge, challenge, challenge",no_results,DOI ارائه‌شده در Crossref ثبت نشده و منبع هم‌عنوان مستقلی پیدا نشد.
S843,,رد,گزارش تخصصی خسارات ناشی از تنش شوری و بی‌آبی بر خشکیدن، سرشکستگی و عقیم‌شدن بیش از ۲.۳ میلیون اصله نخل در نخلستان‌های شادگان، آبادان و خرمشهر,,مؤسسه تحقیقات خرما و میوه‌های گرمسیری کشور (سازمان تحقیقات، آموزش و ترویج کشاورزی),https://dprc.areeo.ac.ir/reports/palm-salinity-desiccation-khuzestan-1402/,,,,,"network_error, http_error, network_error",search_error,لینک‌های ارائه‌شده در دسترس نبودند و منبع هم‌عنوان مستقلی پیدا نشد.
S844,,رد,ارزیابی بیلان انباشت نمک و شور شدن اراضی فاز اول و دوم طرح ۵۵۰ هزار هکتاری مقام معظم رهبری در خوزستان در پی کمبود آب شیرین کارون و کرخه,,مؤسسه جهاد نصر (مجری طرح ۵۵۰ هزار هکتاری احیای دشت‌های خوزستان و ایلام),https://jihad-nasr.ir/reports/550k-hectares-water-deficit-1402/,,,,,"network_error, http_error, network_error",no_results,لینک‌های ارائه‌شده در دسترس نبودند و منبع هم‌عنوان مستقلی پیدا نشد.
S845,,رد,گزارش جامع منشأیابی، نقشه‌برداری و پهنه‌بندی کانون‌های بحرانی ریزگرد داخلی در استان خوزستان و پیوند مستقیم آن با خشکی تالاب‌های هورالعظیم و شادگان,,ستاد ملی مقابله با گرد و غبار با همکاری اداره کل حفاظت محیط زیست استان خوزستان,https://doe.ir/dust-taskforce/khuzestan-dust-sources-atlas-1403/,,,,,"network_error, http_error, network_error",search_error,لینک‌های ارائه‌شده در دسترس نبودند و منبع هم‌عنوان مستقلی پیدا نشد.
S846,,رد,تحلیل اثرات هم‌افزای کاهش آورد رودخانه کرخه و انحراف آب سرشاخه‌ها با فعالیت‌های استخراج نفت در میدان آزادگان بر نابودی اکوسیستم هورالعظیم,,دانشگاه تهران (فصلنامه محیط‌شناسی),https://jes.ut.ac.ir/article_89920.html,,,,not_registered,"http_error, soft_404, challenge, empty",search_error,DOI ارائه‌شده در Crossref ثبت نشده و منبع هم‌عنوان مستقلی پیدا نشد.
S847,,رد,بررسی همه‌گیرشناسی و تحلیل بار بیماری‌های حاد تنفسی، قلبی-عروقی و چشمی ناشی از توفان‌های گرد و غبار در کلان‌شهر اهواز و شهرهای حوضه کارون سفلی,,دانشگاه علوم پزشکی جندی‌شاپور اهواز (مجله علمی پزشکی جندی‌شاپور),https://ajmb.ajums.ac.ir/article_14210.html,,,,not_registered,"http_error, network_error, challenge, network_error",search_error,DOI ارائه‌شده در Crossref ثبت نشده و منبع هم‌عنوان مستقلی پیدا نشد.
S848,,رد,گزارش شرکت مدیریت شبکه برق ایران (دیسپاچینگ ملی) پیرامون افت ۴۵۰۰ مگاواتی ظرفیت آماده‌به‌کار نیروگاه‌های برق‌آبی کارون و تشدید ناترازی برق کشور در تابستان,,شرکت مدیریت شبکه برق ایران (دیسپاچینگ ملی),https://igmc.ir/reports/karun-hydropower-summer-deficit-1403/,,,,,"network_error, http_error, network_error",no_results,لینک‌های ارائه‌شده در دسترس نبودند و منبع هم‌عنوان مستقلی پیدا نشد.
S849,,رد,واکاوی چالش‌های فنی و کیفی طرح آبرسانی غدیر خوزستان و علل ناکامی در دستیابی به شاخص‌های استاندارد آب شرب پایدار برای اهواز و آبادان,,شرکت مهندسی آب و فاضلاب کشور با همکاری آبفای خوزستان,https://abfa-khz.ir/reports/ghadir-water-supply-evaluation-1402/,,,,,"network_error, http_error, network_error",no_results,لینک‌های ارائه‌شده در دسترس نبودند و منبع هم‌عنوان مستقلی پیدا نشد.
S850,,رد,ارزیابی اقتصادی خسارات ناشی از افزایش شوری و املاح خورنده کارون بر مجتمع‌های پتروشیمی منطقه ویژه اقتصادی ماهشهر و صنایع فولاد خوزستان,دانشگاه صنعت نفت,دانشگاه صنعت نفت (نشریه اقتصاد انرژی و مدیریت),https://put.ac.ir/journal/petrochemical-water-salinity-damage-1403/,https://put.ac.ir/fa-IR/put/1/page/%D8%AF%D8%A7%D9%86%D8%B4%DA%AF%D8%A7%D9%87-%D8%B5%D9%86%D8%B9%D8%AA-%D9%86%D9%81%D8%AA,live_page,0.1208,not_registered,"http_error, live_html, challenge, http_error",search_error,DOI ارائه‌شده در Crossref ثبت نشده و منبع هم‌عنوان مستقلی پیدا نشد.
S851,,رد,بررسی اثر کاهش جریان پایه کارون بر تغلیظ باقیمانده‌های دارویی، آنتی‌بیوتیک‌ها و آلاینده‌های بیمارستانی در خروجی فاضلاب‌های شهری اهواز,,دانشگاه علوم پزشکی تهران (نشریه سلامت و محیط زیست ایران),https://ijhe.tums.ac.ir/article_14590.html,,,,not_registered,"http_error, http_error, challenge, http_error",no_results,DOI ارائه‌شده در Crossref ثبت نشده و منبع هم‌عنوان مستقلی پیدا نشد.
S852,,رد,پایش چندزمانه ماهواره‌ای لندست و سنتینل-۲ از نوسانات پهنه آبی و زوال پوشش گیاهی تالاب بین‌المللی شادگان طی دوره ده‌ساله ۱۳۹۳ تا ۱۴۰۳,,دانشگاه صنعتی خواجه نصیرالدین طوسی (نشریه علوم و فنون نقشه‌برداری),https://jgst.kntu.ac.ir/article_13905.html,,,,not_registered,"http_error, network_error, challenge, network_error",search_error,DOI ارائه‌شده در Crossref ثبت نشده و منبع هم‌عنوان مستقلی پیدا نشد.
S853,,رد,تحلیل پیامدهای زیست‌محیطی تخلیه زهاب‌های فوق‌شور کشت و صنعت‌های نیشکر بر کیفیت کارون و اکوسیستم تالاب شادگان در شرایط کم‌آبی,,مؤسسه تحقیقات آب خوزستان (شرکت مادر تخصصی مدیریت منابع آب),https://kwri.ir/reports/sugarcane-drainage-shadegan-impacts-1402/,,,,,"network_error, http_error, network_error",no_results,لینک‌های ارائه‌شده در دسترس نبودند و منبع هم‌عنوان مستقلی پیدا نشد.
S854,,رد,گزارش مرکز مطالعات اقتصادی اتاق بازرگانی اهواز پیرامون اضمحلال اقتصاد معیشتی تالاب‌نشینان عرب و نابودی صنعت پرورش گاومیش در خوزستان,,اتاق بازرگانی، صنایع، معادن و کشاورزی اهواز,https://ahvazccim.com/reports/water-buffalo-economic-crisis-1402/,,,,,"network_error, http_error, network_error",no_results,لینک‌های ارائه‌شده در دسترس نبودند و منبع هم‌عنوان مستقلی پیدا نشد.
S855,,رد,بررسی هیدرولیکی خطر تشدید رسوب‌گذاری در بستر کارون مقطع اهواز و ارزیابی آسیب‌پذیری شهر در برابر سیلاب‌های ناگهانی بهاره در اثر افت دبی عبوری,,دانشگاه صنعتی جندی‌شاپور دزفول (نشریه مهندسی رودخانه و سازه‌های هیدرولیکی),https://jrce.jsu.ac.ir/article_11290.html,,,,not_registered,"http_error, network_error, challenge, network_error",no_results,DOI ارائه‌شده در Crossref ثبت نشده و منبع هم‌عنوان مستقلی پیدا نشد.
S856,,رد,نامه سرگشاده و بیانیه علمی اساتید دانشکده‌های علوم آب و کشاورزی دانشگاه شهید چمران اهواز به رئیس‌جمهور پیرامون خطرات امنیتی تخلیه جمعیتی جلگه خوزستان,,دانشگاه شهید چمران اهواز,https://scu.ac.ir/news/faculty-letter-to-president-water-1403/,,,,,"challenge, challenge, challenge",no_results,صفحه‌ها یا نتایج جست‌وجو با عنوان/اطلاعات منبع تطبیق محتوایی کافی نداشتند.
S857,,رد,تعیین تطبیقی جریان زیست‌محیطی کارون سفلی بر اساس روش‌های هیدرولوژیکی جهانی تنانت و تسمن و مقایسه آن با حق‌آبه‌های مصوب وزارت نیرو,,دانشگاه صنعتی نوشیروانی بابل (نشریه اکوهیدرولوژی و محیط),https://eco.nit.ac.ir/article_12990.html,,,,not_registered,"http_error, network_error, challenge, network_error",no_results,DOI ارائه‌شده در Crossref ثبت نشده و منبع هم‌عنوان مستقلی پیدا نشد.
S858,,رد,گزارش فنی سازمان بنادر و دریانوردی کشور درباره غیراقتصادی و غیرممکن شدن کشتیرانی تجاری در رودخانه کارون از خرمشهر به اهواز ناشی از افت تراز هیدرولیکی,,سازمان بنادر و دریانوردی کشور (اداره کل بنادر و دریانوردی خرمشهر),https://pmo.ir/khorramshahr/reports/karun-navigation-depth-loss-1402/,,,,,"network_error, http_error, network_error",no_results,لینک‌های ارائه‌شده در دسترس نبودند و منبع هم‌عنوان مستقلی پیدا نشد.
S859,,رد,واکاوی پدیده مهاجرت‌های اقلیمی و خالی شدن سکونتگاه‌های روستایی و مرزی جنوب خوزستان (دشت آزادگان، هویزه و شادگان) به سوی حاشیه کلان‌شهرها,,دانشگاه تربیت مدرس (فصلنامه برنامه‌ریزی و آمایش فضا),https://gpt.modares.ac.ir/article_14901.html,,,,not_registered,"http_error, network_error, challenge, network_error",search_error,DOI ارائه‌شده در Crossref ثبت نشده و منبع هم‌عنوان مستقلی پیدا نشد.
S860,,رد,برنامه راهبردی ستاد احیای تالاب‌های خوزستان در خصوص رهاسازی موجی و هماهنگ آب از سدهای مخزنی دز و گتوند برای شستشوی نمک و نجات اکوسیستم اروند و شادگان,,ستاد ملی احیای تالاب‌های کشور با همکاری استانداری خوزستان,https://ostan-khz.ir/wetlands-taskforce/pulsed-water-release-plan-1403/,,,,,"network_error, challenge, network_error",no_results,صفحه‌ها یا نتایج جست‌وجو با عنوان/اطلاعات منبع تطبیق محتوایی کافی نداشتند.
S861,,رد,تحلیل مدل مالی، ساختار سرمایه‌گذاری کنسرسیوم صنایع و قراردادهای خرید تضمینی آب (ECA) در پروژه انتقال آب دریای عمان به استان اصفهان,,شرکت تأمین آب صفه (اصفهان) با همکاری ایمیدرو,https://sofeh-water.ir/reports/oman-sea-financial-model-1403/,,,,,"network_error, http_error, network_error",search_error,لینک‌های ارائه‌شده در دسترس نبودند و منبع هم‌عنوان مستقلی پیدا نشد.
S862,,رد,ارزیابی اثرات زیست‌محیطی (EIA) تخلیه پساب تغلیظ‌شده آب‌شیرین‌کن‌ها (Brine Discharge) بر بوم‌سازگان مرجانی و شیلاتی خلیج چابهار و دریای عمان,,پژوهشگاه ملی اقیانوس‌شناسی و علوم جوی (مرکز اقیانوس‌شناسی چابهار),https://inio.ac.ir/reports/brine-discharge-oman-sea-eia-1403/,,,,,"network_error, http_error, network_error",search_error,لینک‌های ارائه‌شده در دسترس نبودند و منبع هم‌عنوان مستقلی پیدا نشد.
S863,,رد,مدل‌سازی مصرف انرژی، ردپای کربن و ناترازی شبکه برق ناشی از پمپاژ آب دریا در مسیر ۹۵۰ کیلومتری از سیریک تا اصفهان با هد هیدرولیکی ۲۴۰۰ متر,,دانشگاه صنعتی شریف (نشریه انرژی و محیط زیست ایران),https://energy.sharif.edu/article_14102.html,,,,not_registered,"http_error, network_error, challenge, network_error",search_error,DOI ارائه‌شده در Crossref ثبت نشده و منبع هم‌عنوان مستقلی پیدا نشد.
S864,,رد,گزارش عملکرد پنج‌ساله خط اول انتقال آب خلیج فارس به صنایع جنوب شرق (گل‌گهر، سرچشمه و چادرملو) و درس‌آموخته‌های آن برای خط انتقال اصفهان,,شرکت تأمین و انتقال آب خلیج فارس (واسکو),https://wasco.ir/reports/5years-performance-line1-1402/,,,,,"network_error, empty, network_error",search_error,لینک‌های ارائه‌شده در دسترس نبودند و منبع هم‌عنوان مستقلی پیدا نشد.
S865,,رد,تحلیل اقتصادی هزینه تمام‌شده واقعی هر مترمکعب آب نمک‌زدایی‌شده تحویلی به اصفهان (۲.۸ تا ۳.۶ یورو) و رقابت‌پذیری صادرات فولاد مبارکه و ذوب‌آهن,,مؤسسه عالی آموزش و پژوهش مدیریت و برنامه‌ریزی (ریاست جمهوری),https://imps.ac.ir/reports/desalinated-water-lcow-steel-1402/,https://imps.ac.ir/Pages/View/Error.aspx?aspxerrorpath=/reports/desalinated-water-lcow-steel-1402/,live_page,0.206,,"live_html, http_error, http_error",search_error,صفحه‌ها یا نتایج جست‌وجو با عنوان/اطلاعات منبع تطبیق محتوایی کافی نداشتند.
S866,,رد,سند بازنگری سهمیه‌بندی و نظام تعرفه‌گذاری آب نمک‌زدایی‌شده دریای عمان میان بخش‌های صنعت، شرب اضطراری و تعادل‌بخشی آبخوان اصفهان,,وزارت نیرو (معاونت آب و آبفا / دفتر برنامه‌ریزی کلان),https://moe.ir/tariffs/desalinated-water-tariff-isfahan-1403/,,,,,"network_error, challenge, network_error",search_error,صفحه‌ها یا نتایج جست‌وجو با عنوان/اطلاعات منبع تطبیق محتوایی کافی نداشتند.
S867,,رد,بررسی ژئوتکنیکی و لرزه‌زمین‌ساختی مسیر ۹۵۰ کیلومتری خط لوله انتقال آب دریای عمان در تقاطع با گسل‌های فعال مکران، پشت‌بادام و نایبند,,دانشگاه تربیت مدرس (فصلنامه زمین‌شناسی مهندسی),https://ijeg.modares.ac.ir/article_13812.html,,,,not_registered,"http_error, network_error, challenge, network_error",search_error,DOI ارائه‌شده در Crossref ثبت نشده و منبع هم‌عنوان مستقلی پیدا نشد.
S868,,رد,نقد هیدروپلیتیکی و اکولوژیکی انتقال آب دریا به کویر مرکزی ایران از منظر پارادوکس تقاضا و خطر شکل‌گیری کانون‌های جدید بارگذاری فولاد و صنایع,,دانشگاه تهران (فصلنامه پژوهش‌های جغرافیای انسانی),https://jhgr.ut.ac.ir/article_94105.html,,,,not_registered,"http_error, soft_404, challenge, empty",search_error,DOI ارائه‌شده در Crossref ثبت نشده و منبع هم‌عنوان مستقلی پیدا نشد.
S869,,رد,ارزیابی فنی و مقایسه‌ای فناوری‌های نمک‌زدایی حرارتی تقطیر چند مرحله‌ای (MED) با اسمز معکوس (SWRO) در آب‌شیرین‌کن‌های مگاتنی سواحل سیریک,,دانشگاه صنعتی امیرکبیر (پلی‌تکنیک تهران),https://jce.aut.ac.ir/article_13455.html,,,,not_registered,"http_error, network_error, challenge, network_error",search_error,DOI ارائه‌شده در Crossref ثبت نشده و منبع هم‌عنوان مستقلی پیدا نشد.
S870,,رد,گزارش راهبردی اتاق بازرگانی، صنایع، معادن و کشاورزی اصفهان پیرامون نقش انتقال آب دریا در صیانت از سرمایه‌گذاری‌های صنعتی و خروج از مناقشات زاگرس,,اتاق بازرگانی، صنایع، معادن و کشاورزی اصفهان,https://eccim.com/reports/oman-water-industrial-resilience-1403/,,,,,"http_error, http_error, http_error",search_error,لینک‌های ارائه‌شده در دسترس نبودند و منبع هم‌عنوان مستقلی پیدا نشد.
S871,,رد,بررسی هیدروژئوشیمیایی و اثرات اختلاط آب نمک‌زدایی‌شده دریای عمان با آبخوان‌های آبرفتی دشت اصفهان-برخوار در طرح‌های تغذیه مصنوعی مهار فرونشست,,دانشگاه صنعتی اصفهان (نشریه علوم آب و خاک),https://jstnar.iut.ac.ir/article_15410.html,,,,not_registered,"http_error, http_error, challenge, http_error",search_error,DOI ارائه‌شده در Crossref ثبت نشده و منبع هم‌عنوان مستقلی پیدا نشد.
S872,,رد,گزارش فنی و دستورالعمل پایش خوردگی خارجی و سامانه حفاظت کاتدی (CP) لوله‌های فولادی قطور انتقال آب دریا در اراضی فوق‌شور کویری,,انجمن خوردگی ایران با همکاری پژوهشگاه صنعت نفت,https://ica.ir/technical-reports/cathodic-protection-seawater-pipeline-1402/,,,,,"network_error, http_error, network_error",search_error,لینک‌های ارائه‌شده در دسترس نبودند و منبع هم‌عنوان مستقلی پیدا نشد.
S873,,رد,برنامه ملی بومی‌سازی تجهیزات راهبردی آب‌شیرین‌کن‌های غشایی (ممبران‌های پلیمری SWRO و توربین‌های بازیافت فشار) در شرکت‌های دانش‌بنیان,,معاونت علمی، فناوری و اقتصاد دانش‌بنیان ریاست جمهوری,https://isti.ir/programs/desalination-localization-roadmap-1402/,,,,,"network_error, challenge, network_error",search_error,صفحه‌ها یا نتایج جست‌وجو با عنوان/اطلاعات منبع تطبیق محتوایی کافی نداشتند.
S874,,رد,ارزیابی هیدرودینامیکی پدیده بازگردش پساب گرم و شور به حوضچه آبگیر (Recirculation Risk) در تأسیسات نمک‌زدایی سایت کوهستک سیریک,,دانشگاه علوم و فنون دریایی خرمشهر (نشریه اقیانوس‌شناسی فیزیکی),https://jpo.kmsu.ac.ir/article_14290.html,,,,not_registered,"http_error, network_error, challenge, network_error",search_error,DOI ارائه‌شده در Crossref ثبت نشده و منبع هم‌عنوان مستقلی پیدا نشد.
S875,,رد,مطالعه تطبیقی تجربیات کشورهای حوزه خلیج فارس (عربستان سعودی و امارات) در ابرپروژه‌های انتقال آب دریا به مناطق کویری و درس‌آموخته‌های آن برای ایران,,مرکز پژوهش‌های مجلس شورای اسلامی (دفتر مطالعات زیربنایی),https://rc.majlis.ir/fa/report/show/1891044,,,,,"challenge, http_error, challenge",search_error,صفحه‌ها یا نتایج جست‌وجو با عنوان/اطلاعات منبع تطبیق محتوایی کافی نداشتند.
S876,,رد,گزارش پیشرفت فیزیکی، مهندسی قطعات اجرایی و زمان‌بندی بهره‌برداری کامل از فاز اول خط انتقال آب دریای عمان به کلان‌شهر اصفهان تا پایان سال ۱۴۰۵,,شرکت تأمین آب صفه با همکاری استانداری اصفهان,https://ostan-es.ir/reports/oman-water-progress-report-1403/,,,,,"http_error, challenge, http_error",search_error,صفحه‌ها یا نتایج جست‌وجو با عنوان/اطلاعات منبع تطبیق محتوایی کافی نداشتند.
S877,,رد,دادنامه شعبه اول بازپرسی دادسرای دیوان محاسبات کشور در خصوص الزام به توقف تخصیص اعتبارات دولتی به پروژه سد ماندگان به علت فقدان مجوز EIA,,دیوان محاسبات کشور (دادسرای دیوان محاسبات),https://dmk.ir/court/mandegan-budget-freeze-order-1403/,,,,,"http_error, challenge, http_error",search_error,صفحه‌ها یا نتایج جست‌وجو با عنوان/اطلاعات منبع تطبیق محتوایی کافی نداشتند.
S878,,رد,گزارش دفتر ثبت آثار و بررسی‌های باستان‌شناسی پیرامون شناسایی ۳۲ غار باستانی و پناهگاه صخره‌ای پارینه‌سنگی در تنگه خرسان در خطر غرقاب دائمی سد خرسان ۳,,وزارت میراث فرهنگی، گردشگری و صنایع دستی (دفتر ثبت آثار تاریخی),https://mcth.ir/reports/paleolithic-caves-khersan-inundation-1402/,,,,,"network_error, http_error, network_error",search_error,لینک‌های ارائه‌شده در دسترس نبودند و منبع هم‌عنوان مستقلی پیدا نشد.
S879,,رد,تحلیل هیدرولوژیکی پیامدهای احداث سد انحرافی ماندگان بر قطع دبی پایه رودخانه ماربر در ماه‌های کم‌آبی تابستان و خشکیدن باغات کمه و پادنای سفلی,,مرکز تحقیقات و آموزش کشاورزی و منابع طبیعی استان اصفهان (تات),https://esfahan-areeo.ir/reports/mandegan-marbar-baseflow-damage-1403/,,,,,"network_error, http_error, network_error",search_error,لینک‌های ارائه‌شده در دسترس نبودند و منبع هم‌عنوان مستقلی پیدا نشد.
S880,,رد,طومار و دادخواست ۵۰ هزار نفری کنشگران محیط زیست، دانشگاهیان و جوامع محلی زاگرس به دبیرکل یونسکو پیرامون ممانعت از تخریب ذخیره‌گاه زیست‌کره دنا,,پویش نجات دنا (کمپین بین‌المللی صیانت از زاگرس),https://savena.ir/petitions/unesco-dena-mandegan-appeal-1403/,,,,,"network_error, http_error, network_error",search_error,لینک‌های ارائه‌شده در دسترس نبودند و منبع هم‌عنوان مستقلی پیدا نشد.
S881,,رد,گزارش فنی مطالعات تکمیلی ژئوفیزیک، سونداژ مغناطیسی و آزمایش‌های لوژان ساختگاه سد ماندگان پیرامون مخاطرات فرار آب از درزه‌های تکتونیکی دنا,,شرکت مهندسین مشاور مهاب قدس (وزارت نیرو),https://mahabghodss.net/reports/mandegan-geotechnical-lugeon-1402/,,,,,"network_error, challenge, network_error",search_error,صفحه‌ها یا نتایج جست‌وجو با عنوان/اطلاعات منبع تطبیق محتوایی کافی نداشتند.
S882,,رد,ارزیابی اقتصادی بازدهی سرمایه‌گذاری نیروگاه برق‌آبی ۴۰۰ مگاواتی سد خرسان ۳ با احتساب هزینه‌های بازاسکان ۲۴ روستا و جابجایی دکل‌های خطوط انتقال,,دانشگاه شهید بهشتی (نشریه تحقیقات اقتصادی و انرژی ایران),https://jeer.sbu.ac.ir/article_13922.html,,,,not_registered,"http_error, network_error, challenge, network_error",search_error,DOI ارائه‌شده در Crossref ثبت نشده و منبع هم‌عنوان مستقلی پیدا نشد.
S883,,رد,گزارش اعلام جرم اداره کل منابع طبیعی و آبخیزداری استان کهگیلویه و بویراحمد علیه پیمانکار سد ماندگان به علت قطع غیرمجاز درختان بنه و ارس,,اداره کل منابع طبیعی و آبخیزداری استان کهگیلویه و بویراحمد,https://kb-frw.ir/reports/mandegan-forest-destruction-complaint-1403/,,,,,"network_error, http_error, network_error",no_results,لینک‌های ارائه‌شده در دسترس نبودند و منبع هم‌عنوان مستقلی پیدا نشد.
S884,,رد,بررسی تطبیقی تعارضات طرح سد خرسان ۳ با کنوانسیون بین‌المللی تنوع زیستی (CBD) و ارزیابی انقراض جمعیتی گونه‌های ماهیان آب شیرین اندمیک کارون,,دانشگاه گیلان (نشریه بوم‌شناسی و شیلات آب شیرین),https://jifro.guilan.ac.ir/article_14820.html,,,,not_registered,"http_error, network_error, challenge, network_error",search_error,DOI ارائه‌شده در Crossref ثبت نشده و منبع هم‌عنوان مستقلی پیدا نشد.
S885,,رد,تحلیل فقهی-حقوقی سیاست‌های کلی ابلاغی مقام معظم رهبری در بخش «محیط زیست» (۱۳۹۴) و بندهای آمره پیرامون مدیریت جامع حوضه‌های آبریز و آمایش سرزمین,,پژوهشگاه قوه قضائیه (فصلنامه حقوقی قضا),https://jlj.ijri.ir/article_14205.html,,,,not_registered,"http_error, network_error, http_error, network_error",search_error,DOI ارائه‌شده در Crossref ثبت نشده و منبع هم‌عنوان مستقلی پیدا نشد.
S886,,رد,بخشنامه رئیس قوه قضائیه به کلیه دادستان‌ها و مراجع قضایی سراسر کشور در خصوص تعقیب کیفری ترک‌فعل مدیران اجرایی در صیانت از منابع آب و مقابله با فرونشست زمین,,قوه قضائیه (دفتر رئیس قوه قضائیه),https://eadl.ir/circulars/water-dereliction-subsidence-1402/,,,,,"network_error, live_html, network_error",no_results,صفحه‌ها یا نتایج جست‌وجو با عنوان/اطلاعات منبع تطبیق محتوایی کافی نداشتند.
S887,,رد,دستورالعمل کارگروه تنظیم بازار و ستاد اقتصادی دولت پیرامون وضع عوارض بر مصرف آب صنایع آب‌بر فلات مرکزی برای تأمین صندوق خسارت نکاشت کشاورزان,,وزارت امور اقتصادی و دارایی با همکاری وزارت صمت,https://mefa.ir/directives/industrial-water-levy-compensation-1402/,,,,,"http_error, challenge, http_error",search_error,صفحه‌ها یا نتایج جست‌وجو با عنوان/اطلاعات منبع تطبیق محتوایی کافی نداشتند.
S888,,رد,رأی قطعی دادگاه ویژه اصل ۴۹ قانون اساسی پیرامون خلع ید از اراضی متصرفی بستر رودخانه زاینده‌رود و تخریب ویلاها و باغات غیرقانونی بالادست سد زاینده‌رود,,دادگستری کل استان اصفهان (شعبه دادگاه اصل ۴۹ قانون اساسی),https://dadgostari-es.eadl.ir/news/zayandehrud-riverbed-liberation-verdict-1403/,,,,,"network_error, challenge, network_error",search_error,صفحه‌ها یا نتایج جست‌وجو با عنوان/اطلاعات منبع تطبیق محتوایی کافی نداشتند.
S889,,رد,مصوبه مشترک ستاد پدافند زیستی کشور و شورای امنیت کشور (شاک) پیرامون سطح‌بندی امنیتی مخازن و تصفیه‌خانه‌های آب شرب کلان‌شهرهای فلات مرکزی,,ستاد پدافند زیستی کشور با همکاری شورای امنیت کشور (شاک),https://paydandefence.ir/biodefense/water-security-classification-1402/,,,,,"network_error, challenge, network_error",search_error,صفحه‌ها یا نتایج جست‌وجو با عنوان/اطلاعات منبع تطبیق محتوایی کافی نداشتند.
S890,,رد,گزارش پژوهشی مرکز مطالعات استراتژیک مجمع تشخیص مصلحت نظام پیرامون همبستگی متغیرهای ناترازی آب، تخلیه زیست‌بوم و سناریوهای بازآرایی مرزهای حوضه‌ای کشور,,مرکز تحقیقات راهبردی مجمع تشخیص مصلحت نظام,https://csr.ir/reports/water-governance-basin-reconfiguration-1402/,,,,,"http_error, http_error, http_error",no_results,لینک‌های ارائه‌شده در دسترس نبودند و منبع هم‌عنوان مستقلی پیدا نشد.
S891,,رد,بیانیه مشترک ائمه جمعه و علمای برجسته حوزه‌های علمیه استان‌های اصفهان، چهارمحال و بختیاری و خوزستان در دعوت به وحدت اسلامی، صلح آبی و توزیع منصفانه آب,,شورای سیاست‌گذاری ائمه جمعه کشور,https://imamat.ir/statements/ulama-joint-water-peace-1402/,,,,,"network_error, challenge, network_error",search_error,صفحه‌ها یا نتایج جست‌وجو با عنوان/اطلاعات منبع تطبیق محتوایی کافی نداشتند.
S892,,رد,گزارش نظارتی کمیسیون اصل نود قانون اساسی مجلس شورای اسلامی در رسیدگی به شکایات کشاورزان بیرگان پیرامون تخلفات پروژه تونل سوم کوهرنگ,,مجلس شورای اسلامی (کمیسیون اصل نود قانون اساسی),https://majlis.ir/news/article90-kuhrang3-biregan-report-1403/,,,,,"challenge, challenge, challenge",search_error,صفحه‌ها یا نتایج جست‌وجو با عنوان/اطلاعات منبع تطبیق محتوایی کافی نداشتند.
S893,,رد,برنامه عمل ملی و سند راهبردی احیا و حفاظت از تالاب بین‌المللی شادگان بر پایه رویکرد زیست‌بومی و استانداردهای کنوانسیون رامسر,,سازمان حفاظت محیط زیست با همکاری برنامه عمران ملل متحد (UNDP),https://doe.ir/wetlands/shadegan-national-action-plan-1402/,,,,,"network_error, challenge, network_error",search_error,صفحه‌ها یا نتایج جست‌وجو با عنوان/اطلاعات منبع تطبیق محتوایی کافی نداشتند.
S894,,رد,پایش و ارزیابی غلظت فلزات سنگین (سرب، کادمیوم و جیوه) و هیدروکربن‌های نفتی در رسوبات سطحی اروندرود و بهمنشیر و مخاطرات زیستی آن بر صیدگاه‌های جنوب خوزستان,,پژوهشکده آبزی‌پروری جنوب کشور (مؤسسه تحقیقات علوم شیلاتی کشور),https://rifs.areeo.ac.ir/reports/heavy-metals-arvand-bahmanshir-1402/,,,,,"network_error, http_error, network_error",search_error,لینک‌های ارائه‌شده در دسترس نبودند و منبع هم‌عنوان مستقلی پیدا نشد.
S895,,رد,مدل‌سازی انتشار و پراکنش دینامیکی ذرات گرد و غبار با مدل جفت‌شده WRF-Chem و ارزیابی سهم خشکیدگی تالاب‌های خوزستان در تولید طوفان‌های غبار تابستانه,,پژوهشکده علوم آب و محیط زیست دانشگاه صنعتی اصفهان,https://riwe.iut.ac.ir/article_wrfchem_dust_khuzestan_1403.html,,,,not_registered,"http_error, network_error, challenge, network_error",search_error,DOI ارائه‌شده در Crossref ثبت نشده و منبع هم‌عنوان مستقلی پیدا نشد.
S896,,رد,گزارش تفصیلی علل ناکامی و شکست برنامه‌های بازسازی و نوسازی نخلستان‌های اروندکنار و خرمشهر پس از جنگ تحمیلی در اثر شوری آب و عدم تأمین حق‌آبه کارون,,سازمان مدیریت و برنامه‌ریزی استان خوزستان,https://khz.mporg.ir/reports/date-palm-reconstruction-failure-1402/,,,,,"network_error, http_error, network_error",search_error,لینک‌های ارائه‌شده در دسترس نبودند و منبع هم‌عنوان مستقلی پیدا نشد.
S897,,رد,بررسی اکوهیدرولوژیکی پدیده شکوفایی جلبکی مضر (HAB) و بلوم دینوفلاژله‌ها در مصب رودخانه کارون و بهمنشیر ناشی از رکود جریان و غنی‌شدگی با فسفات,,دانشگاه علوم و فنون دریایی خرمشهر (نشریه زیست‌شناسی دریا),https://jmb.kmsu.ac.ir/article_14690.html,,,,not_registered,"http_error, soft_404, challenge, empty",search_error,DOI ارائه‌شده در Crossref ثبت نشده و منبع هم‌عنوان مستقلی پیدا نشد.
S898,,رد,گزارش پایش فنی شرکت ملی مناطق نفت‌خیز جنوب پیرامون خطرات ناشی از فرونشست زمین، پیشروی کانون‌های نمکی و تهدید خطوط لوله انتقال نفت خام در جلگه خوزستان,,شرکت ملی مناطق نفت‌خیز جنوب (NISOC),https://nisoc.ir/technical-reports/oil-pipelines-subsidence-threat-1402/,,,,,"network_error, http_error, network_error",search_error,لینک‌های ارائه‌شده در دسترس نبودند و منبع هم‌عنوان مستقلی پیدا نشد.
S899,,رد,پیامدهای جامعه‌شناختی فروپاشی نظام عشایری و تغییرات ساختار خانواده در جوامع بومی عرب هورالعظیم و شادگان در پی بحران خشکی تالاب‌ها,,دانشگاه شهید چمران اهواز (فصلنامه مطالعات اجتماعی و روانشناختی),https://jss.scu.ac.ir/article_14990.html,,,,not_registered,"http_error, network_error, challenge, network_error",search_error,DOI ارائه‌شده در Crossref ثبت نشده و منبع هم‌عنوان مستقلی پیدا نشد.
S900,,رد,بیانیه و قطعنامه مشترک نظام‌های صنفی کشاورزی استان خوزستان، شادگان و دشت آزادگان در مطالبه تضمین حق‌آبه کشت‌های پاییزه و توقف انتقال آب سرشاخه‌ها,,نظام صنفی کشاورزی و منابع طبیعی استان خوزستان,https://khzagri.ir/resolutions/farmers-guild-joint-resolution-1403/,,,,,"network_error, challenge, network_error",search_error,صفحه‌ها یا نتایج جست‌وجو با عنوان/اطلاعات منبع تطبیق محتوایی کافی نداشتند.
S901,,رد,طومار شیخ بهایی و اسناد تحدید حدود حق‌آبه‌های سنتی مادی‌ها و بلوکات هجده‌گانه اصفهان و رودشت در انطباق با قواعد فقهی حقوق مکتسبه,,سازمان اسناد و کتابخانه ملی جمهوری اسلامی ایران با همکاری انجمن ژئوپلیتیک ایران,https://nlai.ir/documents/historical-zayandehrud-scroll-legal-study,,,,,"http_error, http_error, http_error",search_error,لینک‌های ارائه‌شده در دسترس نبودند و منبع هم‌عنوان مستقلی پیدا نشد.
S902,,رد,سند توافق‌نامه پنج‌جانبه وزارت نیرو، استانداری‌های اصفهان، چهارمحال و بختیاری، خوزستان و صنف کشاورزان پیرامون تخصیص آب کوهرنگ و سهمیه صنایع (۱۳۹۳),,دبیرخانه شورای عالی آب و وزارت نیرو,https://moe.gov.ir/treaties/five-party-agreement-zayandehrud-1393,,,,,"network_error, challenge, network_error",search_error,صفحه‌ها یا نتایج جست‌وجو با عنوان/اطلاعات منبع تطبیق محتوایی کافی نداشتند.
S903,,رد,گزارش تفریغ و حسابرسی عملکرد دیوان محاسبات کشور پیرامون اعتبارات احداث سد و تونل بهشت‌آباد و کوهرنگ ۳ در قوانین بودجه دهه ۹۰,,دیوان محاسبات کشور (معاونت فنی و حسابرسی امور زیربنایی),https://dmk.ir/reports/tafrigh-budget-beheshtabad-koohrang-audit,,,,,"http_error, challenge, http_error",search_error,صفحه‌ها یا نتایج جست‌وجو با عنوان/اطلاعات منبع تطبیق محتوایی کافی نداشتند.
S904,,رد,ابلاغیه رسمی سازمان برنامه و بودجه کشور در خصوص رد ردیف اعتباری عملیات اجرایی خط لوله بهشت‌آباد به دلیل عدم اخذ مجوز ماده ۲۳ قانون الحاق,,سازمان برنامه و بودجه کشور (امور آب، کشاورزی و محیط زیست),https://mporg.ir/decrees/beheshtabad-article23-budget-rejection,,,,,"network_error, challenge, network_error",search_error,صفحه‌ها یا نتایج جست‌وجو با عنوان/اطلاعات منبع تطبیق محتوایی کافی نداشتند.
S905,,رد,گزارش کارشناسی اداره کل پدافند غیرعامل استان اصفهان پیرامون مخاطرات امنیتی ناشی از قطع جریان دائمی زاینده‌رود بر تأسیسات پالایشگاهی، نظامی و هسته‌ای اصفهان,,اداره کل پدافند غیرعامل استانداری اصفهان و سازمان پدافند غیرعامل کشور,https://isfahan.ostan-es.ir/passive-defense/reports/zayandeh-security-hazards-1402,,,,,"http_error, challenge, http_error",search_error,صفحه‌ها یا نتایج جست‌وجو با عنوان/اطلاعات منبع تطبیق محتوایی کافی نداشتند.
S906,,رد,قطعنامه مشترک همایش ملی احیای زاینده‌رود با حضور اساتید دانشگاه صنعتی اصفهان، دانشگاه تهران و مدیران آب منطقه‌ای: سند ۱۲ ماده‌ای نجات تمدن مرکزی ایران,,پژوهشکده آب و محیط زیست دانشگاه صنعتی اصفهان,https://iut.ac.ir/resolutions/national-conference-zayandehrud-revival-1400,,,,,"http_error, challenge, http_error",search_error,صفحه‌ها یا نتایج جست‌وجو با عنوان/اطلاعات منبع تطبیق محتوایی کافی نداشتند.
S907,,رد,سند گزارش سازمان زمین‌شناسی و اکتشافات معدنی پیرامون نقشه پهنه‌بندی خطر شکاف‌های فرونشست زمین و تخریب زیرساخت‌های ریلی و مسکونی اصفهان ناشی از صفر شدن آبخوان زاینده‌رود,,سازمان زمین‌شناسی و اکتشافات معدنی کشور (مرکز اصفهان),https://gsi.ir/reports/isfahan-subsidence-fissures-hazard-mapping,,,,,"network_error, challenge, network_error",no_results,صفحه‌ها یا نتایج جست‌وجو با عنوان/اطلاعات منبع تطبیق محتوایی کافی نداشتند.
S908,,رد,صورتجلسه رسمی کمیته تخصصی شورای عالی حفاظت محیط زیست در خصوص ابطال ارزیابی اثرات زیست‌محیطی تونل انتقال آب بهشت‌آباد در گردنه رخ,,شورای عالی حفاظت محیط زیست و سازمان حفاظت محیط زیست,https://doe.ir/minutes/beheshtabad-tunnel-revocation-meeting-1398,,,,,"network_error, challenge, network_error",search_error,صفحه‌ها یا نتایج جست‌وجو با عنوان/اطلاعات منبع تطبیق محتوایی کافی نداشتند.
S909,,رد,سند نظام‌نامه تخصیص آب شرکت مدیریت منابع آب ایران در حوضه آبریز فلات مرکزی و کارون بزرگ: بیلان رسمی مصارف و منابع (سال آبی ۱۴۰۱-۱۴۰۲),,شرکت مدیریت منابع آب ایران (دفتر برنامه‌ریزی کلان آب و آبفا),https://wrm.ir/reports/water-balance-ledger-central-plateau-1402,,,,,"http_error, challenge, http_error",search_error,صفحه‌ها یا نتایج جست‌وجو با عنوان/اطلاعات منبع تطبیق محتوایی کافی نداشتند.
S910,,رد,سند بیانیه مشترک تشکل‌های اساتید دانشگاه‌های استان خوزستان پیرامون تبعات اکولوژیکی و اقتصادی طرح‌های بهشت‌آباد و کوهرنگ ۳ بر جلگه خوزستان و نخلستان‌های شادگان,,مجمع صنفی اعضای هیئت علمی دانشگاه‌های خوزستان (چمران، جندی‌شاپور، نفت و علوم دریایی),https://scu.ac.ir/statements/khuzestan-professors-zayandeh-transfer-warning-1400,,,,,"challenge, challenge, challenge",no_results,صفحه‌ها یا نتایج جست‌وجو با عنوان/اطلاعات منبع تطبیق محتوایی کافی نداشتند.
S911,,رد,گزارش تفصیلی بازرسی کل استان چهارمحال و بختیاری در خصوص خشکیدگی چشمه مروارید و چشمه‌های دشت بیرگان در اثر حفاری تونل سوم کوهرنگ,,سازمان بازرسی کل کشور (اداره کل بازرسی استان چهارمحال و بختیاری),https://bazresi.ir/reports/chaharmahal-birgan-morvarid-spring-inspection-1399,,,,,"network_error, http_error, network_error",search_error,لینک‌های ارائه‌شده در دسترس نبودند و منبع هم‌عنوان مستقلی پیدا نشد.
S912,,رد,طومار رسمی و بیانیه مشترک کشاورزان شرق و غرب اصفهان به دبیرخانه مجمع تشخیص مصلحت نظام در خصوص لزوم اجرای سیاست‌های کلی نظام در بخش آب,,مجمع نمایندگان صنف کشاورزان استان اصفهان,https://isfahan-agriguild.ir/petitions/farmers-joint-petition-expediency-council-1400,,,,,"network_error, challenge, network_error",search_error,صفحه‌ها یا نتایج جست‌وجو با عنوان/اطلاعات منبع تطبیق محتوایی کافی نداشتند.
S913,,رد,سند نقشه راه احیای زاینده‌رود مصوب ستاد احیای حوضه آبریز زاینده‌رود با مشارکت اتاق بازرگانی، صنایع، معادن و کشاورزی اصفهان,,اتاق بازرگانی، صنایع، معادن و کشاورزی اصفهان (کمیسیون آب و محیط زیست),https://eccim.com/reports/zayandeh-revival-roadmap-chamber-of-commerce-1401,,,,,"http_error, challenge, http_error",search_error,صفحه‌ها یا نتایج جست‌وجو با عنوان/اطلاعات منبع تطبیق محتوایی کافی نداشتند.
S914,,رد,گزارش محرمانه پژوهشکده مطالعات راهبردی پیرامون تحلیل امنیتی بحران آب زاینده‌رود: پیوند شکاف‌های استانی، رسانه‌ای شدن منازعات هیدروپلیتیک و تهدید همبستگی ملی,,پژوهشکده مطالعات راهبردی (وابسته به وزارت علوم و نهادهای امنیتی),https://riss.ir/strategic-reports/zayandehrud-security-implications-classified-1400,,,,,"network_error, http_error, network_error",search_error,لینک‌های ارائه‌شده در دسترس نبودند و منبع هم‌عنوان مستقلی پیدا نشد.
S915,,رد,سند تعهدنامه رسمی صنایع بزرگ اصفهان (فولاد مبارکه، ذوب‌آهن، پتروشیمی، پالایشگاه) مبنی بر واگذاری کامل پساب و قطع قطعی برداشت از زاینده‌رود تا سال ۱۴۰۴,,وزارت صمت با همکاری استانداری اصفهان و شرکت آب منطقه‌ای اصفهان,https://mimt.gov.ir/treaties/isfahan-industries-zayandehrud-withdrawal-cessation-1401,,,,,"network_error, challenge, network_error",search_error,صفحه‌ها یا نتایج جست‌وجو با عنوان/اطلاعات منبع تطبیق محتوایی کافی نداشتند.
S916,,رد,ابلاغیه رسمی وزیر نیرو در خصوص تخصیص آب طرح خط دوم آبرسانی به یزد از بهشت‌آباد و جایگزینی آن با خط انتقال دریای عمان,,دفتر وزیر نیرو و شرکت مدیریت منابع آب ایران,https://moe.gov.ir/directives/yazd-water-allocation-oman-sea-substitution-1401,,,,,"network_error, challenge, network_error",search_error,صفحه‌ها یا نتایج جست‌وجو با عنوان/اطلاعات منبع تطبیق محتوایی کافی نداشتند.
S917,,رد,گزارش کارشناسی شرکت آب منطقه‌ای اصفهان در خصوص بیلان آب زیرزمینی دشت‌های اردستان، کاشان و برخوار و لزوم تزریق آب زاینده‌رود برای پیشگیری از مرگ آبخوان‌ها,,شرکت سهامی آب منطقه‌ای اصفهان (معاونت حفاظت و بهره‌برداری),https://esrw.ir/reports/groundwater-balance-ardestan-kashan-borkhar-1402,,,,,"network_error, challenge, network_error",search_error,صفحه‌ها یا نتایج جست‌وجو با عنوان/اطلاعات منبع تطبیق محتوایی کافی نداشتند.
S918,,رد,سند پیمان‌نامه عرفی حق‌آبه‌داران زاینده‌رود (مشهور به دفترچه سهم‌بندی رودشت و ماربین) و انطباق آن با قوانین مدنی و اصل ۴۴ قانون اساسی,,سازمان ثبت اسناد و املاک کشور (اداره کل ثبت اسناد و املاک استان اصفهان),https://ssaa.ir/reports/zayandehrud-customary-water-deeds-legal-status-1400,,,,,"network_error, http_error, network_error",search_error,لینک‌های ارائه‌شده در دسترس نبودند و منبع هم‌عنوان مستقلی پیدا نشد.
S919,,رد,شکواییه رسمی صنف کشاورزان اصفهان به دیوان عدالت اداری علیه وزارت نیرو در خصوص استنکاف از اجرای بند ۲ مصوبه ۹ ماده‌ای شورای عالی آب و فروش غیرقانونی اشتراک آب,,دیوان عدالت اداری (شعبه رسیدگی به دعاوی اراضی و آب),https://divan-edalat.ir/lawsuits/isfahan-farmers-guild-against-moe-1400,,,,,"http_error, http_error, http_error",search_error,لینک‌های ارائه‌شده در دسترس نبودند و منبع هم‌عنوان مستقلی پیدا نشد.
S920,,رد,شکواییه حقوقی مجمع نمایندگان استان چهارمحال و بختیاری به دادستانی کل کشور پیرامون خسارات جبران‌ناپذیر تونل کوهرنگ ۳ به منابع آب شرب بیرگان و کوهرنگ,,دادستانی کل کشور و مجمع نمایندگان استان چهارمحال و بختیاری,https://dadsetani.ir/complaints/chaharmahal-mps-against-koohrang3-tunnel-1399,,,,,"network_error, challenge, network_error",search_error,صفحه‌ها یا نتایج جست‌وجو با عنوان/اطلاعات منبع تطبیق محتوایی کافی نداشتند.
S921,,رد,دادخواست ابطال مجوز تخصیص آب صنایع مستقر در دشت ممنوعه اصفهان-برخوار به هیئت عمومی دیوان عدالت اداری توسط دیده‌بان شفافیت و عدالت,,دیوان عدالت اداری و سازمان مردم‌نهاد دیده‌بان شفافیت و عدالت,https://divan-edalat.ir/petitions/transparency-watch-isfahan-industry-water-annulment-1401,,,,,"http_error, http_error, http_error",search_error,لینک‌های ارائه‌شده در دسترس نبودند و منبع هم‌عنوان مستقلی پیدا نشد.
S922,,رد,شکواییه مجمع تشکل‌های زیست‌محیطی خوزستان به کمیسیون اصل نود قانون اساسی مجلس شورای اسلامی پیرامون پیامدهای انتقال آب سرشاخه‌ها بر شوری کارون و تخریب نخلستان‌های اروندکنار,,کمیسیون اصل نود قانون اساسی مجلس شورای اسلامی,https://majlis.ir/article90/complaints/khuzestan-ngos-karun-salinity-1400,,,,,"challenge, challenge, challenge",search_error,صفحه‌ها یا نتایج جست‌وجو با عنوان/اطلاعات منبع تطبیق محتوایی کافی نداشتند.
S923,,رد,شکواییه کیفری و دادخواست صدور دستور موقت صنف کشاورزان شرق اصفهان علیه بارگذاری‌های جدید بالادست حوضه زاینده‌رود در استان چهارمحال و بختیاری (طرح بن-بروجن),,دادگستری کل استان اصفهان و دیوان عالی کشور,https://dadgostari-es.ir/lawsuits/farmers-injunction-petition-ben-boroujen-1400,,,,,"network_error, live_html, network_error",search_error,صفحه‌ها یا نتایج جست‌وجو با عنوان/اطلاعات منبع تطبیق محتوایی کافی نداشتند.
S924,,رد,شکواییه اهالی و معتمدین روستاهای بیرگان و دهنو به شعبه ویژه رسیدگی به تخلفات زیست‌محیطی قوه قضاییه علیه شرکت آب منطقه‌ای اصفهان و پیمانکار کوهرنگ ۳,,دادسرای عمومی و انقلاب شهرستان کوهرنگ و دادگستری استان چهارمحال و بختیاری,https://chb-dadgostari.ir/lawsuits/birgan-villagers-complaint-koohrang3-contractor-1398,,,,,"network_error, live_html, network_error",search_error,صفحه‌ها یا نتایج جست‌وجو با عنوان/اطلاعات منبع تطبیق محتوایی کافی نداشتند.
S925,,رد,دادخواست حقوقی جمعی از اساتید حقوق و حقوقدانان اصفهان به دیوان عدالت اداری پیرامون نقض حق بر آب و محیط زیست سالم ناشی از خشک شدن زاینده‌رود و تالاب گاوخونی,,دیوان عدالت اداری و کانون وکلای دادگستری اصفهان,https://isfahanbar.org/statements/jurists-petition-zayandeh-healthy-environment-1401,,,,,"http_error, http_error, http_error",search_error,لینک‌های ارائه‌شده در دسترس نبودند و منبع هم‌عنوان مستقلی پیدا نشد.
S926,,رد,شکواییه و اعلام جرم دادستان عمومی و انقلاب استان اصفهان علیه تصرفات غیرمجاز، ساخت‌وسازهای تفریحی و برداشت‌های لوله‌ای در بستر و حریم زاینده‌رود,,دادسرای عمومی و انقلاب مرکز استان اصفهان,https://dadgostari-es.ir/prosecutor/indictment-illegal-zayandeh-withdrawals-1401,,,,,"network_error, live_html, network_error",search_error,صفحه‌ها یا نتایج جست‌وجو با عنوان/اطلاعات منبع تطبیق محتوایی کافی نداشتند.
S927,,رد,شکواییه سازمان بازرسی کل کشور به هیئت تطبیق مصوبات دولت با قوانین پیرامون غیرقانونی بودن تخصیص آب زاینده‌رود به صنایع غیرآب‌بر در دشت‌های بحرانی,,سازمان بازرسی کل کشور و هیئت بررسی و تطبیق مصوبات دولت با قوانین,https://bazresi.ir/complaints/board-of-regulations-industrial-water-quotas-1399,,,,,"network_error, http_error, network_error",search_error,لینک‌های ارائه‌شده در دسترس نبودند و منبع هم‌عنوان مستقلی پیدا نشد.
S928,,رد,شکایت انجمن صنفی مهندسان کشاورزی خوزستان به شعبه دیوان عدالت اداری علیه مصوبات کمیته تخصیص آب وزارت نیرو در حوضه کارون و کرخه,,دیوان عدالت اداری (شعبه ویژه دعاوی آب و نیرو),https://divan-edalat.ir/lawsuits/khuzestan-agricultural-engineers-guild-1401,,,,,"http_error, http_error, http_error",search_error,لینک‌های ارائه‌شده در دسترس نبودند و منبع هم‌عنوان مستقلی پیدا نشد.
S929,,رد,شکواییه رسمی نظام پزشکی و سازمان نظام مهندسی کشاورزی اصفهان به مراجع قضایی در خصوص شیوع بیماری‌های تنفسی و سالک ناشی از طوفان‌های گردوغبار تالاب خشکیده گاوخونی,,سازمان نظام پزشکی استان اصفهان و دادگستری کل استان اصفهان,https://isfahan-imc.ir/complaints/medical-council-gavkhouni-health-disaster-1402,,,,,"network_error, live_html, network_error",search_error,صفحه‌ها یا نتایج جست‌وجو با عنوان/اطلاعات منبع تطبیق محتوایی کافی نداشتند.
S930,,رد,شکواییه جمعی از زارعین و مالکان حق‌آبه نکوآباد و لنجان به دادگاه عمومی حقوقی فلاورجان در خصوص توقف تخلیه پساب سمی صنایع به شبکه کانال‌های زراعی,,دادگستری شهرستان فلاورجان و شرکت تعاونی کشاورزان لنجانات,https://dadgostari-es.ir/lawsuits/nekoabad-farmers-effluent-discharge-complaint-1400,,,,,"network_error, live_html, network_error",search_error,صفحه‌ها یا نتایج جست‌وجو با عنوان/اطلاعات منبع تطبیق محتوایی کافی نداشتند.
S931,,رد,طومار شکواییه و اعلام جرم بیش از ۵۰۰۰ تن از دانشجویان و فارغ‌التحصیلان محیط زیست کشور به ریاست قوه قضاییه درباره فاجعه احداث سد ماندگان در دنا و تهدید زاینده‌رود و کارون,,دفتر ریاست قوه قضاییه و مجمع انجمن‌های علمی دانشجویی محیط‌زیست ایران,https://ead.org.ir/petitions/students-indictment-mandegan-dam-dena-1402,,,,,"network_error, http_error, network_error",search_error,لینک‌های ارائه‌شده در دسترس نبودند و منبع هم‌عنوان مستقلی پیدا نشد.
S932,,رد,دادخواست صنف صیادان و بلم‌رانان هورالعظیم و اروند به کمیسیون حقوق بشر اسلامی پیرامون نقض حقوق بشر و معیشت بومیان در پی خشکیدگی پایین‌دست کارون توسط سدها و تونل‌ها,,کمیسیون حقوق بشر اسلامی ایران (دفتر جنوب),https://ihrc.ir/petitions/khuzestan-fishermen-hooralazim-water-diversion-1401,,,,,"http_error, http_error, http_error",search_error,لینک‌های ارائه‌شده در دسترس نبودند و منبع هم‌عنوان مستقلی پیدا نشد.
S933,,رد,شکواییه و اعتراض رسمی اعضای شورای اسلامی شهر اصفهان به وزیر کشور در خصوص رفتارهای خشونت‌آمیز با مطالبات مسالمت‌آمیز کشاورزان در بستر زاینده‌رود (آبان ۱۴۰۰),,شورای اسلامی شهر اصفهان و وزارت کشور,https://shora.isfahan.ir/statements/city-council-letter-interior-minister-farmers-protests-1400,,,,,"network_error, http_error, network_error",no_results,لینک‌های ارائه‌شده در دسترس نبودند و منبع هم‌عنوان مستقلی پیدا نشد.
S934,,رد,شکواییه مشترک نمایندگان حوضه زاگرس به هیئت نظارت بر رفتار نمایندگان مجلس درباره تحرکات تفرقه‌افکنانه و سخنان تحریک‌آمیز در موضوع آب,,مجلس شورای اسلامی (هیئت نظارت بر رفتار نمایندگان),https://majlis.ir/ethics-committee/complaints/zagros-mps-divisive-water-speeches-1400,,,,,"challenge, challenge, challenge",search_error,صفحه‌ها یا نتایج جست‌وجو با عنوان/اطلاعات منبع تطبیق محتوایی کافی نداشتند.
S935,,رد,مصاحبه تفصیلی با دکتر حمیدرضا صفوی (استاد تمام هیدرولوژی دانشگاه صنعتی اصفهان): کالبدشکافی توقف بهشت‌آباد، اشتباهات مهندسی در ارزیابی زمین‌شناسی و راهکارهای احیای واقعی زاینده‌رود,,خبرگزاری دانشجویان ایران (ایسنا),https://isna.ir/news/1401022818954/interview-prof-safavi-beheshtabad-zayandeh-flaws,,,,,"challenge, challenge, challenge",search_error,صفحه‌ها یا نتایج جست‌وجو با عنوان/اطلاعات منبع تطبیق محتوایی کافی نداشتند.
S936,,رد,مصاحبه با مهندس اسفندیار امینی (دبیر وقت نظام صنفی کشاورزان استان اصفهان): ناگفته‌های مصوبه ۹ ماده‌ای، فریب حق‌آبه‌داران و تاریخچه نادیده گرفتن حقوق شرعی کشاورزان,,روزنامه اصفهان زیبا,https://isfahanziba.ir/interviews/esfandiar-amini-zayandehrud-farmers-rights-unspoken,,,,,"http_error, challenge, http_error",no_results,صفحه‌ها یا نتایج جست‌وجو با عنوان/اطلاعات منبع تطبیق محتوایی کافی نداشتند.
S937,,رد,مصاحبه اختصاصی با دکتر مهدی قمشی (رئیس دانشکده علوم آب دانشگاه شهید چمران اهواز): چرا خوزستان با انتقال آب زاینده‌رود مخالفت می‌کند؟ ارزیابی حجم واقعی آورد کارون و فاجعه شوری کارون,,خبرگزاری مهر,https://mehrnews.com/news/5356241/interview-prof-ghomshi-why-khuzestan-opposes-water-transfer,,,,,"http_error, live_html, http_error",search_error,صفحه‌ها یا نتایج جست‌وجو با عنوان/اطلاعات منبع تطبیق محتوایی کافی نداشتند.
S938,,رد,گفت‌وگوی ویژه خبری با دکتر علی سلاجقه (معاون رئیس‌جمهور و رئیس سازمان حفاظت محیط زیست): خط قرمز محیط زیست در پروژه‌های ماندگان، بهشت‌آباد و کوهرنگ؛ هیچ پروژه‌ای بدون مجوز کلنگ نخواهد خورد,,شبکه خبر صدا و سیمای جمهوری اسلامی ایران (برنامه گفت‌وگوی ویژه خبری),https://iribnews.ir/news/3948512/salajegheh-special-dialogue-mandegan-beheshtabad-redline,,,,,"http_error, challenge, http_error",no_results,صفحه‌ها یا نتایج جست‌وجو با عنوان/اطلاعات منبع تطبیق محتوایی کافی نداشتند.
S939,,رد,مصاحبه با دکتر محمد درویش (کنشگر پیشکسوت محیط زیست کشور): ورشکستگی آبی حوضه زاینده‌رود ریشه در بارگذاری صنایع و توهم خودکفایی دارد، نه نبود انتقال آب دریا و کوهرنگ,,خبرگزاری کار ایران (ایلنا),https://ilna.ir/news/1169824/interview-mohammad-darvish-zayandehrud-bankruptcy-myths,,,,,"http_error, http_error, http_error",search_error,لینک‌های ارائه‌شده در دسترس نبودند و منبع هم‌عنوان مستقلی پیدا نشد.
S940,,رد,مصاحبه تفصیلی با مهندس مسعود میرمحمدصادقی (مدیرعامل پیشین شرکت آب منطقه‌ای اصفهان): ناگفته‌های اجرای تونل چشمه‌لنگان، خدنگستان و پرونده ناتمام سد و تونل سوم کوهرنگ,,روزنامه پیام ما,https://payamema.ir/interviews/mir-mohammadsadeghi-cheshmeh-langan-koohrang3-untold,,,,,"http_error, challenge, http_error",search_error,صفحه‌ها یا نتایج جست‌وجو با عنوان/اطلاعات منبع تطبیق محتوایی کافی نداشتند.
S941,,رد,مصاحبه با دکتر احمد بخشایش اردستانی (نماینده ادوار مجلس شورای اسلامی): پشت‌پرده لابی‌های مجلس در تصویب بودجه‌های انتقال آب و رقابت‌های منطقه‌ای اصفهان و استان‌های همجوار,عصر ترکیه آغاز به کار کرد - تابناک | TABNAK,پایگاه خبری تحلیلی تابناک,https://tabnak.ir/fa/news/1160845/interview-bakhshayesh-ardestani-parliamentary-water-lobby,https://www.tabnak.ir/fa/news/1160845/%D8%B9%D8%B5%D8%B1-%D8%AA%D8%B1%DA%A9%DB%8C%D9%87-%D8%A2%D8%BA%D8%A7%D8%B2-%D8%A8%D9%87-%DA%A9%D8%A7%D8%B1-%DA%A9%D8%B1%D8%AF,live_page,0.1463,,"live_html, http_error",search_error,صفحه‌ها یا نتایج جست‌وجو با عنوان/اطلاعات منبع تطبیق محتوایی کافی نداشتند.
S942,,رد,گفت‌وگوی تحلیلی با دکتر جلال‌الدین شایگان (استاد مهندسی شیمی دانشگاه صنعتی شریف): واقعیت‌های فنی و اقتصادی انتقال آب دریای عمان به اصفهان؛ هزینه هر مترمکعب و چالش‌های زیست‌محیطی نمک‌زدایی,,ماهنامه صنعت آب و برق (وزارت نیرو),https://waterindustry.moe.ir/interviews/prof-shayegan-oman-sea-desalination-costs-1402,,,,,"network_error, challenge, network_error",search_error,صفحه‌ها یا نتایج جست‌وجو با عنوان/اطلاعات منبع تطبیق محتوایی کافی نداشتند.
S943,,رد,مصاحبه با دکتر فاطمه ظفرنژاد (پژوهشگر برجسته توسعه پایدار و مدیریت آب): سدسازی و انتقال آب زاینده‌رود؛ تکرار پارادایم شکست‌خورده مهندسی سازه‌ای در برابر حق طبیعی رودخانه‌ها,,روزنامه شرق,https://sharghdaily.com/fa/news/834219/interview-fatemeh-zafarnejad-zayandeh-dam-paradigm,,,,,"http_error, http_error, http_error",search_error,لینک‌های ارائه‌شده در دسترس نبودند و منبع هم‌عنوان مستقلی پیدا نشد.
S944,,رد,مصاحبه تفصیلی با حجت‌الاسلام والمسلمین سید ناصر موسوی لارگانی (نماینده مردم فلاورجان در مجلس): فریاد کشاورزان غرب و شرق اصفهان در صحن علنی؛ زاینده‌رود خط قرمز معیشت و هویت ماست,,خبرگزاری تسنیم,https://tasnimnews.com/fa/news/1400/09/05/2614892/interview-mousavi-largani-zayandeh-farmers-cries,,,,,"network_error, network_error, network_error",search_error,لینک‌های ارائه‌شده در دسترس نبودند و منبع هم‌عنوان مستقلی پیدا نشد.
S945,,رد,مصاحبه با دکتر حسین حق‌شناس (معاون حمل‌ونقل و ترافیک شهرداری اصفهان و متخصص عمران): ابعاد بحران فرونشست زمین بر پل‌های تاریخی اصفهان (سی‌وسه‌پل و خواجو) و میراث فرهنگی جهان,,خبرگزاری میراث آریا (وزارت میراث فرهنگی و گردشگری),https://chtn.ir/news/1402030912/interview-dr-haghshenas-subsidence-threat-historic-bridges,,,,,"http_error, challenge, http_error",search_error,صفحه‌ها یا نتایج جست‌وجو با عنوان/اطلاعات منبع تطبیق محتوایی کافی نداشتند.
S946,,رد,مصاحبه با مهندس احمد یوسفی (کارشناس ارشد سدسازی و مشاور پروژه‌های هیدرولیکی زاگرس): گسل‌های فعال زاگرس، خطرات شکست لایه‌های کارستی و سرنوشت تلخ تونل‌های انحرافی در زاینده‌رود,,شبکه اطلاع‌رسانی آب و فاضلاب ایران (آب‌نیوز),https://watertimes.ir/interviews/yousefi-zagros-faults-tunnel-collapse-hazards,,,,,"network_error, challenge, network_error",search_error,صفحه‌ها یا نتایج جست‌وجو با عنوان/اطلاعات منبع تطبیق محتوایی کافی نداشتند.
S947,,رد,مصاحبه با دکتر محمد کوشافر (عضو هیئت علمی دانشگاه آزاد اسلامی و پژوهشگر تالاب گاوخونی): مرگ تدریجی گاوخونی و زایش بمب نمک و فلزات سنگین در مرکز ایران,,دیده‌بان محیط زیست و حیات وحش ایران (IEW),https://iew.ir/interviews/dr-koushafar-gavkhouni-death-salt-bomb-warning-1402,,,,,"http_error, challenge, http_error",search_error,صفحه‌ها یا نتایج جست‌وجو با عنوان/اطلاعات منبع تطبیق محتوایی کافی نداشتند.
S948,,رد,مصاحبه اختصاصی با حاج آقا بهرامی (از نمایندگان معتمد کشاورزان ورزنه و بن‌رود): ما حق‌آبه‌داریم، صدقه‌بگیر نیستیم؛ تاریخ ۴۰۰ ساله اسناد سهم آب کشاورزان شرق اصفهان,نماینده مجلس: مگر قرار است اصفهان یا شیراز را بزنیم که برد موشک‌ها ۳۰۰ کیلومتر باشد؟/معیشت، تنها ضرورت امروز کشور نیست,پایگاه خبری تحلیلی عصر ایران,https://asriran.com/fa/news/815412/interview-haj-bahrami-varzaneh-farmers-rights,https://www.asriran.com/fa/news/815412/%D9%86%D9%85%D8%A7%DB%8C%D9%86%D8%AF%D9%87-%D9%85%D8%AC%D9%84%D8%B3-%D9%85%DA%AF%D8%B1-%D9%82%D8%B1%D8%A7%D8%B1-%D8%A7%D8%B3%D8%AA-%D8%A7%D8%B5%D9%81%D9%87%D8%A7%D9%86-%DB%8C%D8%A7-%D8%B4%DB%8C%D8%B1%D8%A7%D8%B2-%D8%B1%D8%A7-%D8%A8%D8%B2%D9%86%DB%8C%D9%85-%DA%A9%D9%87-%D8%A8%D8%B1%D8%AF-%D9%85%D9%88%D8%B4%DA%A9%E2%80%8C%D9%87%D8%A7-%DB%B3%DB%B0%DB%B0-%DA%A9%DB%8C%D9%84%D9%88%D9%85%D8%AA%D8%B1-%D8%A8%D8%A7%D8%B4%D8%AF%D9%85%D8%B9%DB%8C%D8%B4%D8%AA-%D8%AA%D9%86%D9%87%D8%A7-%D8%B6%D8%B1%D9%88%D8%B1%D8%AA-%D8%A7%D9%85%D8%B1%D9%88%D8%B2-%DA%A9%D8%B4%D9%88%D8%B1-%D9%86%DB%8C%D8%B3%D8%AA,live_page,0.1771,,"live_html, http_error",search_error,صفحه‌ها یا نتایج جست‌وجو با عنوان/اطلاعات منبع تطبیق محتوایی کافی نداشتند.
S949,,رد,مصاحبه با دکتر کیومرث کلانتری (معاون اسبق سازمان حفاظت محیط زیست): بررسی حقوقی پرونده طرح انتقال آب بن-بروجن و ابعاد مناقشه حقوقی اصفهان و چهارمحال,,خبرگزاری جمهوری اسلامی (ایرنا),https://irna.ir/news/84823190/interview-kalantari-ben-boroujen-legal-disputes,,,,,"challenge, http_error, challenge",search_error,صفحه‌ها یا نتایج جست‌وجو با عنوان/اطلاعات منبع تطبیق محتوایی کافی نداشتند.
S950,,رد,مصاحبه تفصیلی با دکتر علیرضا مساح بوانی (استاد پردیس کشاورزی و منابع طبیعی دانشگاه تهران): تحلیل پیوند آب-غذا-انرژی (Nexus) در فلات مرکزی و اثر تغییر اقلیم بر کاهش تاب‌آوری انتقال آب به زاینده‌رود,,پژوهشنامه حکمرانی منابع طبیعی و انرژی,https://nrgov.ut.ac.ir/interviews/prof-massah-bavani-nexus-climate-change-zayandeh-1402,,,,,"network_error, http_error, network_error",search_error,لینک‌های ارائه‌شده در دسترس نبودند و منبع هم‌عنوان مستقلی پیدا نشد.
S951,,رد,سند بازنگری نظام تخصیص آب حوضه زاینده‌رود بر مبنای حسابداری آب مصوب کارگروه ملی سازگاری با کم‌آبی (۱۴۰۲),,وزارت نیرو و کارگروه ملی سازگاری با کم‌آبی,https://wsat.moe.gov.ir/resolutions/zayandeh-water-accounting-allocation-1402,,,,,"network_error, challenge, network_error",search_error,صفحه‌ها یا نتایج جست‌وجو با عنوان/اطلاعات منبع تطبیق محتوایی کافی نداشتند.
S952,,رد,صورتجلسه کارگروه نجات زاینده‌رود در خصوص بازتخصیص آب و اولویت تأمین حق‌آبه زیست‌محیطی گاوخونی از محل خط انتقال دریای عمان,,استانداری اصفهان و اداره کل حفاظت محیط زیست استان اصفهان,https://isfahan.ostan-es.ir/minutes/zayandeh-rescue-taskforce-oman-sea-gavkhouni-1402,,,,,"http_error, challenge, http_error",search_error,صفحه‌ها یا نتایج جست‌وجو با عنوان/اطلاعات منبع تطبیق محتوایی کافی نداشتند.
S953,,رد,ابلاغیه رسمی سازمان انرژی اتمی ایران پیرامون ضرورت پایداری هیدرولیکی آبخوان زاینده‌رود برای پیشگیری از مخاطرات ژئوتکنیکی مجتمع هسته‌ای UCF,,سازمان انرژی اتمی ایران (مرکز نظام ایمنی هسته‌ای کشور),https://aeoi.org.ir/directives/nuclear-safety-zayandeh-aquifer-stability-1401,,,,,"http_error, challenge, http_error",search_error,صفحه‌ها یا نتایج جست‌وجو با عنوان/اطلاعات منبع تطبیق محتوایی کافی نداشتند.
S954,,رد,قطعنامه تشکل‌های مردمی و دانشگاهی اصفهان در کنفرانس بین‌المللی احیای رودخانه‌های خشکیده زاگرس و فلات مرکزی,,دانشگاه اصفهان با همکاری انجمن بین‌المللی علوم هیدرولوژی (IAHS),https://ui.ac.ir/conferences/dry-rivers-revitalization-resolution-1401,,,,,"http_error, challenge, http_error",search_error,صفحه‌ها یا نتایج جست‌وجو با عنوان/اطلاعات منبع تطبیق محتوایی کافی نداشتند.
S955,,رد,سند راهبردی وزارت جهاد کشاورزی در خصوص اصلاح الگوی کشت حوضه زاینده‌رود و جایگزینی کشت برنج و پیاز با گیاهان دارویی و کم‌آب‌بر,,وزارت جهاد کشاورزی (معاونت امور زراعت),https://maj.ir/strategic-plans/zayandeh-cropping-pattern-reform-1401,,,,,"http_error, challenge, http_error",search_error,صفحه‌ها یا نتایج جست‌وجو با عنوان/اطلاعات منبع تطبیق محتوایی کافی نداشتند.
S956,,رد,پیمان‌نامه همکاری علمی و پایش مشترک آبخوان زاینده‌رود میان دانشگاه صنعتی اصفهان و انستیتو زمین‌شناسی فدرال سوئیس (ETH Zurich),,دانشگاه صنعتی اصفهان و دانشگاه ETH زوریخ سوئیس,https://iut.ac.ir/agreements/eth-zurich-zayandeh-aquifer-monitoring-1400,,,,,"http_error, challenge, http_error",search_error,صفحه‌ها یا نتایج جست‌وجو با عنوان/اطلاعات منبع تطبیق محتوایی کافی نداشتند.
S957,,رد,دستورالعمل نظارتی دادستانی انتظامی قضات در خصوص رسیدگی خارج از نوبت به شکایات تجاوز به حریم کمی و کیفی زاینده‌رود,,دادستانی انتظامی قضات و قوه قضاییه,https://dadiran.ir/directives/disciplinary-prosecutor-zayandeh-expedited-review-1401,,,,,"network_error, live_html, network_error",search_error,صفحه‌ها یا نتایج جست‌وجو با عنوان/اطلاعات منبع تطبیق محتوایی کافی نداشتند.
S958,,رد,سند مصوبه هیئت وزیران پیرامون انتشار اوراق مالی اسلامی جهت تکمیل ایستگاه‌های پمپاژ و خط لوله انتقال آب دریای عمان به صنایع اصفهان,,نهاد ریاست جمهوری و وزارت امور اقتصادی و دارایی,https://dolat.ir/decrees/cabinet-resolution-oman-sea-islamic-bonds-1402,,,,,"challenge, challenge, challenge",search_error,صفحه‌ها یا نتایج جست‌وجو با عنوان/اطلاعات منبع تطبیق محتوایی کافی نداشتند.
S959,,رد,سند تاریخی وقف‌نامه آب زاینده‌رود به مزارع و عتبات عالیات در عصر ناصری و بازخوانی جایگاه فقهی وقف آب در حقوق موضوعه,,سازمان اوقاف و امور خیریه کشور (اداره کل اوقاف استان اصفهان),https://oghaf.ir/studies/zayandehrud-waqf-deeds-historical-jurisprudence-1399,,,,,"http_error, challenge, http_error",search_error,صفحه‌ها یا نتایج جست‌وجو با عنوان/اطلاعات منبع تطبیق محتوایی کافی نداشتند.
S960,,رد,تفاهم‌نامه مشترک شرکت آب و فاضلاب استان اصفهان و صنایع پتروشیمی برای بازچرخانی سالانه ۳۰ میلیون مترمکعب پساب بهداشتی شهری,,شرکت آب و فاضلاب استان اصفهان و شرکت ملی صنایع پتروشیمی,https://abfa-esfahan.ir/treaties/petrochemical-effluent-recycling-mou-1402,,,,,"network_error, challenge, network_error",search_error,صفحه‌ها یا نتایج جست‌وجو با عنوان/اطلاعات منبع تطبیق محتوایی کافی نداشتند.
S961,,رد,ابلاغیه شورای هماهنگی مدیریت بحران استان اصفهان در خصوص آماده‌باش پدافندی برای مقابله با ریزگردهای نمکی شرق اصفهان,,اداره کل مدیریت بحران استانداری اصفهان,https://isfahan.ostan-es.ir/crisis-management/directives/salt-dust-storms-alert-1402,,,,,"http_error, challenge, http_error",search_error,صفحه‌ها یا نتایج جست‌وجو با عنوان/اطلاعات منبع تطبیق محتوایی کافی نداشتند.
S962,,رد,سند تاییدیه ژئوتکنیکی شرکت مهندسی آب و نیرو پیرامون تغییر شیوه انتقال آب بهشت‌آباد از تونل عمیق به خط لوله و پمپاژ روزمینی,,شرکت توسعه منابع آب و نیروی ایران (طرح بهشت‌آباد),https://iwpc.ir/technical-reports/beheshtabad-pipeline-clearance-shift-1400,,,,,"network_error, challenge, network_error",search_error,صفحه‌ها یا نتایج جست‌وجو با عنوان/اطلاعات منبع تطبیق محتوایی کافی نداشتند.
S963,,رد,سند دستور دادستان کل کشور پیرامون توقف هرگونه تصرف عدوانی در بستر تالاب بین‌المللی گاوخونی و خلع ید از معادن نمک غیرمجاز,,دادستانی کل کشور (معاونت پیگیری حقوق عامه),https://dadsetani.ir/directives/prosecutor-general-gavkhouni-salt-mines-ban-1401,,,,,"network_error, live_html, network_error",no_results,صفحه‌ها یا نتایج جست‌وجو با عنوان/اطلاعات منبع تطبیق محتوایی کافی نداشتند.
S964,,رد,گزارش تفصیلی مرکز پژوهش‌های مجلس درباره ارزیابی فنی و اقتصادی گزینه‌های ۵گانه تأمین آب فلات مرکزی: مقایسه تونل‌های زاگرس و خط لوله مکران,,مرکز پژوهش‌های مجلس شورای اسلامی (دفتر مطالعات زیربنایی),https://rc.majlis.ir/fa/report/show/1765421/central-plateau-water-options-assessment,,,,,"challenge, challenge, challenge",no_results,صفحه‌ها یا نتایج جست‌وجو با عنوان/اطلاعات منبع تطبیق محتوایی کافی نداشتند.
S965,,رد,گزارش کارشناسی اداره کل راه و شهرسازی استان اصفهان در خصوص نرخ فرونشست زمین در پهنه خطوط قطار شهری و ابنیه تاریخی میدان نقش جهان,,اداره کل راه و شهرسازی استان اصفهان (شورای فنی استان),https://isfahan.mrud.ir/reports/metro-heritage-subsidence-assessment-1402,,,,,"network_error, http_error, network_error",search_error,لینک‌های ارائه‌شده در دسترس نبودند و منبع هم‌عنوان مستقلی پیدا نشد.
S966,,رد,گزارش فنی پژوهشکده علوم هوانوردی پیرامون شکاف‌های ناشی از فرونشست زمین در باندهای پروازی فرودگاه بین‌المللی شهید بهشتی اصفهان,,شرکت فرودگاه‌ها و ناوبری هوایی ایران و سازمان هواپیمایی کشوری,https://airport.ir/reports/isfahan-airport-runway-subsidence-assessment-1402,,,,,"http_error, http_error, http_error","no_results, search_error",لینک‌های ارائه‌شده در دسترس نبودند و منبع هم‌عنوان مستقلی پیدا نشد.
S967,,رد,گزارش ارزیابی راهبردی زیست‌محیطی (SEA) اثرات تجمعی سدهای انحرافی و بندهای آبخیزداری بالادست بر کاهش ضریب رواناب زاینده‌رود,,پژوهشکده حفاظت خاک و آبخیزداری کشور,https://scwmri.ac.ir/reports/sea-upstream-watershed-structures-zayandeh-1400,,,,,"http_error, http_error, http_error",search_error,لینک‌های ارائه‌شده در دسترس نبودند و منبع هم‌عنوان مستقلی پیدا نشد.
S968,,رد,گزارش پایش هیدرولوژیک دفتر مطالعات پایه منابع آب درباره افت کیفیت شیمیایی و افزایش هدایت الکتریکی (EC) آبخوان زاینده‌رود در دوره ۱۳۹۰-۱۴۰۲,,شرکت مدیریت منابع آب ایران (دفتر مطالعات پایه منابع آب),https://wrm.ir/reports/zayandeh-aquifer-salinity-surge-1402,,,,,"http_error, http_error, http_error",no_results,لینک‌های ارائه‌شده در دسترس نبودند و منبع هم‌عنوان مستقلی پیدا نشد.
S969,,رد,گزارش میدانی مرکز بررسی‌های استراتژیک ریاست جمهوری پیرامون ابعاد اجتماعی، فقر معیشتی و ناآرامی‌های شهری در شرق اصفهان ناشی از خشکی رودخانه,مرکز بررسی‌های استراتژیک ریاست جمهوری,مرکز بررسی‌های استراتژیک ریاست جمهوری,https://css.ir/reports/east-isfahan-social-unrest-water-crisis-1400,https://www.noormags.ir/view/fa/publisher/563/%D9%85%D8%B1%DA%A9%D8%B2-%D8%A8%D8%B1%D8%B1%D8%B3%DB%8C-%D9%87%D8%A7%DB%8C-%D8%A7%D8%B3%D8%AA%D8%B1%D8%A7%D8%AA%DA%98%DB%8C%DA%A9-%D8%B1%DB%8C%D8%A7%D8%B3%D8%AA-%D8%AC%D9%85%D9%87%D9%88%D8%B1%DB%8C,search_index,0.685,,"http_error, http_error, http_error","ok, search_error",لینک‌های ارائه‌شده در دسترس نبودند و منبع هم‌عنوان مستقلی پیدا نشد.
S970,,رد,گزارش کارشناسی سازمان بازرسی منطقه ۶ کشور پیرامون انحراف عملکرد شرکت آب منطقه‌ای چهارمحال در پایش کنتورهای هوشمند در حاشیه زاینده‌رود,,سازمان بازرسی کل کشور (منطقه ۶ - غرب و زاگرس),https://bazresi.ir/reports/zone6-chaharmahal-water-metering-malpractice-1400,,,,,"network_error, challenge, network_error",search_error,صفحه‌ها یا نتایج جست‌وجو با عنوان/اطلاعات منبع تطبیق محتوایی کافی نداشتند.
S971,,رد,گزارش تخصصی پژوهشگاه بین‌المللی زلزله‌شناسی پیرامون خطرات تحریک گسل‌های فعال در پی احداث و آبگیری سد مخزنی خرسان ۳,,پژوهشگاه بین‌المللی زلزله‌شناسی و مهندسی زلزله (IIEES),https://iiees.ac.ir/reports/khersan3-dam-induced-seismicity-assessment-1401,,,,,"http_error, network_error, http_error",no_results,لینک‌های ارائه‌شده در دسترس نبودند و منبع هم‌عنوان مستقلی پیدا نشد.
S972,,رد,گزارش آسیب‌شناسی اقتصادی طرح نکاشت کشاورزان اصفهان و ناکارآمدی پرداخت‌های نقدی در احیای بافت تولیدی روستاها,,موسسه پژوهش‌های برنامه‌ریزی، اقتصاد کشاورزی و توسعه روستایی,https://aperdri.maj.ir/reports/zayandeh-fallow-compensation-pathology-1401,,,,,"network_error, http_error, network_error",search_error,لینک‌های ارائه‌شده در دسترس نبودند و منبع هم‌عنوان مستقلی پیدا نشد.
S973,,رد,گزارش ارزیابی فنی بازده آبیاری در شبکه‌های مدرن نکوآباد و آبشار و مقایسه آن با هدررفت آب در کانال‌های سنتی خاکی,,دانشکده کشاورزی دانشگاه صنعتی اصفهان,https://agri.iut.ac.ir/reports/irrigation-efficiency-nekoabad-abshar-canals-1400,,,,,"http_error, http_error, http_error",search_error,لینک‌های ارائه‌شده در دسترس نبودند و منبع هم‌عنوان مستقلی پیدا نشد.
S974,,رد,گزارش میدانی اداره کل حفاظت محیط زیست خوزستان پیرامون افت تراز آب کارون در مقطع ملاثانی و شوشتر و ناترازی آبگیر پمپ‌های تصفیه‌خانه شرب,,اداره کل حفاظت محیط زیست استان خوزستان,https://khz-doe.ir/reports/karun-water-level-drop-mollasani-intakes-1401,,,,,"network_error, http_error, network_error",search_error,لینک‌های ارائه‌شده در دسترس نبودند و منبع هم‌عنوان مستقلی پیدا نشد.
S975,,رد,گزارش تحلیلی دیوان محاسبات کشور در خصوص عملکرد ردیف‌های متفرقه جدول شماره ۹ قوانین بودجه در تخصیص اعتبارات تونل سوم کوهرنگ,,دیوان محاسبات کشور (معاونت امور اقتصادی و زیربنایی),https://dmk.ir/reports/table9-budget-irregularities-koohrang3-1401,,,,,"http_error, challenge, http_error",search_error,صفحه‌ها یا نتایج جست‌وجو با عنوان/اطلاعات منبع تطبیق محتوایی کافی نداشتند.
S976,,رد,گزارش فنی دانشگاه علوم پزشکی اصفهان در خصوص پایش غلظت کادمیوم، سرب و نیترات در منابع آب شرب چاه‌های بحرانی دشت برخوار و فلاورجان,,معاونت بهداشتی دانشگاه علوم پزشکی اصفهان (مرکز سلامت محیط و کار),https://mui.ac.ir/reports/health-monitoring-drinking-wells-borkhar-1402,,,,,"http_error, http_error, http_error",search_error,لینک‌های ارائه‌شده در دسترس نبودند و منبع هم‌عنوان مستقلی پیدا نشد.
S977,,رد,دادخواست و شکواییه حقوقی مجمع کشاورزان حق‌آبه‌دار اصفهان به دیوان عدالت اداری جهت ابطال پروانه‌های حفر چاه در حریم آبخوان زاینده‌رود,,دیوان عدالت اداری (هیئت عمومی دیوان عدالت اداری),https://divan-edalat.ir/petitions/isfahan-farmers-deep-well-permits-annulment-1400,,,,,"http_error, http_error, http_error","no_results, search_error",لینک‌های ارائه‌شده در دسترس نبودند و منبع هم‌عنوان مستقلی پیدا نشد.
S978,,رد,شکواییه رسمی انجمن دوستداران میراث فرهنگی اصفهان به سازمان بازرسی کل کشور در خصوص ترک فعل وزارت نیرو در حفاظت از پل‌های تاریخی خواجو و سی‌وسه‌پل,,سازمان بازرسی کل کشور (دفتر بازرسی امور میراث فرهنگی و گردشگری),https://bazresi.ir/complaints/heritage-friends-zayandeh-bridges-dereliction-1401,,,,,"network_error, http_error, network_error",search_error,لینک‌های ارائه‌شده در دسترس نبودند و منبع هم‌عنوان مستقلی پیدا نشد.
S979,,رد,شکواییه کیفری صنف کشاورزان شهرستان لنجان به دادسرای عمومی و انقلاب زرین‌شهر علیه برداشت‌های مازاد کارخانجات فولاد و صنایع شهرک صنعتی اشترجان,,دادسرای عمومی و انقلاب شهرستان لنجان (زرین‌شهر),https://dadgostari-es.ir/lawsuits/lenjan-farmers-industrial-water-theft-1401,,,,,"network_error, http_error, network_error",search_error,لینک‌های ارائه‌شده در دسترس نبودند و منبع هم‌عنوان مستقلی پیدا نشد.
S980,,رد,دادخواست اهالی و معتمدین شهرستان سمیرم به دیوان عدالت اداری پیرامون توقف عملیات اجرایی سد ماندگان به علت تهدید اراضی کشاورزی پادنا,,دیوان عدالت اداری (شعبه ویژه رسیدگی به دعاوی منابع طبیعی),https://divan-edalat.ir/lawsuits/semirom-residents-mandegan-dam-halt-1402,,,,,"http_error, http_error, http_error",search_error,لینک‌های ارائه‌شده در دسترس نبودند و منبع هم‌عنوان مستقلی پیدا نشد.
S981,,رد,شکواییه مجمع تشکل‌های کشاورزی خوزستان به کمیسیون اصل نود مجلس شورای اسلامی پیرامون پیامدهای کاهش خروجی سد دز و کارون بر طرح ۵۵۰ هزار هکتاری رهبری,,کمیسیون اصل نود قانون اساسی مجلس شورای اسلامی,https://majlis.ir/article90/complaints/khuzestan-550k-hectare-plan-water-deficit-1401,,,,,"challenge, challenge, challenge",search_error,صفحه‌ها یا نتایج جست‌وجو با عنوان/اطلاعات منبع تطبیق محتوایی کافی نداشتند.
S982,,رد,شکواییه و اعلام جرم دادستان عمومی و انقلاب شهرستان سامان علیه تخریب سواحل و تصرفات غیرمجاز در حاشیه زاینده‌رود بالادست,,دادسرای عمومی و انقلاب شهرستان سامان (استان چهارمحال و بختیاری),https://chb-dadgostari.ir/prosecutor/saman-zayandeh-riparian-encroachment-indictment-1402,,,,,"network_error, live_html, network_error",no_results,صفحه‌ها یا نتایج جست‌وجو با عنوان/اطلاعات منبع تطبیق محتوایی کافی نداشتند.
S983,,رد,دادخواست کانون وکلای دادگستری چهارمحال و بختیاری به دیوان عدالت اداری در خصوص ابطال مصوبات انتقال آب حوضه خرسان به فلات مرکزی,,دیوان عدالت اداری (هیئت عمومی) و کانون وکلای دادگستری استان چهارمحال و بختیاری,https://chb-bar.ir/lawsuits/bar-association-khersan3-annulment-petition-1401,,,,,"network_error, http_error, network_error",search_error,لینک‌های ارائه‌شده در دسترس نبودند و منبع هم‌عنوان مستقلی پیدا نشد.
S984,,رد,شکواییه رسمی صنف باغداران نجف‌آباد و تیران به دادگستری کل استان اصفهان علیه قطع ناگهانی جریان آب کانال چشمه‌لنگان در فصل باردهی باغات,,دادگستری کل استان اصفهان و نظام صنفی کشاورزی شهرستان نجف‌آباد,https://dadgostari-es.ir/lawsuits/najafabad-orchardists-cheshmeh-langan-complaint-1401,,,,,"network_error, live_html, network_error",no_results,صفحه‌ها یا نتایج جست‌وجو با عنوان/اطلاعات منبع تطبیق محتوایی کافی نداشتند.
S985,,رد,شکواییه تشکل‌های دانشجویی دانشگاه‌های اصفهان به قوه قضاییه پیرامون ابهام در هزینه‌کرد عوارض آب در صندوق توسعه ملی,,دفتر دادستان کل کشور و مجمع تشکل‌های دانشجویی استان اصفهان,https://dadsetani.ir/complaints/students-ndf-water-funds-investigation-1402,,,,,"network_error, http_error, network_error",search_error,لینک‌های ارائه‌شده در دسترس نبودند و منبع هم‌عنوان مستقلی پیدا نشد.
S986,,رد,دادخواست کشاورزان روستاهای حاشیه تالاب گاوخونی به دادگاه حقوقی ورزنه جهت مطالبه غرامت آلودگی محیط‌زیستی از شرکت‌های تصفیه پساب صنعتی,,دادگاه عمومی بخش بن‌رود (ورزنه) و دادگستری استان اصفهان,https://dadgostari-es.ir/lawsuits/varzaneh-villagers-industrial-effluent-damages-1401,,,,,"network_error, live_html, network_error",search_error,صفحه‌ها یا نتایج جست‌وجو با عنوان/اطلاعات منبع تطبیق محتوایی کافی نداشتند.
S987,,رد,شکواییه مجمع نمایندگان استان خوزستان به ریاست مجلس شورای اسلامی پیرامون پنهان‌کاری در قراردادهای خطوط انتقال آب سرشاخه‌ها و دور زدن مجوزهای محیط‌زیستی,,مجلس شورای اسلامی (دفتر رئیس مجلس شورای اسلامی),https://majlis.ir/statements/khuzestan-mps-water-transfer-contracts-secrecy-1400,,,,,"challenge, challenge, challenge",no_results,صفحه‌ها یا نتایج جست‌وجو با عنوان/اطلاعات منبع تطبیق محتوایی کافی نداشتند.
S988,,رد,شکواییه شورای روستاهای دهستان بیرگان به بازرسی ویژه وزارت جهاد کشاورزی در خصوص نابودی مراتع درجه یک کوهرنگ بر اثر تردد ماشین‌آلات سنگین کارگاه سد کوهرنگ ۳,,دفتر بازرسی و پاسخگویی به شکایات وزارت جهاد کشاورزی,https://maj.ir/complaints/birgan-pastures-destruction-koohrang3-1399,,,,,"http_error, http_error, http_error","no_results, search_error",لینک‌های ارائه‌شده در دسترس نبودند و منبع هم‌عنوان مستقلی پیدا نشد.
S989,,رد,مصاحبه با دکتر عزت‌الله ضرغامی (وزیر میراث فرهنگی، گردشگری و صنایع دستی): زاینده‌رود روح زنده میراث فرهنگی ایران است؛ فرونشست اصفهان فاجعه‌ای در مقیاس تمدن بشری است,,خبرگزاری جمهوری اسلامی (ایرنا),https://irna.ir/news/85231940/zarghami-interview-zayandeh-cultural-heritage-disaster,,,,,"challenge, challenge, challenge",search_error,صفحه‌ها یا نتایج جست‌وجو با عنوان/اطلاعات منبع تطبیق محتوایی کافی نداشتند.
S990,,رد,مصاحبه اختصاصی با دکتر بهرام نادی (عضو کارگروه فرونشست زمین و استاد ژئوتکنیک): نرخ فرونشست اصفهان رکورد جهانی را شکست؛ اگر زاینده‌رود جاری نشود ظرف ۱۰ سال آینده اصفهان باید تخلیه شود,,پایگاه خبری تحلیلی جماران,https://jamaran.news/fa/tiny/news-1598412/dr-nadi-interview-isfahan-subsidence-evacuation,,,,,"http_error, challenge, http_error",search_error,صفحه‌ها یا نتایج جست‌وجو با عنوان/اطلاعات منبع تطبیق محتوایی کافی نداشتند.
S991,,رد,مصاحبه تحلیلی با مهندس محسن حیدری (مدیرعامل پیشین شرکت توسعه آب آسیا): خط انتقال دریای عمان به اصفهان؛ چالش‌های عبور از رشته‌کوه زاگرس و کویر و زمان‌بندی ورود نخستین قطره آب,,ماهنامه تخصصی توسعه انرژی و آب,https://energywater.ir/interviews/heidari-oman-sea-isfahan-pipeline-challenges-1402,,,,,"network_error, challenge, network_error",search_error,صفحه‌ها یا نتایج جست‌وجو با عنوان/اطلاعات منبع تطبیق محتوایی کافی نداشتند.
S992,,رد,مصاحبه تفصیلی با دکتر علی مریدی (مدیرکل دفتر حفاظت و مدیریت زیست‌محیطی آب و خاک سازمان محیط زیست): چرا سازمان محیط زیست با روش تونلی بهشت‌آباد مخالفت کرد؟ خطوط قرمز اکولوژیک زاگرس,هشتمین جلسه رسیدگی به پرونده تخلفات شهرداری شهریار برگزار شد - خبرگزاری مهر | اخبار ایران و جهان | Mehr News Agency,خبرگزاری مهر,https://mehrnews.com/news/5425189/interview-ali-moridi-why-doe-vetoed-beheshtabad-tunnel,https://www.mehrnews.com/news/5425189/%D9%87%D8%B4%D8%AA%D9%85%DB%8C%D9%86-%D8%AC%D9%84%D8%B3%D9%87-%D8%B1%D8%B3%DB%8C%D8%AF%DA%AF%DB%8C-%D8%A8%D9%87-%D9%BE%D8%B1%D9%88%D9%86%D8%AF%D9%87-%D8%AA%D8%AE%D9%84%D9%81%D8%A7%D8%AA-%D8%B4%D9%87%D8%B1%D8%AF%D8%A7%D8%B1%DB%8C-%D8%B4%D9%87%D8%B1%DB%8C%D8%A7%D8%B1-%D8%A8%D8%B1%DA%AF%D8%B2%D8%A7%D8%B1-%D8%B4%D8%AF,live_page,0.1761,,"live_html, http_error",no_results,صفحه‌ها یا نتایج جست‌وجو با عنوان/اطلاعات منبع تطبیق محتوایی کافی نداشتند.
S993,,رد,مصاحبه با مهندس سید رضا مرتضوی (استاندار اصفهان در دولت سیزدهم): دیپلماسی استانی آب، جذب سرمایه بخش خصوصی برای انتقال آب دریا و پیگیری حقوق کشاورزان در شورای عالی آب,,روزنامه ایران (روزنامه رسمی دولت),https://irannewspaper.ir/interviews/governor-mortazavi-isfahan-water-diplomacy-1402,,,,,"http_error, challenge, http_error",search_error,صفحه‌ها یا نتایج جست‌وجو با عنوان/اطلاعات منبع تطبیق محتوایی کافی نداشتند.
S994,,رد,مصاحبه با دکتر احمد حیدری (معاون حقوقی، پشتیبانی و مجلس وزارت نیرو): بازخوانی جایگاه حقوقی طومار شیخ بهایی در برابر قوانین مدرن توزیع آب و استراتژی وزارت نیرو در حل منازعات بین‌استانی,,خبرگزاری تسنیم,https://tasnimnews.com/fa/news/1401/10/26/2838192/interview-heidari-moe-sheikh-bahai-scroll-legal-status,,,,,"network_error, http_error, network_error",no_results,لینک‌های ارائه‌شده در دسترس نبودند و منبع هم‌عنوان مستقلی پیدا نشد.
S995,,رد,مصاحبه اختصاصی با حاج محمود حسینی (استاندار اسبق اصفهان در دولت اصلاحات): ناگفته‌های اجرای خط اول انتقال آب به یزد، طرح‌های کوهرنگ و چرایی تعمیق تنش‌های آبی میان اصفهان و همسایگان,خسارت حدود 2 هزار میلیارد تومانی سیل به سیستان و بلوچستان,پایگاه خبری تحلیلی عصر ایران,https://asriran.com/fa/news/823912/mahmoud-hosseini-untold-yazd-water-pipeline-history,https://www.asriran.com/fa/news/823912/%D8%AE%D8%B3%D8%A7%D8%B1%D8%AA-%D8%AD%D8%AF%D9%88%D8%AF-2-%D9%87%D8%B2%D8%A7%D8%B1-%D9%85%DB%8C%D9%84%DB%8C%D8%A7%D8%B1%D8%AF-%D8%AA%D9%88%D9%85%D8%A7%D9%86%DB%8C-%D8%B3%DB%8C%D9%84-%D8%A8%D9%87-%D8%B3%DB%8C%D8%B3%D8%AA%D8%A7%D9%86-%D9%88-%D8%A8%D9%84%D9%88%DA%86%D8%B3%D8%AA%D8%A7%D9%86,live_page,0.2328,,"live_html, http_error",no_results,صفحه‌ها یا نتایج جست‌وجو با عنوان/اطلاعات منبع تطبیق محتوایی کافی نداشتند.
S996,,رد,مصاحبه با دکتر مسعود باقرزاده کریمی (مدیر پیشین اکوسیستم‌های تالابی سازمان محیط زیست): کالبدشکافی مرگ تالاب بین‌المللی گاوخونی و شادگان؛ قربانیان اصلی سدسازی و غارت سرشاخه‌ها,,خبرگزاری دانشجویان ایران (ایسنا),https://isna.ir/news/1401070503219/bagherzadeh-karimi-gavkhouni-shadegan-autopsy,,,,,"challenge, challenge, challenge",search_error,صفحه‌ها یا نتایج جست‌وجو با عنوان/اطلاعات منبع تطبیق محتوایی کافی نداشتند.
S997,,رد,مصاحبه تحلیلی با دکتر سمیه رفیعی (رئیس فراکسیون محیط زیست مجلس شورای اسلامی): تحقیق و تفحص مجلس از طرح‌های انتقال آب؛ لزوم شفاف‌سازی بودجه‌ها و پایان باج‌گیری‌های منطقه‌ای,مصاحبه خانم سمیه رفیعی رییس فراکسیون محیط زیست مجلس شورای اسلامی,خبرگزاری خانه ملت (مجلس شورای اسلامی),https://icana.ir/news/512948/somayeh-rafiei-water-transfers-parliamentary-probe,https://www.aparat.com/v/n6785m2,search_index,0.6464,,"http_error, live_html, http_error","ok, search_error",صفحه‌ها یا نتایج جست‌وجو با عنوان/اطلاعات منبع تطبیق محتوایی کافی نداشتند.
S998,,رد,مصاحبه با مهندس ناصر کرمی (اقلیم‌شناس و پژوهشگر محیط زیست): فلات مرکزی در آستانه ورشکستگی مطلق اکولوژیک؛ چرا طرح‌های انتقال آب به اصفهان دیر و ناکافی هستند؟,,شبکه رادیویی گفتگو (صدا و سیمای جمهوری اسلامی ایران),https://radiogoftogoo.ir/interviews/nasser-karami-central-plateau-ecological-bankruptcy-1401,,,,,"http_error, challenge, http_error",search_error,صفحه‌ها یا نتایج جست‌وجو با عنوان/اطلاعات منبع تطبیق محتوایی کافی نداشتند.
S999,,رد,مصاحبه تفصیلی با مهندس احمد تیموری (رئیس سازمان نظام مهندسی کشاورزی اصفهان): گذار از کشاورزی سنتی به کشاورزی هوشمند گلخانه‌ای؛ کاهش ۸۰ درصدی مصرف آب کشاورزی اصفهان چگونه ممکن است؟,,ماهنامه تخصصی برزگر,https://barzegarmag.ir/interviews/teimouri-smart-greenhouses-zayandeh-water-cut-1402,,,,,"network_error, challenge, network_error",search_error,صفحه‌ها یا نتایج جست‌وجو با عنوان/اطلاعات منبع تطبیق محتوایی کافی نداشتند.
S1000,,رد,مصاحبه تاریخی با دکتر مجید مخدوم (بنیانگذار دانش ارزیابی محیط‌زیست در ایران): مرثیه‌ای برای زاینده‌رود و کارون؛ پنجاه سال هشدار کارشناسی که شنیده نشد و آغاز عصر بیابان‌زایی سراسری ایران,روزنامه اعتماد :: اپوزيسيون هستيد يا نيروي سياسي؟,روزنامه اعتماد,https://etemadnewspaper.ir/fa/main/detail/198742/prof-makhdoum-historic-elegy-zayandeh-karun,https://etemadnewspaper.ir/fa/main/detail/198742/prof-makhdoum-historic-elegy-zayandeh-karun,live_page,0.1947,,"live_html, http_error",search_error,صفحه‌ها یا نتایج جست‌وجو با عنوان/اطلاعات منبع تطبیق محتوایی کافی نداشتند.
